Year,Yield,District_Belagavi,District_ChickkaManglur,District_Dakshinakannada,District_Davanagere,District_Hassan,District_Kodagu,District_Mysuru,District_Shivamogga,District_Udupi,District_Uttarkannada,Tmax_cA_1,Tmax_cA_2,Tmax_cA_3,Tmax_cA_4,Tmax_cA_5,Tmax_cD_1,Tmax_cD_2,Tmax_cD_3,Tmax_cD_4,Tmax_cD_5,Tmin_cA_1,Tmin_cA_2,Tmin_cA_3,Tmin_cA_4,Tmin_cA_5,Tmin_cD_1,Tmin_cD_2,Tmin_cD_3,Tmin_cD_4,Tmin_cD_5,Rain_cA_1,Rain_cA_2,Rain_cA_3,Rain_cA_4,Rain_cA_5,Rain_cD_1,Rain_cD_2,Rain_cD_3,Rain_cD_4,Rain_cD_5,RHI_cA_1,RHI_cA_2,RHI_cA_3,RHI_cA_4,RHI_cA_5,RHI_cD_1,RHI_cD_2,RHI_cD_3,RHI_cD_4,RHI_cD_5,RHII_cA_1,RHII_cA_2,RHII_cA_3,RHII_cA_4,RHII_cA_5,RHII_cD_1,RHII_cD_2,RHII_cD_3,RHII_cD_4,RHII_cD_5
1985.0,2724.0,0.0,0.0,0.0,0.0,0.0,0.0,0.0,0.0,0.0,0.0,1.354426676,1.6637502765,1.8764218645000001,2.0345568099999998,1.2204412425,0.29233050399999994,0.46586756900000004,0.12361938699999997,0.9914231619999998,-2.440882485,0.661098791,0.819012806,0.5769645290000001,1.131186856,0.2203145895,0.0018675820000000343,0.6816722260000001,-0.10644972799999997,0.16894697599999997,-0.440629179,-0.8677787905000001,-0.7822159925,-0.5571153609999999,0.42938619100000003,-0.2310727915,0.08786928299999996,-0.0066535229999999945,-0.17406445999999998,0.29316924600000005,0.462145583,-2.7387851635000002,-2.2364770015,-1.778155321,-2.1007166795,-0.5800697,-1.0762093810000004,0.080327767,-0.43750537199999995,-0.12385686899999993,1.1601394,-2.8543647615000003,-2.169587664,-2.2798481585,-2.3798859205,-0.828868666,-0.14959839899999983,-0.09516964399999983,-0.20265893699999982,-0.7307819850000001,1.657737332
1986.0,2715.0,0.0,0.0,0.0,0.0,0.0,0.0,0.0,0.0,0.0,0.0,1.244361294,1.0060352435,2.379268343,1.2091858255,0.4928784335,-0.438710884,1.035446923,-0.585764138,-0.5827217530000001,-0.985756867,0.5012507535,0.7972733009999999,0.42125577200000003,0.5504273245,0.466427675,-0.030005689000000058,0.903612878,-0.24303763,-0.301908643,-0.93285535,-0.7984134224999999,-0.8165537565000001,-0.748255899,0.4086451475,-0.2408904005,-0.22290820700000002,-0.05902373900000002,0.16385752599999992,2.084879409,0.481780801,-2.0952543905,-1.786326201,-2.0788173125,-1.5345839755,-0.821868214,0.6102784270000001,-0.6188927479999997,0.13850696500000037,0.44081285700000006,1.643736428,-2.4706897495,-1.7504125865,-3.0940890889999997,-1.443453157,-0.2743253355,0.4809732330000003,-0.9184825730000001,0.39323942200000017,1.7081488079999998,0.548650671
1987.0,2602.0,0.0,0.0,0.0,0.0,0.0,0.0,0.0,0.0,0.0,0.0,2.3397543095,1.3925318359999999,1.3670357905,1.9452092300000001,0.775819526,-1.678324763,-0.07656931199999994,0.10530852099999999,-0.029839587999999972,-1.551639052,1.308700097,1.129237278,1.0883447725,1.4115596424999999,0.466427675,-1.2933350300000002,0.328915744,0.30440711499999995,-0.2199696830000002,-0.93285535,-0.38492358400000004,-0.7268745400000001,-0.7034297125,-0.672174446,-0.2245277185,-0.15719246199999998,-0.238382172,0.230766645,0.18653534000000005,0.449055437,-2.353048409,-1.9001319620000001,-2.473849742,-2.5852930335,-0.7070139195,1.19898653,0.16727735199999993,0.0932875339999999,0.518962159,1.414027839,-3.095578525,-2.1058188065000003,-2.1474607505,-2.177774867,-0.7722000045,1.9667635300000006,0.5291539410000001,-0.17966458099999993,0.3338496000000002,1.544400009
1988.0,2506.0,0.0,0.0,0.0,0.0,0.0,0.0,0.0,0.0,0.0,0.0,1.4500300235,1.646316279,0.8258427135,0.7919012409999999,0.250357497,0.848473359,0.1617125140000002,0.5950758090000001,-0.49812627799999987,-0.500714994,1.2704692575,1.194834593,0.6239513475,0.5069470045,0.130818922,0.4530810409999999,-0.15920216999999992,0.33718313299999997,0.04279536700000003,-0.261637844,-0.9669175274999999,-0.6404563855000001,0.666879942,-0.132745118,-0.0535376935,0.06540752500000002,-0.411218481,-2.666414156,-1.301733394,0.107075387,-2.397777612,-2.0512685185,-1.2261155270000001,-1.3293012814999998,-0.3261812605,-0.4176899399999998,0.022703603000000072,0.3061651380000001,-0.05677484700000002,0.652362521,-2.4553800900000002,-1.546406733,-1.111775127,-0.72776424,-0.6386238735,0.15987668600000005,0.07196773999999984,-0.8968279579999999,0.49788873399999994,1.277247747
1990.0,3117.0,0.0,0.0,0.0,0.0,0.0,0.0,0.0,0.0,0.0,0.0,1.4412914095,0.4301789025,0.8027456575,1.523925435,0.4322481995,-0.628748511,0.15302130099999994,0.048651055,0.8127280020000001,-0.864496399,1.3365490695000002,0.7961369005,0.79878096,0.8728157750000001,0.4888015915,-0.47010961100000004,0.37050075299999996,-0.012476091999999994,0.17020239599999998,-0.977603183,-0.6094681980000001,-0.743179852,-0.7156389215,-0.7745269655,-0.3881545375,0.843744846,-0.20577154799999997,0.22909148099999999,-0.018169698999999984,0.776309075,-2.333502364,-2.044984917,-2.1875822225,-1.9143448185,-1.1120264305,0.7211740439999998,-0.302656402,0.3054134949999998,-0.9317121649999998,2.224052861,-2.063207217,-1.2152130605,-1.5671283245,-1.890916361,-0.7114835815,1.608574624,-0.13930282500000013,0.013878437000000021,-0.33463216600000023,1.422967163
1991.0,2704.0,0.0,0.0,0.0,0.0,0.0,0.0,0.0,0.0,0.0,0.0,1.415475055,1.122520508,1.5528831455,0.9997436915,0.3918280435,-0.16947059400000009,0.056625681999999955,0.548464751,-0.388829593,-0.783656087,0.489338417,0.573817448,0.51468284,0.3137440945,0.28743634,-0.533535034,0.279754732,0.555720148,-0.429943383,-0.57487268,-0.881769455,-0.7908728899999999,-0.7439839775,0.916435453,-0.404517219,-0.07242696800000004,-0.11038547200000004,0.05615806900000009,3.2255252,0.809034438,-2.066981929,-2.034511761,-2.703447926,-1.734651302,-1.3477799815,0.4318667260000002,0.05621711800000018,-1.4471360679999998,0.44934709399999995,2.695559963,-1.4931291575,-1.5990370239999998,-1.8859363705,-1.2482519605,-0.5617164045,0.032702664999999964,-0.033292842000000045,-0.7365685370000001,0.10159873500000005,1.123432809
1993.0,2829.0,0.0,0.0,0.0,0.0,0.0,0.0,0.0,0.0,0.0,0.0,1.2921167055,1.5625262064999998,1.0389193545,1.436177539,0.63434898,0.8245956529999999,0.532706489,0.02076780900000008,-0.511723594,-1.26869796,-1.371127934,-1.5376491455,-1.7892565674999998,-1.494748854,-0.8983812535,0.6385199099999999,-0.3157764089999999,0.0563372230000001,-0.5072791379999999,1.796762507,-0.9466622415,-0.6845389205,-0.46140962350000003,-0.6465863165,0.176357987,0.060604769,-0.13577509099999996,-0.566396519,0.23771159900000005,-0.352715974,-2.4924185315000003,-1.881839571,-1.4699749999999998,-1.6892436475000001,-1.0757566535,-0.3015281670000003,-0.5395777219999998,-1.382917402,0.35853178500000005,2.151513307,-2.7029691815000003,-2.210181358,-1.4663864665,-1.483288924,-0.8693462815,-0.706557133,-0.5703596200000001,-0.187605279,1.3139965719999998,1.738692563
1995.0,3242.0,0.0,0.0,0.0,0.0,0.0,0.0,0.0,0.0,0.0,0.0,1.975402683,1.5608362485,1.2955742705,1.243885063,0.715189292,0.0015506439999999344,-0.41317813700000006,0.24823156099999988,0.022856098000000102,-1.430378584,1.464363275,1.0161835515,1.217827274,0.9807319375000001,0.6454190095,-0.022599331999999972,-0.604977475,-0.22336113800000001,-0.04562992900000007,-1.290838019,-0.912646727,-0.654906647,-0.466492245,-0.4473065535,-0.330885151,0.2555131199999999,0.11100054600000009,-0.39966978200000003,0.043857111000000004,0.661770302,-1.9388529010000002,-2.0064907635,-1.986976394,-1.7107621645000002,-0.9064976935,0.05374189400000007,0.06720215100000004,-0.8551475179999999,0.29279092500000004,1.812995387,-2.7576669775,-1.827586766,-1.5288834965,-1.7134251955,-0.950301512,-0.03436191299999969,0.4689183200000002,-0.9089911370000001,-0.15261422300000005,1.900603024
1996.0,3202.0,0.0,0.0,0.0,0.0,0.0,0.0,0.0,0.0,0.0,0.0,1.6816076295,1.003741729,0.996648999,1.186837194,0.796029604,-0.29409053500000004,-0.24825364000000005,-0.6354650619999999,0.061954465999999986,-1.592059208,1.4484266395,0.7934852994999999,-1.5046118785,-1.36640026,-0.764137752,-0.342295405,-0.873427537,-0.4233510730000001,0.18108270199999987,1.528275504,-0.876127369,-0.660962947,-0.0476595715,-0.738323887,-0.2736157645,0.32855183599999993,-0.06416517599999993,-0.999883531,-0.09057585599999995,0.547231529,-2.422708215,-0.8524630875000001,-0.747763015,-1.0381680485,-0.4470805175,0.7777189679999998,0.7306784270000001,1.0706519859999999,-0.791330363,0.894161035,-2.602967075,-1.349352804,-1.420412584,-1.5953547504999999,-0.5860029735,0.5095151360000001,0.4146839560000002,0.532971678,-0.262402107,1.172005947
1997.0,2989.0,0.0,0.0,0.0,0.0,0.0,0.0,0.0,0.0,0.0,0.0,2.159716888,1.916086184,2.352693017,2.415542473,0.9779203065,0.5161535179999999,-0.10660885600000003,0.5044695299999997,0.6044386839999998,-1.955840613,-1.8166260639999998,-1.9586545439999998,-2.0323801305,-1.8186019610000002,-1.0102508375,0.03534645199999997,0.16931110399999993,0.0945789330000002,0.22634153400000012,2.020501675,-0.9326638359999999,-0.757851787,-0.733904429,-0.703844695,-0.383245733,0.142977574,-0.153588858,0.19256046599999999,0.017876793999999974,0.766491466,-2.63707219,-2.167774735,-2.4393203459999997,-1.967812586,-1.0334419135,0.231512704,-0.5932930000000001,0.37859177399999977,-0.08508695600000027,2.066883827,-2.619044486,-2.0463852215,-2.7771455635,-2.568329026,-1.1364985425,0.3601216919999999,0.4253239969999998,-0.02058884900000013,-0.1327780139999999,2.272997085
1998.0,3341.0,0.0,0.0,0.0,0.0,0.0,0.0,0.0,0.0,0.0,0.0,1.6998544375,1.915603339,1.747440447,1.6970686480000001,0.3109877315,-0.33058415100000005,-0.37686160600000007,-0.06288192799999992,0.31644683799999984,-0.621975463,1.214610752,1.194455793,1.041357954,1.045272399,0.6901668435,-0.13834064000000001,-0.3369062119999999,-0.13922574600000004,-0.0028819380000000283,-1.380333687,-0.9376687955,-0.4723380855,-0.676704373,-0.470932433,0.239354312,0.16921831900000006,0.645712915,0.28169029599999995,0.49028369600000005,-0.478708624,-1.9451656625,-0.976416265,-1.4373174355,-1.5326874785,0.3387646525,0.017620706999999847,1.0009271240000002,0.6526340190000002,0.26297523300000014,-0.677529305,-2.0949405235,-1.810019606,-1.8022650114999998,-1.567364578,-0.104319351,1.7991250249999997,1.6517993080000002,0.36565862300000007,0.10805894199999999,0.208638702
1999.0,3582.0,0.0,0.0,0.0,0.0,0.0,0.0,0.0,0.0,0.0,0.0,2.5403766745,2.3206203304999997,2.0749029235,2.358094683,0.856659838,-0.10928431900000035,-0.576654097,-0.05111065700000017,0.7193342639999998,-1.713319676,1.214610752,1.35023093,1.372989462,0.9600902705,0.28743634,-0.13834064000000001,-0.20230238000000011,-0.17528118000000004,-0.7775767069999999,-0.57487268,-0.9279967915,-0.7151028435,-0.7482273340000001,-0.7745269655,1.5180978995,0.09793566899999995,-0.006130784999999972,0.0072389019999999915,-0.018169698999999984,-3.036195799,-2.4497651595,-1.8174184660000001,-1.932406028,-1.716912245,-0.5679797745,-0.2162214229999999,0.8508593960000002,0.0228659120000001,0.34860224400000006,1.135959549,-2.545657428,-2.2048427835,-1.8925653109999998,-2.6036730595,-0.845059712,0.9758502979999997,0.7422391210000001,-0.26626550000000004,-0.03050169500000033,1.690119424
2000.0,3454.0,0.0,0.0,0.0,0.0,0.0,0.0,0.0,0.0,0.0,0.0,1.6998544375,1.915603339,1.747440447,1.6970686480000001,0.3109877315,-0.33058415100000005,-0.37686160600000007,-0.06288192799999992,0.31644683799999984,-0.621975463,1.214610752,1.194455793,1.041357954,1.045272399,0.6901668435,-0.13834064000000001,-0.3369062119999999,-0.13922574600000004,-0.0028819380000000283,-1.380333687,-0.9376687955,-0.4723380855,-0.676704373,-0.470932433,0.239354312,0.16921831900000006,0.645712915,0.28169029599999995,0.49028369600000005,-0.478708624,-1.9451656625,-0.976416265,-1.4373174355,-1.5326874785,0.3387646525,0.017620706999999847,1.0009271240000002,0.6526340190000002,0.26297523300000014,-0.677529305,-2.0949405235,-1.810019606,-1.8022650114999998,-1.567364578,-0.104319351,1.7991250249999997,1.6517993080000002,0.36565862300000007,0.10805894199999999,0.208638702
2001.0,3397.0,0.0,0.0,0.0,0.0,0.0,0.0,0.0,0.0,0.0,0.0,2.5403766745,2.3206203304999997,2.055075665,1.3607802485,0.2907776535,-0.10928431900000035,-0.576654097,-0.23368821399999984,-0.5859211210000002,-0.581555307,1.1426550515,1.35023093,1.4625905449999999,1.131605329,0.3545580905,0.00557076099999998,-0.20230238000000011,0.003920986000000015,-0.17554779799999998,-0.709116181,-0.9279967915,-0.7151028435,-0.7608624755,0.111605252,-0.0363568775,0.09793566899999995,-0.006130784999999972,0.032509184999999996,-0.023147304000000007,0.072713755,-2.4497651595,-1.8174184660000001,-1.8233200245,-0.294251861,0.326674727,-0.2162214229999999,0.8508593960000002,-0.11937115899999995,1.854397204,-0.653349454,-2.545657428,-2.2048427835,-2.3417533440000002,-1.2150341034999999,-0.209561151,0.9758502979999997,0.7422391210000001,-1.2129976580000001,1.630369719,0.419122302
2002.0,3535.0,0.0,0.0,0.0,0.0,0.0,0.0,0.0,0.0,0.0,0.0,1.7980734895,1.5788738025,2.0722870855,2.1554512065,1.2002311645,-1.8858396169999998,0.22879285699999996,-0.34218841300000014,-0.3753261710000002,-2.400462329,1.4345021535,1.527366771,1.5505519204999998,1.281955629,0.891532095,-0.753908115,-0.4673432419999999,-0.08240068099999998,0.12515280200000012,-1.78306419,-0.9305006355,-0.8206300845000001,-0.7873962725,-0.6675633240000001,-0.404517219,0.219805303,-0.050871082999999984,0.08557677899999994,-0.23209698199999995,0.809034438,-1.7882748155,-2.191745781,-2.6048093195,-2.253256327,-1.1362062815,0.16693276299999993,0.14726172599999998,-0.024467989000000134,0.11595568999999983,2.272412563,-2.15994264,-2.162688376,-2.768494371,-2.7220413895,-1.0595910735,1.2392458440000003,-0.18415435199999974,-0.32566040800000007,-0.1886181790000001,2.119182147
2004.0,3607.0,0.0,0.0,0.0,0.0,0.0,0.0,0.0,0.0,0.0,0.0,1.7029621535000001,1.7474196375,1.721727553,1.1828379835,0.755609448,0.4784908349999999,0.02731040699999987,-0.9003844379999999,0.8199265809999999,-1.511218896,1.6941548635,1.5508108765,1.505751379,1.5184296225,0.600671176,-0.042720825000000184,0.11038429300000008,-0.172001764,0.42543492699999996,-1.201342352,-0.9424701874999999,-0.6552986285,-0.7361907675,-0.450567602,-0.147623114,0.14149020299999993,0.23739801699999996,0.147555337,0.05379096,0.295246228,-2.4136944835,-2.4214062785,-1.9371676999999998,-0.8683905384999999,-0.465215406,-0.8489499469999997,0.003339458999999767,1.5510879679999998,-0.04310645099999999,0.930430812,-2.005656776,-2.3001600895000003,-2.0842977195000003,-0.8420613795,-0.934110466,-1.0118923420000001,0.2261241110000003,1.9453799410000001,0.45798287700000007,1.868220932
2005.0,3220.0,0.0,0.0,0.0,0.0,0.0,0.0,0.0,0.0,0.0,0.0,1.6136667615,1.3088624745000002,1.251995996,0.6957550029999999,0.63434898,-0.429972271,0.3619878510000001,-0.5535401900000001,-0.23083643199999992,-1.26869796,1.7102520589999999,1.5956156875,1.1735733019999999,1.4977879550000002,0.6454190095,-0.778053908,0.2884671349999999,-0.22445427600000012,-0.3065118499999999,-1.290838019,-0.7560192575,-0.8002484445,-0.051993672000000005,-0.7062919525,-0.404517219,0.5687680589999999,-0.09163436300000005,0.14124614,0.11830032700000004,0.809034438,-2.1379077625000003,-1.7644957355,-0.33994158,-1.588972922,-0.688879031,0.524971683,-0.3274185329999999,0.20438582600000002,0.332034964,1.377758062,-2.0957835545,-1.6254048055,-0.825159981,-1.007689428,-0.5617164045,0.8204504449999999,-0.8226419370000002,0.93366072,0.31541520199999995,1.123432809
2006.0,3245.0,0.0,0.0,0.0,0.0,0.0,0.0,0.0,0.0,0.0,0.0,1.5670804170000001,2.069370825,2.3533469765,1.457726329,0.694979214,0.20672736199999986,0.6038910160000002,0.5772389690000002,-1.00480539,-1.389958428,1.740113181,1.8164199390000002,1.5751384685,1.5833885565,0.6901668435,-0.04674512399999986,-0.33160301000000003,0.31643163899999993,0.1236881449999998,-1.380333687,-0.900574709,-0.7226717235,-0.5751292615,-0.6497299255,-0.3357939555,0.2524691579999999,0.11406554499999999,0.14116467100000007,-0.018705980999999983,0.671587911,-2.7770500709999997,-2.746952421,-2.4369787375,-1.3091645330000001,-0.852093028,-0.6828259459999999,0.11821550999999975,1.0320113309999999,-1.42413864,1.704186056,-2.0288545815,-2.520057841,-2.764449865,-0.9448633774999999,-0.731722389,0.2508766590000002,-0.5220212420000001,0.0048025479999997955,0.1265865989999999,1.463444778
2007.0,3899.0,0.0,0.0,0.0,0.0,0.0,0.0,0.0,0.0,0.0,0.0,1.6136667615,1.3088624745000002,1.251995996,0.6957550029999999,0.63434898,-0.429972271,0.3619878510000001,-0.5535401900000001,-0.23083643199999992,-1.26869796,1.7102520589999999,1.5956156875,1.1735733019999999,1.4977879550000002,0.6454190095,-0.778053908,0.2884671349999999,-0.22445427600000012,-0.3065118499999999,-1.290838019,-0.7560192575,-0.8002484445,-0.051993672000000005,-0.7062919525,-0.404517219,0.5687680589999999,-0.09163436300000005,0.14124614,0.11830032700000004,0.809034438,-2.1379077625000003,-1.7644957355,-0.33994158,-1.588972922,-0.688879031,0.524971683,-0.3274185329999999,0.20438582600000002,0.332034964,1.377758062,-2.0957835545,-1.6254048055,-0.825159981,-1.007689428,-0.5617164045,0.8204504449999999,-0.8226419370000002,0.93366072,0.31541520199999995,1.123432809
2008.0,3835.0,0.0,0.0,0.0,0.0,0.0,0.0,0.0,0.0,0.0,0.0,1.431875738,1.646799124,1.5060350735,1.0336430865,0.5130885115,-1.085503246,0.431965264,-0.6171541950000001,0.368342681,-1.026177023,1.6882789749999998,1.5956156875,1.1741198705,1.240044584,0.153192839,-0.8220000759999999,0.2884671349999999,-0.13594633099999998,-0.821998592,-0.306385678,-0.910899321,-0.4980317575,0.5029574305,-0.7745269655,-0.404517219,0.05237915000000004,0.594325571,0.907472497,-0.018169698999999984,0.809034438,-2.1379077625000003,-1.7644957355,-0.33994158,-1.588972922,-0.688879031,0.524971683,-0.3274185329999999,0.20438582600000002,0.332034964,1.377758062,-2.0957835545,-1.6254048055,-0.825159981,-1.007689428,-0.5617164045,0.8204504449999999,-0.8226419370000002,0.93366072,0.31541520199999995,1.123432809
2009.0,3246.0,0.0,0.0,0.0,0.0,0.0,0.0,0.0,0.0,0.0,0.0,2.5561003005,1.577304556,1.3095158935,1.6037218575,0.5332985895,-0.004849835000000358,-0.6495285820000001,-0.2241158350000001,0.053156203000000124,-1.066597179,1.7102520589999999,1.5956156875,1.1735733019999999,1.4977879550000002,0.6454190095,-0.778053908,0.2884671349999999,-0.22445427600000012,-0.3065118499999999,-1.290838019,-0.97824586,-0.6193331790000001,-0.38877184299999995,1.0837961505,-0.271979496,0.0880641900000001,0.263674042,-0.6333913339999999,-1.4489430030000001,0.543958992,-2.1753454885,-1.7475528405,-0.3917552885,-1.5087983399999998,-0.7493286595,0.356113581,-0.3836466650000001,0.485194759,0.10641906400000001,1.498657319,-2.006085769,-1.6563339295,-0.8840021245,-1.0001953854999999,-0.529334312,0.8044483139999998,-0.610411429,0.8482138269999999,-0.031249522999999946,1.058668624
2010.0,3830.0,0.0,0.0,0.0,0.0,0.0,0.0,0.0,0.0,0.0,0.0,1.470892536,1.5454543424999998,1.68992055,0.918747506,0.5332985895,-1.299418578,0.43124099699999996,-0.39230628200000006,0.598133842,-1.066597179,2.433512245,2.3502896635,2.4143242345,1.929034133,0.2203145895,-0.29094287800000007,0.028350674999999992,0.07167743699999995,-0.8253463779999999,-0.440629179,-0.9143080674999999,-0.8149218025,0.805007041,-0.7087031859999999,-0.404517219,0.06731205500000004,-0.05086823699999998,0.15203049999999996,-0.149817258,0.809034438,-2.1753454885,-1.7475528405,-0.3917552885,-1.5087983399999998,-0.7493286595,0.356113581,-0.3836466650000001,0.485194759,0.10641906400000001,1.498657319,-2.006085769,-1.6563339295,-0.8840021245,-1.0001953854999999,-0.529334312,0.8044483139999998,-0.610411429,0.8482138269999999,-0.031249522999999946,1.058668624
2011.0,3937.0,0.0,0.0,0.0,0.0,0.0,0.0,0.0,0.0,0.0,0.0,1.863398653,1.442781737,1.386863049,1.4166283545,0.897079994,0.36144044,-0.3126783340000001,0.2878860780000001,-0.3976278550000001,-1.794159988,1.162615986,1.1950239935,1.241320683,0.8084845505,0.5111755085,0.14143356399999996,-0.0703501489999998,-0.0015447060000000068,-0.04479298300000001,-1.022351017,-0.818330794,-0.7180329624999999,-0.65064859,-0.502181079,-0.404517219,-0.19930429000000005,0.038555444999999966,-0.15138757000000003,-0.562861472,0.809034438,-3.2992208035,-2.945658794,-2.5659725269999996,-3.311998429,-1.94018634,-0.22344500899999975,1.27526792,-0.355258026,-0.09440702199999995,3.88037268,-1.281270167,-0.672067585,-1.1657490325,-0.9292269559999999,-0.573859689,0.026545698000000062,0.5187244440000001,-0.24719699900000003,0.016343126000000097,1.147719378
2012.0,3904.0,0.0,0.0,0.0,0.0,0.0,0.0,0.0,0.0,0.0,0.0,2.0546978695,1.933520182,1.2387083325,1.262634405,0.9779203065,-0.4967440710000002,0.1975461999999999,-0.00842335499999991,0.06035478200000011,-1.955840613,1.214610752,0.861923615,0.9320894465,0.722674712,0.2426885065,-0.13834064000000001,-0.028765139999999967,0.07931126899999996,-0.30274559,-0.485377013,-0.981627737,-0.3056147025,-0.5076518155,-0.7745269655,-0.2327090595,0.11755109999999991,0.9791596810000001,0.551565647,-0.018169698999999984,0.465418119,-4.2308102445,-4.379989514,-3.147083131,-3.62486017,-2.0127258945,1.2497601869999997,0.546812128,-0.9648519799999997,-0.44768457800000006,4.025451789,-1.9721997669999998,-1.1052858639999998,-0.5620474609999999,-1.0277124469999999,-0.1933701045,1.00899871,0.5430763439999999,-0.16810266399999996,0.023784600000000156,0.386740209
2014.0,3889.0,0.0,0.0,0.0,0.0,0.0,0.0,0.0,0.0,0.0,0.0,1.8892150065,2.085476998,1.0230158535,1.0188929545,0.63434898,-0.09783747700000012,0.16485100799999985,0.274806887,-0.4271281189999999,-1.26869796,1.054762715,1.0175093515,1.1315056065,1.023793785,0.623045093,-0.17021391200000002,0.016986671000000175,0.12848436499999982,-0.04583916599999993,-1.246090186,-0.9737145269999999,-0.4314527295,-0.588050875,-0.392392882,-0.404517219,0.07900152399999993,0.235063201,-0.10958407400000003,0.561791886,0.809034438,-3.237949591,-3.7381124945,-2.2548084105,-2.4573943155,-1.1906109475,-1.3696683600000004,2.055850971,-0.597911581,2.068877751,2.381221895,-2.137783542,-1.2473715565,-1.0912223045,-0.8299879905,-0.1690835355,0.03301873799999999,1.218215605,-0.904078405,0.6865421110000001,0.338167071
2018.0,4256.0,0.0,0.0,0.0,0.0,0.0,0.0,0.0,0.0,0.0,0.0,1.9307549865,1.0055523984999999,1.5859980674999998,1.8917606505,0.917290072,-0.45268090900000013,0.765194173,0.18592547299999995,-0.6729161229999998,-1.834580144,1.1206819675,0.7509532895,0.599911369,1.1959365535000002,0.5335494255,-0.03837540699999997,0.01471387099999999,0.026858758000000038,0.0394475809999999,-1.067098851,-0.958904581,-0.6861112595000001,-0.686315141,-0.7694093395,-0.3979721465,0.16299741199999995,-0.319908733,-0.11658548400000002,-0.007934447000000011,0.795944293,-0.5872114155,-0.525753586,-0.885653463,-0.6234032165,-0.2052820035,0.03152801100000002,0.05491708000000001,-0.5266288620000001,0.424164365,0.410564007,0.094274029,0.378277731,0.32656246599999994,-0.451682447,0.1264030565,0.198384404,-0.8752165660000001,-0.421838664,0.7670196859999999,-0.252806113
2019.0,4571.0,0.0,0.0,0.0,0.0,0.0,0.0,0.0,0.0,0.0,0.0,1.7690568965,1.6800978725,1.473574111,1.1305891670000001,0.674769136,-0.2651664650000001,0.16195393699999983,-0.18184548,-0.05054158799999997,-1.349538272,1.6322599100000001,1.5285031715,1.3516823295,1.325435949,0.4888015915,-0.3583926020000001,0.06576888300000006,-0.043065833,-0.21955120999999989,-0.977603183,-0.893242604,-0.6365446745000001,-0.22412436800000002,-0.45813560750000004,-0.341520894,0.17288164400000006,0.22272892700000002,0.128025454,-0.135778067,0.683041788,-2.6747293389999998,-2.5003955629999997,-1.412099746,-1.9368386535000002,-1.003217099,0.03872009399999987,0.22834505799999993,0.2225239619999999,0.13578770100000015,2.006434198,-1.9757750455,-1.6066516320000002,-1.1894929655,-0.9605173225000001,-0.5333820735,0.4351948130000003,-0.1684358880000001,0.5112499989999999,0.22107099100000005,1.066764147
2021.0,2715.0,0.0,0.0,0.0,0.0,0.0,0.0,0.0,0.0,0.0,0.0,0.529628065,0.24516476,-0.01885335099999999,0.14202604849999997,0.048256717,0.17546515600000007,0.590854196,-0.3082396,0.576631999,-0.096513434,0.041667577,-0.11506981299999999,-0.085205348,0.0334759255,-0.048172413,0.010237299999999998,0.140605298,0.142677028,-0.127150417,0.096344826,-0.8616116225,-0.754173132,-0.4948566315,-0.6699804405,-0.3292488825,0.14370441499999997,-0.08101029999999998,0.22589908299999995,-0.12832197899999997,0.658497765,-0.2099137645,-0.048977818000000006,0.07622828200000001,0.2291350125,0.1392808785,0.08125343699999998,0.039743954000000005,-0.02047441400000001,0.176711677,-0.278561757,-0.30159451950000005,-0.5269905404999999,-0.0071064325,-0.059492745000000014,0.1021164875,-0.280716367,-1.109742761,-0.025342441,-0.838654256,-0.204232975
1990.0,1667.0,1.0,0.0,0.0,0.0,0.0,0.0,0.0,0.0,0.0,0.0,-0.23412216700000002,-1.106581837,-0.8345667240000001,-0.159963034,-0.032583595,-0.40320129000000005,0.3109445420000001,-0.010205302000000027,0.35563910200000004,0.06516719,-0.34797204849999996,-0.226229539,-0.30647520949999996,-0.9353633185,-0.2271637475,-0.001514477000000014,0.095232288,0.137211335,-0.165504439,0.454327495,-0.8677787905000001,-0.7822159925,-0.5571153609999999,0.42938619100000003,-0.2310727915,0.08786928299999996,-0.0066535229999999945,-0.17406445999999998,0.29316924600000005,0.462145583,0.227220158,0.8038935700000001,0.806867148,0.44836376899999997,0.3024948755,0.133173094,-0.12437715199999999,0.23943972599999996,-0.06594562799999998,-0.604989751,-0.06696671600000001,0.8186399225000001,0.5160016525,-0.38173033,0.009017972,0.266698322,-0.011622729000000054,0.21493886500000003,-0.09941433,-0.018035944
1991.0,1557.0,1.0,0.0,0.0,0.0,0.0,0.0,0.0,0.0,0.0,0.0,-0.59022719,-0.820102202,-0.446314553,0.07342741600000002,0.028046639,-0.16657732000000003,-0.05860089800000001,0.6948375200000001,-0.7861181239999999,-0.056093278,-0.1800754135,-0.2712237495,-0.7517477795,-0.4616830035,-0.048172413,-0.337307747,-0.171702575,-0.31625977299999997,-0.16780604299999996,0.096344826,-0.7984134224999999,-0.8165537565000001,-0.748255899,0.4086451475,-0.2408904005,-0.22290820700000002,-0.05902373900000002,0.16385752599999992,2.084879409,0.481780801,0.6700085735000001,0.7532510235000001,0.482859299,0.6124653225000001,0.320629764,0.14941041099999997,-0.04543440099999996,-0.5046850599999999,0.6936301970000001,-0.641259528,0.3738297435,0.7346965299999999,-0.174374995,0.3315520475,0.401650841,0.093143643,-0.385076082,-0.537185236,0.06922761099999997,-0.803301682
1993.0,2248.0,1.0,0.0,0.0,0.0,0.0,0.0,0.0,0.0,0.0,0.0,-0.7255243925,-0.668024674,-0.511028005,-0.17991214,-0.2751045315,0.5116622930000001,-0.023732902,-0.435050666,0.545532052,0.550209063,-0.226033731,-0.31564976,-0.44087683450000004,-0.6130794865,-0.204789831,-0.333283448,-0.172081374,-0.13159191500000006,0.392730295,0.409579662,-0.38492358400000004,-0.7268745400000001,-0.7034297125,-0.672174446,-0.2245277185,-0.15719246199999998,-0.238382172,0.230766645,0.18653534000000005,0.449055437,0.500272779,0.7418937145,0.5876379064999999,0.5618829055000001,0.435484058,-0.09607852800000005,0.02196490299999998,-0.03082785499999996,-0.29298390100000005,-0.870968116,0.2236685475,0.453324508,0.36587774500000003,-0.2243848425,0.150689626,-0.44165599299999997,-0.22833714000000005,0.09199671999999998,-0.319340551,-0.301379252
1994.0,1801.0,1.0,0.0,0.0,0.0,0.0,0.0,0.0,0.0,0.0,0.0,-0.4958854345,-0.6513149439999999,-1.2513561000000002,-0.6131466195,0.230147419,0.460029585,-0.124956972,0.156677226,0.062048360999999996,-0.460294838,-0.2919529835,-0.18199292849999998,-0.19556699400000002,-1.5160182315,-0.473276833,-0.4651219529999999,0.00675906699999998,0.184198154,-0.7224837529999999,0.946553666,-0.9669175274999999,-0.6404563855000001,0.666879942,-0.132745118,-0.0535376935,0.06540752500000002,-0.411218481,-2.666414156,-1.301733394,0.107075387,0.365780478,0.786531866,0.6698067974999999,0.619340125,0.3387646525,-0.41205445399999996,0.13376968599999994,-0.347035509,0.04896881200000003,-0.677529305,-0.018922681499999983,0.5813329185,0.8438208490000001,-0.6034964275,-0.921967181,-0.555582815,0.267507341,-0.3222063380000001,-1.124735827,1.843934362
1995.0,1481.0,1.0,0.0,0.0,0.0,0.0,0.0,0.0,0.0,0.0,0.0,0.0558881135,0.36370211599999996,-0.7234506865,-0.159963034,-0.1134239075,0.103832039,0.760607144,0.21202677300000006,0.35563910200000004,0.226847815,-0.002278591500000003,-0.31508156,-0.2889940625,-0.2894356165,-0.13766808,-0.07765503700000001,0.09447468799999997,-0.6145596249999999,-0.16864298899999997,0.27533616,-0.6094681980000001,-0.743179852,-0.7156389215,-0.7745269655,-0.3881545375,0.843744846,-0.20577154799999997,0.22909148099999999,-0.018169698999999984,0.776309075,0.1669450395,0.11440020000000001,0.653070717,0.384979995,0.1030111015,0.08310984500000002,-0.30935442599999996,-0.212316768,0.14784423399999996,-0.206022203,-0.296092385,-0.6919634139999999,0.130060226,-0.164806418,0.166880672,-0.8363654380000001,-0.2234196519999999,-1.298404062,0.114297,-0.333761344
1996.0,2001.0,1.0,0.0,0.0,0.0,0.0,0.0,0.0,0.0,0.0,0.0,-0.5103474695,-0.346918466,-0.28421821350000004,-0.252509983,-0.012373517,0.28513105099999997,0.07990539400000002,0.518799557,-0.059245956000000016,0.024747034,-0.1621266285,-0.2043006335,-0.3288754805,-0.482847763,-0.0929202465,-0.109528309,-0.037856343000000015,0.09241079299999999,-0.469134352,0.185840493,-0.881769455,-0.7908728899999999,-0.7439839775,0.916435453,-0.404517219,-0.07242696800000004,-0.11038547200000004,0.05615806900000009,3.2255252,0.809034438,0.3812585035,0.4274256745,0.477588623,0.3492783545,0.20577547,-0.028663465,0.20405412100000003,0.03740083999999999,-0.150597321,-0.41155094,0.3804458655,0.0606039295,0.0251457935,0.106468234,0.3126000875,-0.010862735000000012,0.151098915,0.248705075,-0.396664052,-0.625200175
1997.0,1988.0,1.0,0.0,0.0,0.0,0.0,0.0,0.0,0.0,0.0,0.0,-0.5090858785,-0.49984097299999997,-0.08312131649999999,0.542960817,0.007836561,0.21466700099999997,-0.42790491399999997,0.635147271,-0.00024542999999999093,-0.015673122,-0.1361292455,-0.137377518,-0.5747318905000001,-0.591182399,-0.294285498,-0.24941541099999998,0.09598988799999998,-0.31188721900000005,0.09119274799999999,0.588570996,-0.9466622415,-0.6845389205,-0.46140962350000003,-0.6465863165,0.176357987,0.060604769,-0.13577509099999996,-0.566396519,0.23771159900000005,-0.352715974,0.4643710155,0.562038145,0.022072965,0.35234662699999997,0.1030111015,-0.097395067,0.20293729600000004,-0.393085038,0.08257749799999997,-0.206022203,0.32459644249999997,0.5880928535000001,-0.36117042149999995,-0.956814108,-0.2459910045,-0.04440250100000004,0.675029799,-0.6206395389999999,0.00834092799999997,0.491982009
1998.0,2302.0,1.0,0.0,0.0,0.0,0.0,0.0,0.0,0.0,0.0,0.0,-0.11396405700000001,0.261270933,-0.2332379115,-0.424053511,-0.2346843755,-0.235872302,0.151814188,0.12052952100000003,0.133846362,0.469368751,0.041667577,0.06301302850000001,0.0033025965000000046,-0.09539575999999998,-0.003424579,0.010237299999999998,0.319824541,0.144863305,-0.38489378799999996,0.006849158,-0.912646727,-0.654906647,-0.466492245,-0.4473065535,-0.330885151,0.2555131199999999,0.11100054600000009,-0.39966978200000003,0.043857111000000004,0.661770302,0.234410613,0.293743891,0.49560907649999997,0.5162381885,0.4173491695,0.265032316,-0.24353729,0.0013599329999999799,-0.17993888900000005,-0.834698339,-0.2249784185,0.09739495799999998,0.3846105395,0.3545248085,0.272122472,0.927663433,1.235383262,-0.06396205700000002,-0.529512311,-0.544244944
1999.0,2438.0,1.0,0.0,0.0,0.0,0.0,0.0,0.0,0.0,0.0,0.0,-0.6594296495,0.024558354499999997,-0.4772591235,-0.275258536,0.169517185,-0.23199500500000003,0.014997855000000001,-0.724820503,0.661227474,-0.33903437,-0.070209993,-0.4712354965,-0.35127575099999997,-0.8055500685000001,-0.1152941635,-0.11757690599999998,-0.21783318500000004,0.047610251999999964,-0.6828743110000001,0.230588327,-0.876127369,-0.660962947,-0.0476595715,-0.738323887,-0.2736157645,0.32855183599999993,-0.06416517599999993,-0.999883531,-0.09057585599999995,0.547231529,0.1580497095,0.0238674685,0.09970732200000001,-0.007582204,0.2662250985,0.417754123,0.072792125,0.362865474,-0.024276828,-0.532450197,0.329135149,-0.3190333925,-0.1386849395,-0.6114635805,0.02925678,-0.035325088000000004,0.12843780500000002,0.017755792999999992,-1.203566275,-0.05851356
2000.0,2282.0,1.0,0.0,0.0,0.0,0.0,0.0,0.0,0.0,0.0,0.0,0.30949730099999995,-0.48373479950000003,-0.8088538295000001,0.448014342,0.189727263,-1.286617622,-0.866944923,0.827297207,0.039652782,-0.379454526,-0.493895599,-0.225850739,-0.5108104935,-0.139189935,0.0413232545,0.37822496000000005,0.27293633,-0.708533263,0.218181304,-0.082646509,-0.9326638359999999,-0.757851787,-0.733904429,-0.703844695,-0.383245733,0.142977574,-0.153588858,0.19256046599999999,0.017876793999999974,0.766491466,-0.09518693200000006,0.19138850699999999,0.41527279,0.08605078149999998,0.242045247,0.85110734,0.430362682,-0.015149010000000018,0.571658033,-0.484090494,-0.947295089,0.27612304949999994,0.248770471,-0.21950761150000003,-0.2459910045,2.081819548,0.7877037229999999,-0.706372232,0.523787775,0.491982009
2001.0,1050.0,1.0,0.0,0.0,0.0,0.0,0.0,0.0,0.0,0.0,0.0,-0.27692373800000003,-0.6677832515,-0.011005837000000018,0.2788703395,-0.1134239075,0.022106192000000024,0.11139347300000002,0.56499367,-0.22203816899999998,0.226847815,-0.18611186200000002,-0.226229539,-0.508077647,-0.5271650295,-0.0929202465,-0.061557842,0.095232288,-0.26599354000000003,0.564559209,0.185840493,-0.9376687955,-0.4723380855,-0.676704373,-0.470932433,0.239354312,0.16921831900000006,0.645712915,0.28169029599999995,0.49028369600000005,-0.478708624,0.1414745685,0.4951972535,-0.246401239,0.1773402145,0.2178653955,-0.08530941100000002,-0.020858408999999967,-0.18518801800000004,0.345568009,-0.435730791,0.0520407255,0.4693124005,-0.7238856035000001,-0.5182993250000001,-0.007173074,0.192076879,-0.35053628099999995,-0.9108650770000001,1.08978295,0.014346148
2002.0,589.0,1.0,0.0,0.0,0.0,0.0,0.0,0.0,0.0,0.0,0.0,-0.26867713500000007,-0.803030338,-0.18552740699999998,0.4460147365,0.3918280435,-1.421145244,0.04286459600000003,-0.641587712,0.418638839,-0.783656087,-0.1361292455,-0.1604428235,-0.48294453000000004,-0.9567373145,-0.2719115815,-0.24941541099999998,-0.304033605,0.221346726,-0.2945853610000001,0.543823163,-0.9279967915,-0.7151028435,-0.7482273340000001,-0.7745269655,1.5180978995,0.09793566899999995,-0.006130784999999972,0.0072389019999999915,-0.018169698999999984,-3.036195799,0.0421073595,0.360631317,-0.018917525500000004,-0.474155369,-0.4047657775,0.820252311,-0.04217699600000002,0.24575213699999998,-0.5487542679999999,0.809531555,0.10907941600000004,0.402168214,-0.43025189799999997,-1.131022602,-0.5698119275,1.185443926,-0.501955202,0.14384455399999996,-0.76462501,1.139623855
2003.0,751.0,1.0,0.0,0.0,0.0,0.0,0.0,0.0,0.0,0.0,0.0,0.32580546099999996,-0.415930189,-0.3073152695,0.029929915500000015,-0.032583595,-0.23218005199999997,-0.731335702,-0.02762519499999999,0.27584267900000004,0.06516719,-0.096207376,-0.20392183349999998,-0.41847656349999995,-0.7849084005,-0.2495376645,0.022310196000000004,0.13984769900000002,-0.086791373,0.04907246700000001,0.499075329,-0.9376687955,-0.4723380855,-0.676704373,-0.470932433,0.239354312,0.16921831900000006,0.645712915,0.28169029599999995,0.49028369600000005,-0.478708624,-0.13399170800000001,0.2537606375,0.3204480755,0.22701498800000003,0.0969661385,-0.119337388,0.10453733300000001,0.275746999,-0.145381954,-0.193932277,-0.9657510345,0.316568113,0.0501179095,-0.307374093,-0.3350417585,0.012771540999999997,0.40606907400000003,-0.07208073100000001,-0.5482151940000001,0.670083517
2004.0,1991.0,1.0,0.0,0.0,0.0,0.0,0.0,0.0,0.0,0.0,0.0,-0.7752184525000001,-0.6175333505,-0.1068723325,-0.23735993,0.048256717,0.339286941,-0.12471554900000004,0.01595307900000001,0.660427632,-0.096513434,-0.393930366,-0.470856696,-0.8129363300000001,-0.7635344045,-0.1152941635,0.002509821999999995,-0.040129144000000005,0.5229259940000001,0.178153389,0.230588327,-0.9279967915,-0.7151028435,-0.7608624755,0.111605252,-0.0363568775,0.09793566899999995,-0.006130784999999972,0.032509184999999996,-0.023147304000000007,0.072713755,0.502467011,0.39963734900000003,-0.045834638,0.38499353000000003,0.12114599,0.143266562,0.080892028,0.071781554,-0.37431672400000005,-0.24229198,0.655425234,0.168620516,-0.416934692,-0.08990697950000001,-0.051698451,-0.379273204,-0.215306518,0.5573277000000001,0.154027631,0.103396902
2005.0,2566.0,1.0,0.0,0.0,0.0,0.0,0.0,0.0,0.0,0.0,0.0,-0.804142523,-0.4482632475,0.1974930875,-1.1026291255,-0.456995234,-0.010510127999999952,0.07918112700000002,-0.518700403,-0.5339313830000001,0.913990468,-0.22804588050000002,-0.5606557169999999,-0.149673314,-0.3327066995,-0.450902916,-0.241366813,-0.48514684799999996,0.45081512599999995,0.0038136350000000374,0.901805832,-0.9305006355,-0.8206300845000001,-0.7873962725,-0.6675633240000001,-0.404517219,0.219805303,-0.050871082999999984,0.08557677899999994,-0.23209698199999995,0.809034438,0.3453567405,0.6803126675,0.5273425885,0.5952139245,0.3810793925,-0.029980005000000032,-0.03361174899999997,0.545372393,0.22775468300000007,-0.762158785,0.62092204,0.372425103,0.17144225200000002,1.0132987425,0.1385463415,-0.03794441600000009,-0.818399632,0.396229716,0.22197029099999988,-0.277092683
2006.0,1563.0,1.0,0.0,0.0,0.0,0.0,0.0,0.0,0.0,0.0,0.0,-1.03251989,-0.5151021675,0.21057227800000006,-0.4352043535,-0.1336339855,-0.02934147000000009,0.48407740700000007,0.9366883800000001,-1.343799341,0.267267971,-0.46387391749999995,-0.47161429650000003,-0.7266146625000001,-0.310704994,-0.361407249,0.05450458699999999,-0.39553722700000005,0.171080491,-0.383847604,0.722814498,-0.9424701874999999,-0.6552986285,-0.7361907675,-0.450567602,-0.147623114,0.14149020299999993,0.23739801699999996,0.147555337,0.05379096,0.295246228,0.5026864345,0.400568036,0.057150592499999986,0.669936077,0.320629764,0.16720107099999998,-0.36781620800000003,-0.539175229,0.5134219520000001,-0.641259528,0.674694048,0.24565534249999998,-0.6104480469999999,0.7452191484999999,-0.1002715895,0.10867914199999995,-1.106200247,-1.0869573959999999,0.06318794699999997,0.200543179
2007.0,1684.0,1.0,0.0,0.0,0.0,0.0,0.0,0.0,0.0,0.0,0.0,-0.604689225,-0.0427634105,-0.5990469855,-0.36060690549999996,-0.477205312,-0.341475854,0.149641385,-0.11085798699999994,-1.118007391,0.954410624,-0.0982195255,-0.2260401385,-0.06499135449999999,-0.117188229,-0.13766808,0.114226831,0.18408430900000003,-0.16655420899999998,-0.169479936,0.27533616,-0.7560192575,-0.8002484445,-0.051993672000000005,-0.7062919525,-0.404517219,0.5687680589999999,-0.09163436300000005,0.14124614,0.11830032700000004,0.809034438,0.37236317399999996,0.47844049599999994,0.502900268,0.5789107760000001,0.399214281,0.305980814,-0.05437192399999996,0.08802412999999998,-0.327039642,-0.798428562,0.4432952875,0.07407116450000001,0.6771886250000001,0.485299457,0.2923612795,0.15391564900000004,0.229425027,-0.10743508000000002,0.15658593599999993,-0.584722559
2008.0,1436.0,1.0,0.0,0.0,0.0,0.0,0.0,0.0,0.0,0.0,0.0,-0.7537714055,-0.2947371845,0.5460907415,-1.012081782,-0.1740541415,-0.858601911,0.924807373,-0.17881269500000002,0.259939732,0.348108283,-0.2959772825,-0.7162414535,-0.19556699400000002,-0.5264327015,-0.7417638355,-0.281288683,-0.530898659,0.184198154,-0.03830664699999997,1.483527671,-0.900574709,-0.7226717235,-0.5751292615,-0.6497299255,-0.3357939555,0.2524691579999999,0.11406554499999999,0.14116467100000007,-0.018705980999999983,0.671587911,0.4193544995,0.2882513735,0.262627549,0.518358213,0.278315024,0.21199816299999996,-0.299579285,0.568569568,0.14215474199999995,-0.556630048,0.444063039,-0.009828869500000004,-0.17027116399999997,0.654280267,-0.5090955045,0.62440564,-0.760641309,1.14736694,-0.22875806200000004,1.018191009
2009.0,1282.0,1.0,0.0,0.0,0.0,0.0,0.0,0.0,0.0,0.0,0.0,0.057149704,0.1923799215,-0.3297583665,0.258121392,0.048256717,0.033367988,-0.5918637210000001,-0.501280509,0.11944920400000003,-0.096513434,-0.30000158099999996,-0.27084494950000004,-0.26331437599999996,-0.11760670250000001,-0.204789831,-0.09745541200000002,0.0060014669999999826,-0.038711416,0.175014839,0.409579662,-0.7560192575,-0.8002484445,-0.051993672000000005,-0.7062919525,-0.404517219,0.5687680589999999,-0.09163436300000005,0.14124614,0.11830032700000004,0.809034438,0.11622352000000001,0.4046179875,0.2416233,0.354717249,0.4596639095,-0.229794158,0.38372355300000005,-0.09814799800000001,-0.13971953199999998,-0.919327819,-0.47325998199999997,-0.12183083300000008,0.3906772985,0.2173249985,0.506892641,0.09892421199999996,1.3279786439999999,0.43173237700000006,0.09235807499999998,-1.013785282
2010.0,2087.0,1.0,0.0,0.0,0.0,0.0,0.0,0.0,0.0,0.0,0.0,-0.1303647395,0.159081173,-0.6724703845,-0.4978511175,0.129097029,0.680160349,-0.321852392,-0.186243265,-0.24354001100000006,-0.258194058,-0.256055413,-0.2260401385,-0.174259862,-0.4619968585,-0.0929202465,-0.009563076000000004,0.18408430900000003,0.05198280600000002,0.09056503900000001,0.185840493,-0.910899321,-0.4980317575,0.5029574305,-0.7745269655,-0.404517219,0.05237915000000004,0.594325571,0.907472497,-0.018169698999999984,0.809034438,-0.0791516585,0.29234785999999996,0.5389411755,0.71842554,0.2601801355,-0.009657289,0.42952506399999996,0.015942314999999985,0.13362050400000003,-0.520360271,-0.12642905800000004,0.1136615565,0.49625773149999997,-0.272222808,0.0211612565,-0.5947376360000001,0.120169791,0.288281905,-0.823841398,-0.042322513
2011.0,2699.0,1.0,0.0,0.0,0.0,0.0,0.0,0.0,0.0,0.0,0.0,-0.039130699500000005,0.159081173,-0.6724703845,-0.4978511175,0.129097029,0.497692269,-0.321852392,-0.186243265,-0.24354001100000006,-0.258194058,-0.256055413,-0.2260401385,-0.174259862,-0.4619968585,-0.0929202465,-0.009563076000000004,0.18408430900000003,0.05198280600000002,0.09056503900000001,0.185840493,-0.97824586,-0.6193331790000001,-0.38877184299999995,1.0837961505,-0.271979496,0.0880641900000001,0.263674042,-0.6333913339999999,-1.4489430030000001,0.543958992,-0.020412502000000006,0.29234785999999996,0.5389411755,0.71842554,0.2601801355,-0.12713560200000001,0.42952506399999996,0.015942314999999985,0.13362050400000003,-0.520360271,-0.16062365650000004,0.1136615565,0.49625773149999997,-0.272222808,0.0211612565,-0.5263484390000001,0.120169791,0.288281905,-0.823841398,-0.042322513
2012.0,1703.0,1.0,0.0,0.0,0.0,0.0,0.0,0.0,0.0,0.0,0.0,0.057149704,0.1923799215,-0.3297583665,0.258121392,0.048256717,0.033367988,-0.5918637210000001,-0.501280509,0.11944920400000003,-0.096513434,-0.30000158099999996,-0.27084494950000004,-0.26331437599999996,-0.11760670250000001,-0.204789831,-0.09745541200000002,0.0060014669999999826,-0.038711416,0.175014839,0.409579662,-0.9143080674999999,-0.8149218025,0.805007041,-0.7087031859999999,-0.404517219,0.06731205500000004,-0.05086823699999998,0.15203049999999996,-0.149817258,0.809034438,0.11622352000000001,0.4046179875,0.2416233,0.354717249,0.4596639095,-0.229794158,0.38372355300000005,-0.09814799800000001,-0.13971953199999998,-0.919327819,-0.47325998199999997,-0.12183083300000008,0.3906772985,0.2173249985,0.506892641,0.09892421199999996,1.3279786439999999,0.43173237700000006,0.09235807499999998,-1.013785282
2013.0,2682.0,1.0,0.0,0.0,0.0,0.0,0.0,0.0,0.0,0.0,0.0,-0.1303647395,0.159081173,-0.6724703845,-0.4978511175,0.129097029,0.680160349,-0.321852392,-0.186243265,-0.24354001100000006,-0.258194058,-0.256055413,-0.2260401385,-0.174259862,-0.4619968585,-0.0929202465,-0.009563076000000004,0.18408430900000003,0.05198280600000002,0.09056503900000001,0.185840493,-0.818330794,-0.7180329624999999,-0.65064859,-0.502181079,-0.404517219,-0.19930429000000005,0.038555444999999966,-0.15138757000000003,-0.562861472,0.809034438,-0.0791516585,0.29234785999999996,0.5389411755,0.71842554,0.2601801355,-0.009657289,0.42952506399999996,0.015942314999999985,0.13362050400000003,-0.520360271,-0.12642905800000004,0.1136615565,0.49625773149999997,-0.272222808,0.0211612565,-0.5947376360000001,0.120169791,0.288281905,-0.823841398,-0.042322513
2014.0,3096.0,1.0,0.0,0.0,0.0,0.0,0.0,0.0,0.0,0.0,0.0,-0.364373005,0.3973629985,-0.666584749,-0.2154112195,0.3716179655,-0.006817878000000055,0.693285379,0.468681688,0.091548625,-0.743235931,-0.226033731,-0.1812353285,-0.2627678065,-0.5695991665,-0.1152941635,-0.333283448,0.362167151,0.049796529000000034,0.048026283,0.230588327,-0.981627737,-0.3056147025,-0.5076518155,-0.7745269655,-0.2327090595,0.11755109999999991,0.9791596810000001,0.551565647,-0.018169698999999984,0.465418119,0.567957776,0.456051619,0.5651221455,0.13619967900000002,-0.0843827465,0.10977845399999997,-0.076621198,-0.340159367,0.036248664000000014,0.168765493,0.311672794,-0.411542058,0.6034263040000001,0.3432224155,-0.0476506895,-0.109329338,-0.22788500000000006,-0.40002799600000005,-0.06467200500000003,0.095301379
2015.0,660.0,1.0,0.0,0.0,0.0,0.0,0.0,0.0,0.0,0.0,0.0,0.31134342600000003,0.514572531,0.482476736,0.2772706555,0.796029604,-0.407078586,0.119843264,0.837343614,0.08115067700000003,-1.592059208,-0.23005803,-0.2037324335,-0.5064379395,-0.289644853,-0.025798496,-0.149450178,0.22869971900000002,-0.00046970499999998694,0.0036043980000000087,0.051596992,-0.9737145269999999,-0.4314527295,-0.588050875,-0.392392882,-0.404517219,0.07900152399999993,0.235063201,-0.10958407400000003,0.561791886,0.809034438,-0.04017797000000001,0.03480596800000001,-0.03359386349999999,0.0654940485,-0.767463548,0.326742376,0.20731152600000002,-0.40830960699999996,-0.105162597,1.534927096,-0.32683210149999997,-0.3039961665,-0.6456891579999999,-0.25583291249999995,-1.0960209275,1.349228719,0.15851225700000002,-0.593285214,-0.256444411,2.192041855
2016.0,1846.0,1.0,0.0,0.0,0.0,0.0,0.0,0.0,0.0,0.0,0.0,-0.5468410855,-0.262283415,0.1663400445,-0.5688492765,-0.2548944535,0.358118283,0.18185373200000002,0.06214719099999999,-1.151506865,0.509788907,-0.349984198,-0.3821940755,-0.5337573335000001,-0.5265373195,-0.13766808,0.09040215800000001,-0.12822356499999998,-0.8418417490000001,0.047817047,0.27533616,-0.958904581,-0.6861112595000001,-0.686315141,-0.7694093395,-0.3979721465,0.16299741199999995,-0.319908733,-0.11658548400000002,-0.007934447000000011,0.795944293,0.44306958500000004,0.4156960905,0.09479696700000001,0.61768069,0.3024948755,0.188941348,0.450936719,-0.487909752,0.20457673200000004,-0.604989751,0.2921330235,0.248943955,-0.455081114,0.33260340600000005,0.3814120335,-0.070249797,-0.34587894399999997,-0.872935712,1.014772438,-0.762824067
2017.0,2410.0,1.0,0.0,0.0,0.0,0.0,0.0,0.0,0.0,0.0,0.0,0.584368489,0.4129863275,1.1591908255,0.413715026,0.3109877315,0.06598430799999999,-0.016007378999999988,1.261772033,-0.64172228,-0.621975463,-0.140153544,-0.09238330750000001,0.6239513475,-0.1595177475,-0.2719115815,-0.06558214,0.362924751,0.33718313299999997,-0.772136555,0.543823163,-0.893242604,-0.6365446745000001,-0.22412436800000002,-0.45813560750000004,-0.341520894,0.17288164400000006,0.22272892700000002,0.128025454,-0.135778067,0.683041788,-0.014319163000000003,-0.31257063949999997,0.286333728,0.2291485475,0.193685544,-0.11494892400000001,0.030713362999999994,0.49584556600000007,-0.345449281,-0.387371088,-0.49810621050000004,-1.8043775215000002,-1.9440289385000002,0.09562142999999998,0.1385463415,-0.34156365299999997,-1.351892841,-2.110012059,0.47791234399999993,-0.277092683
2018.0,2655.0,1.0,0.0,0.0,0.0,0.0,0.0,0.0,0.0,0.0,0.0,-0.253630566,-0.9379152909999999,-0.4489303905,0.620357713,0.3109877315,-0.29624362400000004,0.17702527999999995,0.40375976299999994,-0.30503396,-0.621975463,-0.2060727965,-0.337768065,-0.752840918,-1.0441164280000002,-0.2719115815,-0.197420645,-0.127844764,-0.49327566199999995,0.7393174360000001,0.543823163,-0.8616116225,-0.754173132,-0.4948566315,-0.6699804405,-0.3292488825,0.14370441499999997,-0.08101029999999998,0.22589908299999995,-0.12832197899999997,0.658497765,0.19022127900000002,0.5293157145,0.461949005,-0.303192548,0.193685544,0.012184009999999995,-0.245491733,-0.69066928,0.08832112999999997,-0.387371088,0.17181591799999996,0.7197552985,0.06740546400000003,-0.955359729,0.1385463415,0.5879454279999999,-0.29504471499999996,-1.020746154,1.3163446040000002,-0.277092683
2019.0,2637.0,1.0,0.0,0.0,0.0,0.0,0.0,0.0,0.0,0.0,0.0,-0.9243006330000001,0.008210758000000012,-0.6631064784999999,-0.461952117,-0.052793673,-0.17783911600000002,0.318911488,-1.167976733,0.13464620399999994,0.105587346,-0.122204759,-0.11601681350000001,-0.019097674499999995,-0.0742310005,-0.048172413,0.162197298,-0.303654805,0.100062763,-0.083565479,0.096344826,-0.274518676,-0.35779760800000004,-0.3401173135,-0.3188460725,-0.1688946005,-0.054197302,0.05463667,-0.08879826899999999,0.12469946300000001,0.337789201,0.6045178090000001,0.041647982,0.6664626815,0.474135869,0.3750344295,0.18289852000000006,-0.38727342,0.343067143,0.12182153600000001,-0.750068859,0.8485498455,-0.04798862350000001,0.46647670250000006,0.44191817899999997,0.0737821565,0.378231655,-0.203130569,1.228079077,0.11699548599999998,-0.147564313
2021.0,2715.0,1.0,0.0,0.0,0.0,0.0,0.0,0.0,0.0,0.0,0.0,-0.006421856499999989,-0.09313402300000001,-0.020815229500000004,-0.6338955669999999,-0.3559448435,0.6360971870000001,0.31818722,-0.526547917,0.403535734,0.711889687,-0.11415616149999999,-0.31546036,-0.0425910835,-0.00948130300000001,-0.0929202465,-0.205469243,-0.08322935399999998,-0.12175366700000001,-0.21306487400000002,0.185840493,-0.274518676,-0.35779760800000004,-0.3401173135,-0.3188460725,-0.1688946005,-0.054197302,0.05463667,-0.08879826899999999,0.12469946300000001,0.337789201,0.015050414999999998,0.304682391,0.27464118499999995,0.5637658674999999,0.2239103585,-0.17368808,-0.10901788800000001,0.5445422959999999,0.05133943299999999,-0.447820717,-0.1605860165,0.0966703615,0.063420284,0.13765346500000003,0.150689626,-0.272256145,-0.342076279,0.002880110000000005,-0.6959464,-0.301379252
1985.0,2200.0,0.0,1.0,0.0,0.0,0.0,0.0,0.0,0.0,0.0,0.0,-0.149196082,-0.6338809464999999,-0.708855104,-0.7439920945,-0.558045624,-0.23334912,0.17919808300000006,-0.18755118400000004,-0.27623964300000003,1.116091248,-0.2919529835,-0.448548991,-0.5293847795,-0.41903963,-0.2495376645,-0.4651219529999999,0.0044862660000000165,-0.13377819099999994,0.176479496,0.499075329,-0.3753526815,-0.2158179665,-0.4296415755,-0.13779861650000003,-0.0576283635,-0.255865313,-0.874519267,0.113734479,0.837306001,0.115256727,-0.4863587555000001,-0.9269385395,-0.6944770225,-1.8405709144999998,-0.229461855,-1.3644717210000001,-1.220550917,1.849987583,-0.5571260849999999,0.45892371,-0.5066417114999999,-0.9228511020000001,-0.471342711,-1.402525048,-0.383614897,-1.413782253,-0.633803386,0.496867754,-0.4585320039999998,0.767229794
1986.0,2322.0,0.0,1.0,0.0,0.0,0.0,0.0,0.0,0.0,0.0,0.0,-0.21713695000000002,-0.6853379605000001,-0.4502383095,-0.597596645,-0.012373517,-0.36923085600000005,-0.260324769,0.258220885,0.705924738,0.024747034,-0.2699798995,-0.3152709595,-0.4627305365,-0.4837893275,-0.294285498,-0.42117578499999997,0.005622667000000026,-0.08788451100000005,0.305978891,0.588570996,-0.400104691,0.3371061315000001,-0.5388435540000001,-0.493175339,-0.383245733,-0.305369332,1.3792229010000001,-0.05665594000000007,-0.12028661600000001,0.766491466,0.695748979,-0.4565394415,-1.3639512470000001,-0.010244028000000016,0.3448096155,0.9997437480000001,-0.865493215,0.607148222,2.3088937339999998,-0.689619231,0.677960731,-0.572380925,-0.7101194534999999,0.08905608749999994,0.5028448795,0.9554226319999999,-0.20695178800000003,0.551231279,1.659808333,-1.005689759
1987.0,2062.0,0.0,1.0,0.0,0.0,0.0,0.0,0.0,0.0,0.0,0.0,-0.04728478,-0.972421152,-0.57594993,-0.5756479345000001,-0.3357347655,-0.029526516000000003,-0.22859526800000007,0.43556676600000005,0.13704573100000006,0.671469531,-0.182087563,-0.3823834755,-0.37531573,-0.3113327035,-0.294285498,-0.245391112,-0.21707558500000002,-0.26271412400000005,0.13289455700000002,0.588570996,-0.3457314245,0.204453308,-0.0035239545000000094,0.038180566,-0.3464296985,-0.19662279900000001,0.262779962,-0.378409329,0.567229652,0.692859397,-0.16341179700000003,0.6284136929999999,-1.4034849535,-0.30584083650000005,-0.036023044,-0.718577804,0.65108712,-1.009664591,1.899330735,0.072046088,-0.37048051099999996,0.353489218,-0.960033417,-0.5783508605000001,-0.3067074275,-1.1414598519999999,-0.35948553200000005,-0.64170063,0.23065022700000004,0.613414855
1988.0,2244.0,0.0,1.0,0.0,0.0,0.0,0.0,0.0,0.0,0.0,0.0,-0.21713695000000002,-0.5003238185,-0.5223537895,-0.483100986,-0.477205312,-0.36923085600000005,-0.698157665,0.32837448500000005,0.5519307880000001,0.954410624,-0.182087563,-0.4489277915,-0.240914105,-0.3973517795,-0.160041997,-0.245391112,-0.17321777500000002,0.006089126,0.047189337,0.320083994,-0.269040772,0.14975112149999997,0.066183131,0.4534465275,0.157540903,-0.04324149399999999,1.043645631,-0.650900768,1.012692467,-0.315081806,-0.07810505349999997,-0.23325561449999999,0.3405282725,0.29253232100000004,0.1815956185,-0.5479643169999999,-0.351340119,-0.549074395,-0.559239142,-0.363191237,-0.275167671,-0.3762343035,-0.24227278199999996,0.012421907499999999,0.0575911105,-0.950834172,-0.328574963,-0.35060686599999996,0.059928736999999996,-0.115182221
1989.0,2351.0,0.0,1.0,0.0,0.0,0.0,0.0,0.0,0.0,0.0,0.0,-0.149196082,-0.1617836125,-0.25764288650000006,-0.721243542,-0.537835546,-0.23334912,-0.290364313,-0.5714341110000001,-0.9967130739999999,1.075671092,-0.204060647,-0.4045017805,-0.352915459,-0.44030900799999995,-0.0705463295,-0.28933728000000003,-0.172838975,-0.217913582,-0.03872512,0.141092659,-0.272692708,-0.444854957,-0.587346454,0.18204087750000003,0.1649041095,-0.050545366000000036,0.006072876000000005,0.298676324,1.289387217,-0.329808219,0.0132950295,0.40601401849999996,-1.5592079445,-0.20414773799999997,0.2964499125,-0.365164151,-0.289338801,-1.609437835,1.7394556939999999,-0.592899825,-0.45217723150000005,0.007258318999999999,-0.8111228615,-0.5340934505,0.150689626,-1.304853293,-0.17828942,-0.6178973730000001,1.0581946990000002,-0.301379252
1990.0,2235.0,0.0,1.0,0.0,0.0,0.0,0.0,0.0,0.0,0.0,0.0,-0.04728478,-0.7354671505,-0.23519979,-0.46155219599999997,-0.456995234,-0.029526516000000003,0.0433474410000001,-0.097778796,0.05884899199999999,0.913990468,-0.1161683105,-0.3370104645,-0.2414606745,-0.33281131799999997,-0.2719115815,-0.113552607,0.22756331900000001,-0.08241881899999998,0.08993732800000004,0.543823163,-0.279590809,0.8236804044999999,-0.413435999,0.0777257465,0.1100891255,-0.06434156800000002,-0.05755368299999997,0.13351049000000004,-0.344327865,-0.220178251,0.135161806,0.28755335849999997,-0.864007027,-1.958594232,-0.531709997,-0.121430598,0.036951891000000014,0.18942762199999996,0.09227654400000018,1.063419994,0.2377061835,0.2978149395,-0.235397123,-0.8935149465000001,-0.407901466,0.07491353700000003,-0.24813697499999998,0.21118016,0.24500749700000013,0.815802932
1993.0,2660.0,0.0,1.0,0.0,0.0,0.0,0.0,0.0,0.0,0.0,0.0,-0.5228708565,-0.5670420265,-0.3271425285,-1.1608767580000001,-0.578255702,-0.980698669,-0.22569819700000004,-0.210202753,-0.26744137999999995,1.156511404,-0.226033731,-0.448170191,-0.2190604035,-0.4619968585,-0.4061550825,-0.333283448,0.18219030800000002,-0.03761827699999998,0.09056503900000001,0.812310165,0.646783578,-0.24108806700000002,-0.22949514450000003,0.061474901500000005,-0.2580712165,1.788407206,0.509807998,0.258797485,0.08393689900000001,0.516142433,-0.4741720774999999,-0.15938657149999996,0.05431548050000001,-1.685660645,-0.5619348115,-1.3400983649999998,-0.8118710069999999,1.137063577,-1.019235674,1.123869623,-0.21616448400000005,0.2910116455,-0.13887233300000001,-0.8855302705,-0.12860592,-0.8328277980000001,-0.03904644900000004,0.33975495,0.339597025,0.25721184
1994.0,2461.0,0.0,1.0,0.0,0.0,0.0,0.0,0.0,0.0,0.0,0.0,0.0885969565,-0.44910822650000004,-0.216026491,-0.3454568525,0.048256717,0.242236957,-0.393761187,0.012029321999999981,-0.398333803,-0.096513434,-0.2919529835,-0.6039453275,-0.574185321,-0.5480159339999999,-0.048172413,-0.4651219529999999,0.04758647699999996,-0.22337927399999996,0.004859818000000016,0.096344826,-0.438247132,-0.3383845395,-0.5317295660000001,-0.2747418825,-0.278524569,-0.38165421400000005,0.421199581,-0.05000905,0.418607153,0.557049138,-0.4863587555000001,0.46689705000000004,-0.3390722555,-1.5560754220000002,-0.2052820035,-1.3644717210000001,0.10276902800000004,-0.20233914699999997,-0.669249918,0.410564007,-0.665496445,0.4856316345,0.38599645400000004,-1.220910125,-0.0921760665,-1.73149172,-0.729030947,-0.625344632,-0.11102619199999997,0.184352133
1995.0,2267.0,0.0,1.0,0.0,0.0,0.0,0.0,0.0,0.0,0.0,0.0,-0.013314345999999998,0.142250732,-0.5818355655,-0.062217112,-0.3963649995,0.038414352,-0.28819151,-0.21935818699999998,-0.21483959,0.792729999,-0.09419522649999999,-0.1598746235,-0.396076293,-0.074649474,-0.1152941635,-0.06960643899999999,-0.037477543,-0.04199083200000003,0.26092929600000003,0.230588327,-0.40943741599999994,-0.6377108035,-0.213199255,-0.007694103000000008,0.167358512,-0.32403478199999997,0.026363455000000036,0.129659452,0.77497851,-0.334717024,-0.30965192900000005,-0.968131686,-0.167670419,-0.928665434,-0.5498448855,-1.011058068,-0.28915558799999996,-0.292026368,-1.162624642,1.099689771,-0.18439353750000004,-0.265077735,0.247354894,-0.07899008499999999,0.1547373875,-0.769285905,-0.791483716,-0.822034266,-0.657512444,-0.309474775
1996.0,2344.0,0.0,1.0,0.0,0.0,0.0,0.0,0.0,0.0,0.0,0.0,-0.149196082,-0.3305708705,-0.520391911,-0.213811535,-0.49741539,-0.23334912,-0.224008239,0.546682804,-0.211640222,0.99483078,-0.2919529835,-0.4262412855,-0.46109082850000005,-0.5051633234999999,-0.2495376645,-0.4651219529999999,0.04910167700000001,0.17763932300000002,0.176897969,0.499075329,-0.38306232399999995,-0.295360143,-0.2889970735,-0.5871218035,-0.1688946005,-0.271284598,0.161575758,-0.598098633,0.330311113,0.337789201,-0.120758425,0.39917200500000005,-0.3161414465,0.016557531000000014,0.1755506555,-0.63327106,0.30524614600000005,0.612395171,-0.725223658,-0.351101311,0.26947712999999995,0.455182482,0.07213080249999998,0.6381181659999999,0.5716568255,0.13845543,0.08372865799999996,1.051897771,-0.591287002,-1.143313651
1997.0,2518.0,0.0,1.0,0.0,0.0,0.0,0.0,0.0,0.0,0.0,0.0,-0.08125521399999999,-0.431312095,-0.07441136949999999,-0.690143594,-0.2144742975,-0.09746738399999999,0.11308343200000004,-0.419355637,0.29103968,0.428948595,-0.31392606749999996,-0.5816376225,-0.5064379395,-0.440413626,-0.1152941635,-0.509068121,0.09220188699999998,-0.00046970499999998694,0.04739857400000003,0.230588327,-0.23860797350000001,-0.22182019900000005,-0.6382369219999999,0.39812301850000004,0.054456007,0.017624102999999974,-0.6158555520000001,0.35609817,0.6354591430000001,-0.108912014,0.3057752935,-0.279196728,-0.24755242950000006,-1.1883506095,-0.7855984365,0.219796377,0.16504662800000003,-1.220663089,-0.2516538749999999,1.571196873,0.328480317,-0.2718717515,-0.135247109,0.048344188499999996,-0.0719372585,0.256461804,0.770938599,0.298649306,0.477702073,0.143874517
1998.0,2404.0,0.0,1.0,0.0,0.0,0.0,0.0,0.0,0.0,0.0,0.0,-0.149196082,0.00664151150000003,-0.8827227149999999,-0.801839806,-0.052793673,-0.23334912,-0.5594099509999999,-1.3213631259999998,-0.085546852,0.105587346,-0.31392606749999996,-0.4039335805,-0.46382367449999995,-0.69857547,-0.160041997,-0.509068121,0.09371708700000003,-0.26490040099999995,-0.12359339400000002,0.320083994,-0.344919883,-0.3471990835,0.4068543255,-0.20587116,-0.289978446,-0.194999716,0.361176681,1.170131379,-0.026191848000000018,0.579956892,-0.10857174749999998,-0.10050451799999999,-0.507905345,0.130049598,0.16346073,-0.608897705,0.544959528,0.08470374199999997,0.09205998400000001,-0.32692146,0.14693204999999998,0.28368502100000004,0.1595257915,0.2009526255,0.1264030565,-0.10663472999999998,0.18612796400000003,-0.24011370099999998,-0.45927983099999997,-0.252806113
1999.0,2376.0,0.0,1.0,0.0,0.0,0.0,0.0,0.0,0.0,0.0,0.0,-0.268092601,-0.988285903,-0.2881419705,-0.6829450149999999,-0.2751045315,-0.4711421579999999,0.3455711159999999,0.08218292299999999,-1.073310128,0.550209063,-0.2480068155,-0.4258624855,-0.28407493899999997,-0.3322882265,-0.3837811655,-0.377229617,0.22680571900000002,0.182011876,-0.34068113899999997,0.767562331,-0.0961824765,0.3678912965,-0.468734484,0.467403578,-0.3914270735,0.30247509699999997,-0.246806573,0.121467624,0.04995868999999997,0.782854147,-0.206065169,-0.815831771,-1.104467656,-1.7431314,0.084876213,-0.803884548,-0.705467134,-0.2914936360000001,-0.8390274280000001,-0.169752426,0.196857823,-0.1741824185,-0.25979222550000003,-0.4725640755,0.3045045645,-0.006783183999999998,0.229703733,-0.09550920099999999,-0.29680585700000006,-0.609009129
2000.0,2646.0,0.0,1.0,0.0,0.0,0.0,0.0,0.0,0.0,0.0,0.0,-0.098240431,-0.736553552,-0.357641612,-0.00516924249999999,-0.679306092,-0.131437818,-0.564721248,0.44341428000000005,-0.253937959,1.358612184,-0.226033731,-0.426620086,-0.396076293,-0.010109013,-0.13766808,-0.333283448,-0.12860236400000002,-0.04199083200000003,0.303677288,0.27533616,-0.29095238700000003,-0.153275139,-0.4705171775,0.20791203749999998,-0.131260432,-0.08706472400000004,0.40498248400000003,-0.26115200699999996,0.626941533,0.262520864,-0.157318458,-0.382110524,-0.417254844,-0.684666966,-0.0481129695,-0.706391126,1.10817154,-0.526895228,0.9600478579999999,0.096225939,0.2195513565,0.22283007500000002,-0.0018782380000000043,0.21374444250000002,0.272122472,0.038603883000000005,1.195034192,-0.272785208,0.415401701,-0.544244944
2001.0,2393.0,0.0,1.0,0.0,0.0,0.0,0.0,0.0,0.0,0.0,0.0,0.0376413055,-0.465576534,0.11405182350000001,-0.12246434950000001,-0.032583595,0.140325655,-0.15741074199999994,0.314878349,0.430636471,0.06516719,-0.138141395,-0.4931644015,-0.4173834255,-0.139294553,0.0189493375,-0.157498776,-0.084744555,0.090224517,0.304304998,-0.037898675,-0.452854875,-0.28714929450000004,-0.65104134,0.04058279349999999,0.210719619,-0.41086970000000006,-0.042124259,0.03988108000000001,0.927482515,-0.421439238,-0.06591837550000001,-0.261974627,-0.932783954,0.13120783900000005,0.20577547,-0.523590961,-0.025793976000000024,1.0610191859999998,1.025233384,-0.41155094,0.087928863,-0.0665405315,-0.38133362449999997,-0.10038580799999997,0.482606072,-0.22464110399999998,0.736206809,-0.918865101,1.359544718,-0.965212144
2002.0,2066.0,0.0,1.0,0.0,0.0,0.0,0.0,0.0,0.0,0.0,0.0,-0.336033469,-0.8702313915,-0.5785657675,-0.4966513545,-0.1538440635,-0.607023894,0.24507131300000007,0.14448900899999995,-0.470931645,0.307688127,-0.226033731,-0.337389265,-0.3518223205,-0.31122808550000003,-0.182415914,-0.333283448,0.04985927800000001,-0.04089769300000001,0.04677086300000005,0.364831828,-0.206957863,0.022633282500000004,-0.355896958,-0.424970466,-0.3456115645,0.08092432399999999,-0.15466761899999998,-0.135519726,0.012831939999999986,0.691223129,0.17781517800000002,0.2487799985,-0.9049975175,-1.350806263,-0.688879031,-0.03612385399999998,-0.19829419099999998,0.8282647970000001,-0.6446766639999999,1.377758062,0.18324170299999998,0.1462040295,-0.6027189924999999,-0.6023224110000001,-0.3350417585,-0.03401542399999999,-0.756925361,0.556489137,-0.06887743800000001,0.670083517
2003.0,2086.0,0.0,1.0,0.0,0.0,0.0,0.0,0.0,0.0,0.0,0.0,-0.268092601,-0.5493666065,-0.1604684725,-0.38375537949999994,-0.638885936,-0.4711421579999999,0.21358323300000004,0.123145359,-0.32173674899999993,1.277771872,-0.16011447899999998,-0.35950757,-0.3277823425,-0.117502084,-0.1152941635,-0.201444944,0.09409588800000002,0.26942668300000006,0.08889114599999999,0.230588327,-0.1412230185,-0.12820664950000002,-0.53675674,0.2000755285,0.4087080695,0.212394013,-0.634075385,0.043544762000000015,-0.244440615,-0.817416139,-0.16341179700000003,-0.6509166559999999,-0.566877062,-2.3206430874999997,-1.166431096,-0.718577804,0.908486484,-0.65794876,-0.3366714129999999,2.332862192,-0.37048051099999996,-0.3023209039999999,-0.170128264,-1.063266753,-0.3714716125,-1.1414598519999999,1.583698204,-0.190199132,-0.06304804600000002,0.742943225
2004.0,2569.0,0.0,1.0,0.0,0.0,0.0,0.0,0.0,0.0,0.0,0.0,-0.319048252,-0.7013234230000001,-1.0713943810000002,-0.293208036,-0.477205312,-0.57305346,0.24627842600000005,-0.05509149599999996,0.47213436599999997,0.954410624,-0.226033731,-0.4041229805,-0.573638752,-0.37618702,-0.2271637475,-0.333283448,0.004865067000000001,-0.13487132999999996,0.348517646,0.454327495,0.03691029549999997,-0.04143336299999997,0.096708247,0.3827337555,0.25489886,0.5686606409999999,-0.574665998,0.034325452000000006,0.04188730299999999,-0.50979772,0.0864150955,-0.159991518,-1.608719272,-0.8510985354999999,0.236000284,-0.218924019,-0.520210654,0.7423212400000001,-1.1437138089999999,-0.472000568,-0.638264205,0.14139806250000003,-0.6161790985,-0.259851535,0.0737821565,-1.6770272400000001,-0.732276201,1.4805720629999999,-0.327377796,-0.147564313
2005.0,2715.0,0.0,1.0,0.0,0.0,0.0,0.0,0.0,0.0,0.0,0.0,0.0376413055,-0.2123956475,-0.5044884095,-0.2154112195,0.048256717,0.140325655,-0.25694485300000003,0.29264372499999997,0.091548625,-0.096513434,-0.2699798995,-0.426430686,-0.4840376685,-0.590554689,-0.13766808,-0.42117578499999997,-0.03975034399999999,0.04433083700000007,-0.42554941399999996,0.27533616,-0.47801265549999994,-0.3676830235,0.011274030499999976,-0.468283561,-0.1590769915,-0.46118526099999996,0.235421179,-0.374083641,-0.42595146800000006,0.318153983,-0.3644919784999999,-0.8256069115,-0.761061024,-0.18232448449999997,-0.8279131765,-1.1207381669999998,-1.400871831,0.996001424,-0.8278379349999999,1.655826353,-0.21616448400000005,-0.4478531155,-0.3401538235,0.095043183,-0.1002715895,-0.8328277980000001,-0.711640249,0.759245529,-0.04213731,0.200543179
2006.0,2649.0,0.0,1.0,0.0,0.0,0.0,0.0,0.0,0.0,0.0,0.0,-0.098240431,-0.12812273000000002,-0.6506812475,-0.235760246,0.088676873,-0.131437818,-0.357686078,0.21464261099999993,0.35723878600000003,-0.177353746,-0.226033731,-0.3820046755,-0.39552972399999997,-0.3974563975,-0.1152941635,-0.333283448,-0.03937154300000001,0.04651711399999997,0.13331303100000003,0.230588327,-0.42323361800000003,-0.36858493800000003,0.074219965,-0.271631536,0.126451807,-0.35162718600000004,0.19611513200000003,-0.048556538,0.391915958,-0.252903614,-0.23043852399999998,-0.4889361315,-1.5151397035,-0.09694806999999994,-0.586114663,-0.852631258,-1.470970127,-1.064783187,-1.0203463419999999,1.172229326,0.010770849500000013,-0.191365601,-1.0130258589999999,-0.007618634499999999,-0.23384772,-0.37895713099999995,-0.472753976,-0.586498542,-0.247460945,0.46769544
2007.0,2773.0,0.0,1.0,0.0,0.0,0.0,0.0,0.0,0.0,0.0,0.0,-0.18316651599999997,-0.8538837960000001,-0.57594993,-0.498251039,-0.477205312,-0.30128998799999995,-0.058842320000000004,0.43556676600000005,-0.16774280000000003,0.954410624,-0.16011447899999998,-0.426430686,-0.462183967,-0.4406228625,-0.182415914,-0.201444944,-0.03975034399999999,0.0006234340000000338,0.219645961,0.364831828,-0.2341444965,0.367970975,-0.14072738600000004,-0.251221313,0.0675461525,0.02655105699999999,0.39252102,-0.7589513800000001,0.42615402599999996,-0.135092305,0.257028583,-1.0437690339999999,-0.17894791250000003,-0.06290586449999996,-0.078337784,0.12230295600000002,1.023920948,0.262073169,-0.5662968669999999,0.156675568,0.1787029965,-0.9455370165000001,-0.04598759849999999,0.280781864,0.235692618,-0.043092836999999995,1.170923889,0.170913079,0.470856368,-0.471385236
2008.0,2649.0,0.0,1.0,0.0,0.0,0.0,0.0,0.0,0.0,0.0,0.0,-0.37000390299999997,-0.09301331199999999,-0.0890069525,-0.174313245,-0.558045624,-0.674964762,0.385750408,-0.01977768099999999,-0.51562891,1.116091248,-0.401818404,-0.6262530325,-0.39552972399999997,-0.311123467,-0.2271637475,-0.684852794,0.0029710670000000494,0.04651711399999997,-0.039352830000000005,0.454327495,-0.06656121949999999,-0.723769701,-0.19628714350000004,0.029732242500000006,-0.0903537275,0.361717611,-0.18977868399999998,-0.7235032530000001,-0.279046613,0.180707455,0.19609519450000001,-0.18158931149999996,0.2911893555,-0.24404882300000003,-0.809778288,0.00043617900000000875,-0.923861929,-0.551643141,-0.7696559940000001,1.619556576,0.36478997,-0.12627137700000002,-0.07539383900000002,-0.39397894499999997,-0.723626866,0.32908111,-0.8736124940000001,0.466711938,-0.48556436999999997,1.447253732
2009.0,2766.0,0.0,1.0,0.0,0.0,0.0,0.0,0.0,0.0,0.0,0.0,-0.132210865,-0.5669213155,-0.488584908,-0.119664902,-0.052793673,-0.199378686,-0.158135009,0.038604647999999964,-0.09994401,0.105587346,-0.2919529835,-0.515282707,-0.43978369650000004,-0.4836847095,-0.204789831,-0.4651219529999999,-0.04050794400000002,0.045423975000000005,0.219855197,0.409579662,-0.210609799,0.061300207,-0.14919226600000002,-0.283105306,0.458614249,0.07362045199999998,-0.044723146000000005,-0.053151048000000006,0.885685084,-0.917228498,-0.23043852399999998,-0.18549819749999996,6.620799999998428e-05,-0.10408700449999997,0.3387646525,-0.852631258,0.9607126610000001,0.28371960399999996,0.690866661,-0.677529305,-0.2433967245,-0.36765975250000005,-0.029247394499999968,0.179294063,0.3733165105,-0.887292279,1.007626279,0.5267674330000001,1.321391124,-0.746633021
2010.0,2784.0,0.0,1.0,0.0,0.0,0.0,0.0,0.0,0.0,0.0,0.0,-0.268092601,-0.5836310455,-0.1604684725,-0.403704485,-0.3357347655,-0.4711421579999999,-0.056910938999999994,0.123145359,-0.13184379999999996,0.671469531,-0.31392606749999996,-0.6264424325,-0.5064379395,-0.483580091,-0.316659415,-0.509068121,-0.08588095500000004,-0.00046970499999998694,0.133731504,0.63331883,-0.06777853149999999,0.436343728,-0.19944804250000003,0.410829423,-0.183621014,0.359282987,-0.6235190420000001,0.564013433,-0.0006570300000000029,0.367242028,-0.09638506999999996,0.266048634,0.105620185,-0.027901874500000035,0.1453258415,-0.5845243499999999,-0.411570206,-0.12988150999999998,-0.723327161,-0.290651683,-0.20254836400000004,0.494964863,0.37897789449999997,0.4136301215,-0.0638417355,-0.805595558,0.21468506199999998,0.150434413,-0.521369931,0.127683471
2011.0,2926.0,0.0,1.0,0.0,0.0,0.0,0.0,0.0,0.0,0.0,0.0,-0.132210865,-0.566197048,0.02341700399999999,-0.27085940399999997,-0.2548944535,-0.199378686,0.24724411599999996,0.34799327199999996,-0.172541852,0.509788907,-0.423791488,-0.6704896425,-0.729347509,-0.5697037844999999,-0.473276833,-0.7287989619999999,0.09144428700000007,-0.271459232,0.13414997699999998,0.946553666,-0.03125917299999997,0.1806641975,-0.6253308424999999,0.11536103749999993,-0.298977921,0.43232170400000003,-0.210366905,-0.11591424500000003,1.1395715929999999,0.597955842,-0.285278574,-0.0732746045,-0.3940029415,0.007799765999999986,-0.078337784,-0.962311358,0.937346563,0.312508549,-0.424885606,0.156675568,-0.275167671,-0.3477205649999999,-0.08849398850000001,0.23738306350000002,0.2923612795,-0.950834172,1.13315739,0.408274245,0.415506837,-0.584722559
2012.0,2392.0,0.0,1.0,0.0,0.0,0.0,0.0,0.0,0.0,0.0,0.0,-0.35301868599999997,-0.4652144005,-0.21733440999999998,-0.744791937,-0.3963649995,-0.640994328,0.045278821000000025,-0.133509556,-0.12464522,0.792729999,-0.31392606749999996,-0.31546036,-0.286261216,-0.4618922405,-0.316659415,-0.509068121,-0.08322935399999998,-0.172019902,0.004441345000000041,0.63331883,0.17243769150000005,0.214247734,-0.19748135849999998,0.3655090485,0.133815014,0.8397154330000001,-0.320927734,0.16867633099999998,-0.47636688699999996,-0.267630028,-0.279185235,-0.5168640605000001,-0.4906602605,-0.24404882300000003,-0.809778288,-0.9501246799999999,-1.526825985,0.9361211549999999,-0.7696559940000001,1.619556576,0.010770849500000013,-0.442375188,-0.164046674,-0.3742888555,-0.76005672,-0.37895713099999995,0.10445132799999995,0.644017608,-0.49335629700000005,1.52011344
2013.0,2897.0,0.0,1.0,0.0,0.0,0.0,0.0,0.0,0.0,0.0,0.0,-0.16618129899999998,-0.330208736,-0.32452669,-0.2166109825,-0.1740541415,-0.26731955399999996,-0.021318676000000036,0.08087500400000003,0.318940259,0.348108283,-0.2699798995,-0.4039335805,-0.551238481,-0.526955793,-0.13766808,-0.42117578499999997,0.09371708700000003,-0.0900707879999999,0.39231182200000003,0.27533616,-0.357904544,-0.3433444295,-0.500429867,-0.10176737400000002,0.3923453875,-0.220969038,-0.11701231099999998,-0.149139462,0.652655746,-0.784690775,-0.4437053835000001,-0.859492701,-0.7776639219999999,-0.398498503,-0.0178881555,-1.2791649770000002,-1.2884155659999998,0.193922928,0.17015514600000003,0.035776311,-0.21616448400000005,-0.5099993465,-0.5975056285,-0.279121081,-0.031459643,-0.8328277980000001,-0.647496691,-0.02947593500000001,0.05863206200000001,0.062919286
2014.0,2703.0,0.0,1.0,0.0,0.0,0.0,0.0,0.0,0.0,0.0,0.0,-0.149196082,-0.2960650085,-0.088352993,-0.141613613,0.007836561,-0.23334912,0.18161230900000003,0.05299175800000001,0.468934998,-0.015673122,-0.2480068155,-0.35950757,-0.2851680775,-0.3974563975,-0.048172413,-0.377229617,0.09409588800000002,0.004995987000000035,0.13331303100000003,0.096344826,-0.17977123,-0.3339206425,-0.510422468,-0.5936411395,0.477431333,0.13529758999999997,-0.403074073,0.045672739999999934,-0.30147108499999997,-0.954862666,0.01938836799999999,-0.441783662,-0.023091739,-1.457477667,-0.428945629,-0.352977474,0.132743006,-0.074950824,-0.017977861999999956,0.857891258,-0.048232337000000014,-0.4941508075,-0.0018782380000000043,-1.4064735795,-0.4483790815,-0.496963504,-0.273188667,-0.272785208,-0.466429067,0.896758163
2015.0,4240.0,0.0,1.0,0.0,0.0,0.0,0.0,0.0,0.0,0.0,0.0,-0.4549299885,-0.38009650349999996,0.1260315675,-0.252909904,-0.1942642195,-0.8448169329999999,0.417479909,-0.375777363,0.016551255999999986,0.388528439,-0.31392606749999996,-0.4706672965,-0.5501453425,-0.289958708,-0.003424579,-0.509068121,0.048722877,0.08694510099999997,0.26197548,0.006849158,0.40007502450000004,-0.546347132,-0.6058732335,0.019211199999999984,0.052001605,1.294990099,-0.37790043800000006,0.309636301,1.06575472,-0.10400321,-0.206065169,-1.0572683865,-2.1124226565,-1.764189327,-0.966947322,-0.803884548,-0.5800713909999999,1.3447416870000002,-0.42706673800000017,1.933894644,-0.034616217000000005,-0.24537389450000002,-0.5900232934999999,-0.689558078,-0.407901466,-0.469731264,-0.289551259,0.581880535,-0.57355351,0.815802932
2016.0,2744.0,0.0,1.0,0.0,0.0,0.0,0.0,0.0,0.0,0.0,0.0,0.020656088000000003,-0.5159471465000001,0.0757052255,0.3726170515,-0.0730037515,0.10635522,0.01113509299999993,0.09526211300000001,-0.03454474499999999,0.146007503,-0.16011447899999998,-0.1371881185,-0.109245327,0.1624522295,-0.025798496,-0.201444944,0.184841909,-0.167647348,0.04446926100000001,0.051596992,-0.40416239750000005,-0.004639698499999997,-0.6508355155,0.23585424250000003,-0.076445448,-0.31348474500000006,0.208202409,0.065563013,1.219289743,0.152890896,-0.7300923090000001,-2.0665361765,-2.635579551,-1.7528509485,-0.586114663,-1.8519388280000002,-0.7287430890000002,-0.4944720740000004,0.07239039299999983,1.172229326,-0.47487076450000004,-0.775234846,-0.556399985,-0.4524359205,-0.1609880125,-1.350240359,0.243867732,-0.04397683000000008,0.089379227,0.321976025
2017.0,2773.0,0.0,1.0,0.0,0.0,0.0,0.0,0.0,0.0,0.0,0.0,-0.013314345999999998,-0.26240412599999996,-0.284872173,-0.47750209099999996,-0.477205312,0.038414352,0.114290544,0.446030118,-0.509230172,0.954410624,-0.1161683105,-0.1371881185,-0.19556699400000002,-0.0959188515,-0.13766808,-0.113552607,0.184841909,0.184198154,0.04572468099999999,0.27533616,-0.407002792,-0.155410056,-0.1836347845,0.21523855799999997,0.1100891255,-0.319165534,-0.36726755,-0.266076699,-0.14170839799999999,-0.220178251,-0.4497987225000001,-0.359442441,0.17696585849999996,0.142363295,-0.344316149,-1.2913516550000002,0.9958083440000001,-0.804117407,-0.541723612,0.688632298,-0.7880415255,-0.1393453575,0.13410473099999998,-0.8205664589999999,-0.1690835355,-1.976581881,0.8818164610000001,-0.967941106,2.073376236,0.338167071
2018.0,2532.0,0.0,1.0,0.0,0.0,0.0,0.0,0.0,0.0,0.0,0.0,-0.115225648,-0.7014441339999999,-0.249141413,-0.2517101405,-0.3761549215,-0.165408252,0.178715238,0.37456859800000003,-0.210840379,0.752309843,-0.226033731,-0.4706672965,-0.48622394550000003,-0.268584712,-0.0705463295,-0.333283448,0.048722877,-0.309700943,0.391056402,0.141092659,-0.36399110349999997,-0.080179678,-0.5121245145,-0.057941892500000036,0.0421839955,-0.23314215700000002,-0.012990392000000003,-0.08660979499999993,1.148414141,-0.084367991,0.10469511199999999,-0.09380210750000001,0.0012566265000000035,-0.16459896249999997,0.242045247,-0.182363986,0.017680817,-0.098335909,-0.40642182699999996,-0.484090494,-0.7244996320000001,-0.352012479,0.9746888604999999,0.150024738,-0.278373097,-1.849498094,-0.21160912399999998,-2.784530151,-0.199482798,0.556746194
2019.0,2649.0,0.0,1.0,0.0,0.0,0.0,0.0,0.0,0.0,0.0,0.0,-0.35301868599999997,-0.9546250205,-0.5084121665,-0.0071688480000000054,-0.0932138295,-0.640994328,0.2782493509999999,-0.14397290899999993,0.125048098,0.186427659,-0.35787223599999995,-0.4927856015,-0.3294220495,-0.44020438900000003,-0.2271637475,-0.596960458,0.09295948700000001,0.003902848999999986,-0.12484881399999997,0.454327495,-0.27025808399999995,0.5366854249999999,0.0018766389999999994,-0.6515563625,-0.3349758215,-0.04567611799999999,-0.31032899399999997,0.135270488,-0.03552361100000001,0.669951643,-0.504638772,-0.822441112,-0.289733338,0.08157367,0.07883125,-1.401031754,-0.22305924600000004,-0.19977040000000001,-0.050299526000000004,-0.1576625,0.14693204999999998,0.248089283,0.3684918425,0.7838808985000001,0.0737821565,-0.10663472999999998,-0.073499532,-0.031724662999999986,-0.5985182050000001,-0.147564313
2021.0,2715.0,0.0,1.0,0.0,0.0,0.0,0.0,0.0,0.0,0.0,0.0,-0.5908117245000001,-1.2085301744999999,-1.6369924335000001,-1.6204590795,-0.7803564825,-1.116580405,-0.027595662999999826,-0.2572878390000002,0.651723263,1.560712965,-0.621549245,-0.95973221,-0.771415204,-0.8059685415,-0.4061550825,-1.124314476,-0.1331479659999999,0.08147940799999998,-0.338379537,0.812310165,-0.5380667109999999,-0.664863132,-0.5693056705,-0.684019269,-0.3881545375,-0.581293372,0.04869376400000003,0.06689289099999995,-0.199185092,0.776309075,-0.2182518465,-0.6118640905,-0.24855493700000003,-0.5921516165,-0.428945629,-0.828257903,1.009120097,0.12285912000000002,-0.943673553,0.857891258,-0.19800965750000005,-0.4339059085,-0.056863269999999994,-0.4259702165,-0.330993997,-0.7965181450000001,-0.03278503899999996,0.294230012,-0.911199723,0.661987994
1990.0,2173.0,0.0,0.0,1.0,0.0,0.0,0.0,0.0,0.0,0.0,0.0,-0.149196082,-0.1438667695,0.16372420650000002,0.2389721285,0.230147419,-0.23334912,0.284043493,-0.228930565,0.15774773100000003,-0.460294838,0.191454867,0.706337879,0.953943148,1.0669602500000002,0.578297259,0.501693748,-0.07451695000000003,0.035603865999999984,-0.1321720959999999,-1.156594518,0.6918241195000001,0.813324824,0.7815286859999999,-0.7438122035,-0.3734281235,1.878488289,-0.05054581400000002,1.2270743499999999,-0.04889346700000008,0.746856247,0.470295442,0.6244568100000001,0.782518783,0.387350617,0.054651399,0.548836674,-0.14532346399999996,0.2628248099999999,-0.07445279599999999,-0.109302798,0.5735704774999999,0.82396922,0.42331914300000006,0.19710923049999998,-0.0638417355,0.7466421249999999,-0.052355776000000076,0.40030388400000005,-0.372622411,0.127683471
1991.0,1377.0,0.0,0.0,1.0,0.0,0.0,0.0,0.0,0.0,0.0,0.0,0.1395526075,0.21005534199999998,0.4759371405,0.3534677885,0.048256717,0.344148259,-0.15258228999999998,0.10964922299999996,0.0037537810000000116,-0.096513434,0.47710496,0.817687005,1.0195042525,1.1965642635,0.6901668435,1.072993934,0.05970808000000005,-0.09551834300000006,-0.4772945809999999,-1.380333687,-0.1757135235,1.5124907790000002,-0.583786936,-0.47782522149999995,-0.0633553025,0.14341300299999998,0.46729924199999995,-0.05809671399999994,0.562069033,0.126710605,0.32405531,0.5725578355000001,0.033765507500000014,0.35045013,0.4233941325,0.25635641,0.539375405,-0.441781769,0.260415122,-0.846788265,0.34209643700000003,0.7107626890000001,0.11983572449999999,0.41813937749999996,0.369268749,0.28369404400000003,-0.14172445999999994,-0.10995077099999999,-0.009182293000000008,-0.738537498
1993.0,2132.0,0.0,0.0,1.0,0.0,0.0,0.0,0.0,0.0,0.0,0.0,0.36036042850000005,0.4131070385,-0.14521893,0.390966473,0.088676873,0.785763901,0.05155580900000001,-0.203663158,0.07875114999999999,-0.177353746,0.411185708,0.5740068485,0.4436560425,0.851127924,0.3769320075,0.94115543,0.368606753,-0.19823708900000003,0.29949255600000013,-0.753864015,-0.30758898349999997,0.6870960939999999,-0.019618636000000023,-0.5831044835,-0.140259907,-0.12033791700000002,-1.312302094,-0.54453119,-0.24748588299999996,0.280519814,0.0742284175,0.400056158,0.712911759,0.4183380845,0.242045247,-0.24329737499999998,-0.121026678,0.12361076199999999,-0.375739097,-0.484090494,0.087928863,0.60683675,0.5565006205,0.05585575350000001,0.077829918,-0.22464110399999998,-0.024095940000000038,0.15086852699999997,0.146796429,-0.155659836
1994.0,2108.0,0.0,0.0,1.0,0.0,0.0,0.0,0.0,0.0,0.0,0.0,0.39433086250000005,0.19153494250000003,0.29270562349999996,0.4109155785,0.230147419,0.853704769,-1.064806033,-0.042429251,-0.11114179899999999,-0.460294838,0.7627550535,1.3725386350000002,1.3768154465,1.3255405675,0.8020364275,1.644294121,-0.1576869700000001,0.4442744329999999,-0.3056749029999999,-1.604072855,-0.28567736850000003,1.1495355255,1.2801328895,-0.5560637305,-0.3979721465,-0.07651468700000003,0.546871153,-1.273124395,-0.407331659,0.795944293,0.2631219215,0.712988564,0.534860918,0.06455933450000001,0.0969661385,0.134489633,0.43725269199999994,0.17597270199999998,-0.538404743,-0.193932277,-0.0981581105,0.4807389505,0.35579614400000004,-0.38587161049999996,-0.02336412,-0.596815051,0.528844181,-0.05711605999999997,-0.280661279,0.04672824
1995.0,2125.0,0.0,0.0,1.0,0.0,0.0,0.0,0.0,0.0,0.0,0.0,0.41131607950000004,0.615796601,-0.025601419000000014,0.39136639399999995,0.209937341,0.887675203,0.05300434400000009,0.9645716259999999,0.0029539399999999882,-0.419874682,0.0815894465,1.6619706029999999,1.510670502,1.669407632,0.8467842615,0.281962907,0.15575730399999999,0.6245697379999999,0.20939336600000003,-1.693568523,-0.27350424949999996,-0.008162129999999997,1.8895079575,-0.083268488,-0.3472478325,-0.052168449000000006,0.080498236,-3.086808205,-0.643278012,0.694495665,0.3057752935,0.209215555,0.614782156,0.555719289,0.3750344295,0.219796377,-0.052138273999999984,-0.31292116200000003,0.28498837600000004,-0.750068859,0.128777223,0.40693082199999997,0.678170089,0.327726175,0.1709284335,-0.14294438399999998,0.09000862199999998,-0.7018639499999999,0.171644112,-0.341856867
1996.0,2289.0,0.0,0.0,1.0,0.0,0.0,0.0,0.0,0.0,0.0,0.0,0.2414639095,0.108831272,0.4018597825,0.2772706555,0.088676873,0.547970863,-0.08574337,-0.038505493,0.08115067700000003,-0.177353746,0.389212624,1.039438257,1.3964828715,1.4110365515,0.6454190095,0.8972092620000001,-0.11610196000000006,0.04653525099999989,0.21064878500000006,-1.290838019,0.07951621349999999,0.5747048335,-0.495670265,0.6200423095,0.7711414725,0.653872477,0.492926743,-0.276079786,-2.070370111,-1.542282945,0.2265618885,0.7694493685,0.5519180915,0.6737290714999999,0.3871243555,0.061369567000000014,0.2573040550000001,0.06592341899999998,0.157746705,-0.774248711,0.26947712999999995,0.790231456,0.48798132650000003,0.35487526150000004,0.1992627645,0.13845543,8.252599999991617e-05,-0.05064485099999999,-0.214330701,-0.398525529
1997.0,2217.0,0.0,0.0,1.0,0.0,0.0,0.0,0.0,0.0,0.0,0.0,0.1905082585,0.396155886,0.495764399,0.7137045035,0.3109877315,0.446059561,0.017653503999999987,0.29222678,-0.041743325,-0.621975463,0.43315879200000007,1.35079913,1.551645059,1.777428413,0.757288594,0.9851015980000001,0.06425368199999992,0.094615208,-0.09256265399999997,-1.514577188,0.5092273285,1.1900163825,0.8588387314999999,-0.26958787100000003,0.2180828255,1.513294707,1.470817503,-2.181415447,0.9917084899999999,-0.436165651,0.4885754585,0.7696355054999999,0.7378083555,0.7950441895,0.435484058,0.585396707,0.16756240700000002,-0.33116875300000004,0.24145014900000006,-0.870968116,0.45556410350000004,0.7351765020000001,0.509949725,0.118786939,0.0737821565,0.5106293770000001,0.215453016,0.05776673600000004,0.05252230799999999,-0.147564313
1998.0,2220.0,0.0,0.0,1.0,0.0,0.0,0.0,0.0,0.0,0.0,0.0,0.1905082585,0.631902775,0.3839944025,0.02833023100000004,0.048256717,0.446059561,-0.386035664,-0.0027747329999999737,0.5790315260000001,-0.096513434,0.7407819695,1.5941004865,1.418336573,1.3249128575,0.734914677,1.600347953,-0.422349031,0.0028278479999999107,0.211067259,-1.469829354,0.007694809000000025,-0.14951253750000004,0.7538569835,2.92608144,0.7081451475,0.510229668,1.151138327,0.01687901700000005,-4.942455548,-1.416290295,0.317961971,0.2147080715,0.129741412,0.6217107465,0.3810793925,0.24416973200000003,0.003903720999999999,0.302797294,-0.17332821900000006,-0.762158785,0.28763195649999995,0.2281067365,0.262896578,0.531385159,0.3814120335,0.174765083,0.41758234099999997,-0.226796494,-0.9148212619999999,-0.762824067
1999.0,2276.0,0.0,0.0,1.0,0.0,0.0,0.0,0.0,0.0,0.0,0.0,0.36036042850000005,0.463477651,0.3317061815,0.33311876149999997,0.2705675755,0.785763901,-0.11699002599999997,0.24995642499999998,0.269443943,-0.541135151,0.6309165489999999,1.4171540455,1.3964828715,1.324808239,0.891532095,1.380617112,-0.06845614900000019,0.04653525099999989,0.2971909519999998,-1.78306419,0.09818166300000003,-0.15949207499999998,0.134271752,0.16763615600000004,-0.3979721465,0.691203376,-0.40478115,-0.24433149999999998,-1.89567244,0.795944293,0.4215487315,0.522939045,0.6856735535,0.5039515615,0.236000284,0.451343253,0.12473909600000005,-0.075029279,-0.590477207,-0.472000568,0.46464151699999995,0.5947475175,0.5139793995,0.378128384,0.369268749,0.5287842039999999,-0.39088535100000005,0.04970738700000005,-0.560925336,-0.738537498
2000.0,2355.0,0.0,0.0,1.0,0.0,0.0,0.0,0.0,0.0,0.0,0.0,0.12256739050000001,0.19153494250000003,0.31384080150000004,0.1085265745,0.230147419,0.310177825,-1.064806033,0.285687185,-0.256337485,-0.460294838,0.5649972965,1.283118414,1.597538739,1.4974740995,0.8244103445,1.248778607,-0.42500063199999993,0.36123218,-0.048140769000000194,-1.648820689,-0.0827920455,1.0240987364999998,-0.13257965700000002,-0.415009601,0.0487290685,0.329255959,3.0222457609999998,-0.30295299800000003,-0.276618092,-0.097458137,0.3849886985,0.3482967865,0.4490660445,0.286131643,0.405259244,0.378223187,0.496365955,-0.25991703499999996,0.040962838,-0.810518488,0.28309324999999996,0.6240199335000001,0.2937332265,0.5682361395,0.264026949,0.16568767,0.678361769,-0.06841101299999996,0.338183337,-0.528053898
2001.0,2410.0,0.0,0.0,1.0,0.0,0.0,0.0,0.0,0.0,0.0,0.0,0.32638999450000006,0.59896616,0.6036106385,0.655856792,0.129097029,0.717823033,0.08666522600000004,0.15061165900000006,0.14894946799999997,-0.258194058,0.652889633,1.3290596250000002,1.5286982189999998,1.6262411669999999,0.578297259,1.42456328,0.28619433399999994,-0.038693278,0.295726296,-1.156594518,-0.1976251385,0.4864797175,-0.5701415695000001,-0.15906766049999999,0.442251567,0.09958977299999999,-0.746629839,-0.19758984899999998,1.173254643,-0.884503134,0.360615343,0.6636955135,0.33204666299999996,0.371494522,0.3448096155,0.32947647599999996,-0.13443149899999995,-0.25368308,0.37061538800000005,-0.689619231,0.34209643700000003,0.525606004,0.20386704,0.26841059,0.1547373875,0.28369404400000003,-0.35786290600000004,0.009755769999999997,-0.02560723399999998,-0.309474775
2002.0,2503.0,0.0,0.0,1.0,0.0,0.0,0.0,0.0,0.0,0.0,0.0,0.0546265225,0.565184566,0.5434749034999999,0.39016663100000004,0.4524582775,0.174296089,0.08642380400000005,-0.469890453,0.23034557400000005,-0.904916555,0.45513187599999994,1.2394500035,1.505751379,1.3037480984999998,0.8020364275,1.029047766,-0.06997134900000002,-0.172001764,-0.09026105099999993,-1.604072855,0.2884880965,0.257841822,0.390399646,-0.6110854735,-0.404517219,1.071816243,0.06464765400000003,2.400736164,0.18035691499999995,0.809034438,0.506855475,0.6966040815000001,0.429628034,0.0733035645,0.1030111015,0.62195674,0.224255883,0.614243276,-0.316581837,-0.206022203,0.45102539699999994,0.5970328275000001,0.5954114500000001,0.25258141900000003,0.069734395,0.5015519639999999,-0.215009259,0.631657616,-0.08871364600000001,-0.13946879
2003.0,2670.0,0.0,0.0,1.0,0.0,0.0,0.0,0.0,0.0,0.0,0.0,0.513227382,0.5644602985,0.402513742,0.50466229,0.2705675755,1.091497808,-0.318955321,0.03426394599999999,0.07635162400000006,-0.541135151,0.85064739,1.484266561,1.375175739,1.2601631599999998,0.757288594,1.820078794,0.15424210399999994,0.17875059799999993,0.3405666540000001,-1.514577188,-0.024361071999999984,0.018322763500000006,0.6180628260000001,0.10702078599999998,-0.227800255,0.446117906,0.591647293,-0.588277032,-0.81232802,0.45560051,0.512948814,0.736028922,1.046912729,0.509376921,0.1453258415,0.634143418,0.14540620199999998,0.21495817799999994,-0.05743845999999997,-0.290651683,0.16508687649999998,0.6402958085,0.7259491675,0.5872778915,0.3126000875,-0.07032507699999999,0.9164800869999999,-0.171100967,-0.252694567,-0.625200175
2004.0,2456.0,0.0,0.0,1.0,0.0,0.0,0.0,0.0,0.0,0.0,0.0,0.29241956050000006,0.5653052775,0.5837833800000001,0.46636376300000004,0.3716179655,0.6498821650000001,0.15398699100000002,-0.03196589800000005,0.15294867800000006,-0.743235931,0.7407819695,1.129426678,1.5068445174999998,1.518534241,0.779662511,1.600347953,0.41776776400000004,0.00501412499999998,0.3393112340000002,-1.559325022,-0.297038947,0.38749181899999996,-0.6374577214999999,-0.47408228799999996,-0.32270381,-0.09923784400000002,-0.011941782000000012,-0.107316635,-0.325648498,0.64540762,0.3057752935,0.500270961,0.1234135005,0.3596820195,0.1755506555,0.219796377,0.23710229199999994,0.290141471,-0.08438233699999997,-0.351101311,0.25132230349999996,0.423154062,0.22180576500000002,0.4335830505,0.340934418,0.102145777,-0.408591864,0.12622670600000002,-0.29277565099999997,-0.681868836
2005.0,2614.0,0.0,0.0,1.0,0.0,0.0,0.0,0.0,0.0,0.0,0.0,0.41131607950000004,0.7166585375000001,0.468743586,0.33311876149999997,0.230147419,0.887675203,-0.216524139,-0.6908146079999999,0.269443943,-0.460294838,0.652889633,1.4619588555,1.6368735884999999,1.604971789,0.779662511,1.42456328,0.10962669300000005,-0.4342461830000002,0.08052167999999993,-1.559325022,-0.1501499725,-0.09295416549999999,0.6377472325,0.7165902185,-0.2940691165,0.194540105,-0.439650045,2.748863697,-1.393469517,0.588138233,0.2631219215,0.41122732949999996,0.58525707,0.531620159,-0.0843827465,0.134489633,-0.09868433500000001,0.733283172,-0.580547666,0.168765493,0.25586101,0.31275617099999997,0.8096056954999999,0.5714311974999999,0.077829918,0.11122319000000003,-0.338168342,0.592603887,-0.33156005899999996,-0.155659836
2006.0,2760.0,0.0,0.0,1.0,0.0,0.0,0.0,0.0,0.0,0.0,0.0,0.29241956050000006,0.851905624,0.9145156544999999,0.048279337000000005,0.250357497,0.6498821650000001,-0.14799525999999996,0.34365256899999996,0.389138576,-0.500714994,0.608943465,1.5729291815,1.553831336,1.4972648629999998,0.779662511,1.336670944,0.06614768300000007,0.44864698599999997,0.12410661800000011,-1.559325022,0.26251877500000004,-0.267323118,-0.227406217,2.0189427990000004,0.614877861,1.0198776,-0.61392111,-0.922200928,-3.547823594,-1.229755722,0.360615343,0.192784538,0.1233195455,0.5722730355000001,0.1453258415,0.32947647599999996,-0.24269967199999998,-0.190591877,0.29539204100000005,-0.290651683,0.31032549,0.24675463949999998,0.2435719385,0.8356323505000001,0.069734395,0.22015215,-0.401649217,0.218115145,-0.11763845700000009,-0.13946879
2007.0,2471.0,0.0,0.0,1.0,0.0,0.0,0.0,0.0,0.0,0.0,0.0,0.29241956050000006,0.851905624,0.9145156544999999,0.048279337000000005,0.250357497,0.6498821650000001,-0.14799525999999996,0.34365256899999996,0.389138576,-0.500714994,0.608943465,1.5729291815,1.553831336,1.4972648629999998,0.779662511,1.336670944,0.06614768300000007,0.44864698599999997,0.12410661800000011,-1.559325022,0.26251877500000004,-0.267323118,-0.227406217,2.0189427990000004,0.614877861,1.0198776,-0.61392111,-0.922200928,-3.547823594,-1.229755722,0.360615343,0.192784538,0.1233195455,0.5722730355000001,0.1453258415,0.32947647599999996,-0.24269967199999998,-0.190591877,0.29539204100000005,-0.290651683,0.31032549,0.24675463949999998,0.2435719385,0.8356323505000001,0.069734395,0.22015215,-0.401649217,0.218115145,-0.11763845700000009,-0.13946879
2008.0,2673.0,0.0,0.0,1.0,0.0,0.0,0.0,0.0,0.0,0.0,0.0,0.32638999450000006,0.3807739805,0.873553218,0.542560896,0.4524582775,0.717823033,0.862072637,-0.167041424,0.07555178200000001,-0.904916555,0.6309165489999999,1.2850124145000001,1.6609135665,1.5402220915,0.600671176,1.380617112,0.4635195750000001,-0.1239218070000001,0.210021075,-1.201342352,0.27874960099999996,0.3763858474999999,-0.13654495499999997,-0.029961265,-0.404517219,1.052339252,-2.100036771,1.124468472,-0.21083585800000001,0.809034438,0.10469511199999999,-1.4040400475,-0.6090579705,-1.0998923870000001,-0.803733325,-0.182363986,-1.048329909,0.362943929,-0.733148422,1.60746665,0.08339015649999999,-1.336888871,-0.6255259550000001,-1.7483662089999998,-0.8045820965,-0.233718517,-0.09143514199999991,-0.29505965200000006,0.31212094600000007,1.609164193
2009.0,2401.0,0.0,0.0,1.0,0.0,0.0,0.0,0.0,0.0,0.0,0.0,0.6321239009999999,0.5808078945,0.4885708445,0.656656634,0.129097029,1.329290846,-0.622868955,-0.508237051,-0.0026449560000000316,-0.258194058,0.7847281375,1.4613906554999998,1.4844442464999998,1.7988024089999999,0.8020364275,1.6882402890000001,-0.15692936899999999,-0.03978641699999996,0.0365182679999998,-1.604072855,-0.332340993,0.813080817,1.898880109,-0.42171254049999995,0.123997405,-0.16984193600000003,1.263174328,0.004802495999999934,-0.27685921499999994,-0.24799481,0.10469511199999999,-1.4040400475,-0.6090579705,-1.0998923870000001,-0.803733325,-0.182363986,-1.048329909,0.362943929,-0.733148422,1.60746665,0.08339015649999999,-1.336888871,-0.6255259550000001,-1.7483662089999998,-0.8045820965,-0.233718517,-0.09143514199999991,-0.29505965200000006,0.31212094600000007,1.609164193
2010.0,2601.0,0.0,0.0,1.0,0.0,0.0,0.0,0.0,0.0,0.0,0.0,0.8869021559999999,2.2712154079999998,1.9690185625,2.420741447,0.856659838,1.8388473559999998,0.1323972379999998,0.3088127829999998,-0.3809250660000001,-1.713319676,0.45513187599999994,0.5503733425,1.45876456,0.3575382695,-0.4061550825,1.029047766,-0.297972803,-0.6156346260000001,-1.033018475,0.812310165,-0.5867591885000001,-0.8206300845000001,-0.757071933,-0.7745269655,-0.404517219,-0.6786783270000001,-0.050871082999999984,0.02492810000000001,-0.018169698999999984,0.809034438,0.10469511199999999,-1.4040400475,-0.6090579705,-1.0998923870000001,-0.803733325,-0.182363986,-1.048329909,0.362943929,-0.733148422,1.60746665,0.08339015649999999,-1.336888871,-0.6255259550000001,-1.7483662089999998,-0.8045820965,-0.233718517,-0.09143514199999991,-0.29505965200000006,0.31212094600000007,1.609164193
2011.0,2837.0,0.0,0.0,1.0,0.0,0.0,0.0,0.0,0.0,0.0,0.0,0.8869021559999999,2.2712154079999998,1.9690185625,2.420741447,0.856659838,1.8388473559999998,0.1323972379999998,0.3088127829999998,-0.3809250660000001,-1.713319676,0.45513187599999994,0.5503733425,1.45876456,0.3575382695,-0.4061550825,1.029047766,-0.297972803,-0.6156346260000001,-1.033018475,0.812310165,0.12090481950000004,-0.8206300845000001,-0.757071933,-0.7745269655,-0.404517219,0.736649689,-0.050871082999999984,0.02492810000000001,-0.018169698999999984,0.809034438,0.10469511199999999,-1.4040400475,-0.6090579705,-1.0998923870000001,-0.803733325,-0.182363986,-1.048329909,0.362943929,-0.733148422,1.60746665,0.08339015649999999,-1.336888871,-0.6255259550000001,-1.7483662089999998,-0.8045820965,-0.233718517,-0.09143514199999991,-0.29505965200000006,0.31212094600000007,1.609164193
2012.0,2747.0,0.0,0.0,1.0,0.0,0.0,0.0,0.0,0.0,0.0,0.0,0.8529317219999999,2.0006005245000003,2.4949620975,2.0573053629999998,1.0385505405,1.7709064879999998,-0.07222370500000008,0.1458540110000004,0.27094973199999983,-2.077101081,0.7407819695,0.43997121650000004,1.17466644,0.572324412,0.130818922,1.600347953,0.012062269000000014,-0.047438386000000055,-0.60344619,-0.261637844,-0.5753976105,-0.5548534970000001,-0.770970589,-0.7745269655,-0.404517219,-0.655955171,-0.5824242580000001,0.05272541200000003,-0.018169698999999984,0.809034438,0.2265618885,-0.5150477575,-0.7448339475,-1.066324305,-0.5498448855,0.061369567000000014,0.301613541,-0.12485347299999994,-0.23463953999999987,1.099689771,-0.275167671,-1.1562068115000002,-1.068242779,-1.1706305750000001,-0.6305283505,-0.950834172,-0.1069430629999999,-0.7130510800000001,-0.953909202,1.261056701
2013.0,2934.0,0.0,0.0,1.0,0.0,0.0,0.0,0.0,0.0,0.0,0.0,1.2945473645,2.1693877820000003,2.1337307395000003,2.1937497335,1.0385505405,2.654137773,-0.13857978000000015,0.4238525770000001,-0.45192322500000026,-2.077101081,0.49907804450000004,1.128858478,1.1692007475000001,0.1845585535,0.153192839,1.1169401030000001,0.1512117019999999,-0.9325178330000001,-0.42931567299999995,-0.306385678,-0.5120973895,-0.8198148190000001,-0.7074260795,-0.7745269655,-0.404517219,-0.529354729,-0.052501613999999974,0.212665797,-0.018169698999999984,0.809034438,-0.425425367,-0.39574947949999995,-0.534462136,-0.762904445,-0.459170443,-1.242604944,-0.42851456299999996,-1.4821279680000001,-0.5586567379999998,0.918340886,-0.415867578,-0.9172771799999999,-0.9086439465,-1.3946805535,-0.7722000045,-1.232233986,0.3023940099999999,-0.4905655969999999,-0.49001511900000017,1.544400009
2014.0,2761.0,0.0,0.0,1.0,0.0,0.0,0.0,0.0,0.0,0.0,0.0,0.0885969565,0.8187275865,0.424302879,0.6020082915,0.4928784335,0.242236957,0.18957925499999995,0.43514982,-0.418329855,-0.985756867,0.5210511285,1.372917435,1.286667794,1.4543076345,0.8467842615,1.160886271,0.020017071999999914,0.17656432199999994,0.038192161,-1.693568523,0.7190107530000001,0.399837619,0.29409744700000007,0.052544331,-0.181984746,1.932861556,1.555232344,1.677455826,-0.815962882,0.363969492,0.506855475,0.6293443805000001,0.950388593,0.62099956,0.2239103585,0.62195674,0.202378885,-0.09822645399999996,-0.10663910999999993,-0.447820717,0.4464866905,0.404933495,0.388018707,0.39078001900000003,0.1911672415,0.492474551,0.274449988,-0.46011315399999997,0.18768355399999997,-0.382334483
2015.0,2867.0,0.0,0.0,1.0,0.0,0.0,0.0,0.0,0.0,0.0,0.0,0.42830129650000004,1.0716670504999999,1.3491704105,0.827800242,0.694979214,0.921645637,-0.04508123300000011,0.14103928099999985,-0.11994006199999996,-1.389958428,0.608943465,1.5725503815000001,1.507937656,1.303329625,0.757288594,1.336670944,-0.11155635899999994,0.18203001399999996,0.2542337239999999,-1.514577188,0.09574703950000002,-0.22226752699999996,0.0216497155,0.6016608630000001,-0.2670706915,0.686334129,-0.27923024599999996,-0.360913355,-1.040787782,0.534141383,0.4642021035,0.6801730645,0.5686541725,0.8127832465,0.236000284,0.536649997,0.033694486999999995,-0.06879532299999991,0.14070529899999995,-0.472000568,0.2377061835,0.3738123825,0.10391925199999999,0.382865434,0.183071718,0.07491353700000003,0.24646885699999999,-0.061190228,0.15613034800000003,-0.366143436
2016.0,3375.0,0.0,0.0,1.0,0.0,0.0,0.0,0.0,0.0,0.0,0.0,0.6660943349999999,0.835075183,0.15174446200000002,0.6957550029999999,0.088676873,1.397231714,-0.11433437800000001,0.46172514800000003,-0.23083643199999992,-0.177353746,0.7188088855,1.595236887,1.1735733019999999,1.38997641,0.8244103445,1.556401785,0.11076309400000017,-0.22445427600000012,-0.1768032180000001,-1.648820689,-0.269040772,0.1708313555,-0.1123382305,0.2294554675,-0.0559920955,-0.04324149399999999,0.065093559,-0.019875431,0.600913425,0.111984191,0.3788953595,0.6574584465,0.7821037345,0.760751386,0.508023612,0.36603650899999995,0.16849309499999998,-0.242577995,0.33179133400000005,-1.016047224,0.2195513565,0.41392610500000004,0.6054337255,0.7887756530000001,0.5190359255,0.038603883000000005,0.12112973399999999,-0.573318823,0.260369202,-1.038071851
2017.0,2947.0,0.0,0.0,1.0,0.0,0.0,0.0,0.0,0.0,0.0,0.0,0.46227173050000003,0.665322235,0.7153806355000001,1.0344429290000001,0.5130885115,0.989586505,-0.588483804,0.44561317300000003,0.21674825800000008,-1.026177023,0.674862717,1.172148088,1.1304124675,1.174248703,0.5111755085,1.468509448,-0.38152162200000006,-0.04853152500000002,0.16873774000000008,-1.022351017,-0.2653888365,0.3599179175,-0.153278515,-0.702027264,0.020912509,-0.03593762300000003,1.207985821,-0.963472646,0.12682970400000004,-0.041825018,0.4520154255,0.792489727,0.7954017435,0.5247453565,0.284359987,0.512276641,-0.034542435999999954,-0.16792743300000001,0.06411371900000001,-0.568719974,0.196857823,-1.183054564,0.318503117,-0.050772117500000005,0.061638872,-0.006783183999999998,-1.496821256,-0.405719966,-0.082183349,-0.123277744
2018.0,3154.0,0.0,0.0,1.0,0.0,0.0,0.0,0.0,0.0,0.0,0.0,0.27543434350000007,0.1777222835,0.7153806355000001,1.0344429290000001,0.5130885115,0.6159117310000001,0.657934539,0.44561317300000003,0.21674825800000008,-1.026177023,0.5430242125,0.929036131,1.1304124675,1.174248703,0.5111755085,1.204832439,0.19393311200000007,-0.04853152500000002,0.16873774000000008,-1.022351017,0.13307793900000003,0.770317069,-0.153278515,-0.702027264,0.020912509,0.760995928,-1.6203447260000001,-0.963472646,0.12682970400000004,-0.041825018,0.366708682,0.921516612,0.7954017435,0.5247453565,0.284359987,0.341663154,-0.04683043199999992,-0.16792743300000001,0.06411371900000001,-0.568719974,0.37386738350000004,0.92770317,0.318503117,-0.050772117500000005,0.061638872,0.34723593700000005,-0.41019593600000004,-0.405719966,-0.082183349,-0.123277744
2019.0,3022.0,0.0,0.0,1.0,0.0,0.0,0.0,0.0,0.0,0.0,0.0,0.12256739050000001,0.108951983,0.1796277075,0.5996087649999999,0.4322481995,0.310177825,-0.018180182000000003,-0.482969643,0.03645341400000002,-0.864496399,0.3672395395,0.9059708255,1.041904523,1.368079323,0.6677929265,0.853263093,-0.20609038099999988,-0.05071780200000009,0.12473432799999995,-1.335585853,1.465628743,2.8139679964999997,3.359999764,0.08367205300000002,0.4463422375,3.426097536,1.687563209,0.5895406400000001,-0.707630794,-0.892684475,0.409362054,0.685572513,0.8634972565,0.767863251,0.314584801,0.42696989799999996,0.13460730599999993,0.32867267099999986,-0.33509975599999997,-0.629169602,0.496412464,0.5021954925000001,0.975646075,0.661984581,0.2761702335,0.592326098,-0.13059517100000007,0.6667854900000001,-0.38631382000000003,-0.552340467
2021.0,2715.0,0.0,0.0,1.0,0.0,0.0,0.0,0.0,0.0,0.0,0.0,0.2414639095,0.751526533,0.2887818665,0.7687527670000001,0.3109877315,0.547970863,0.391785972,-0.479045885,0.298144364,-0.621975463,0.5869703804999999,1.3069413195,0.77583412,1.777323795,0.71254076,1.292724775,0.33043094500000003,-0.145784578,-0.006438960000000105,-1.42508152,-0.034911108999999996,-0.305338114,0.8655368425000001,-0.24805417049999998,-0.0044496475,0.425017832,-0.72745332,0.336265809,-0.804998739,0.008899295,0.360615343,0.5012016484999999,0.779628943,0.6496164065000001,0.362944504,0.32947647599999996,-0.21160594300000002,0.040799684,-0.185628381,-0.725889008,0.07431274299999999,0.012491622000000008,0.526285479,0.08279456750000003,0.089973203,-0.251873344,-0.339128286,0.380574794,-0.428287349,-0.179946406
1998.0,3443.0,0.0,0.0,0.0,1.0,0.0,0.0,0.0,0.0,0.0,0.0,0.0885969565,0.6495781949999999,0.295321462,-0.009968295500000002,-0.1336339855,0.242236957,0.05324576599999997,0.24864850599999996,0.655628579,0.267267971,0.16948178249999998,0.595556953,0.44584232,0.24868054150000002,0.130818922,0.45774757899999996,0.05781407999999999,0.15579469,-0.04207290700000002,-0.261637844,-0.4812588205,-0.495100216,-0.712560783,-0.6239550705,0.7981398975,-0.467677591,0.561055904,-0.02756318400000002,-0.319313489,-1.596279795,0.10469511199999999,0.1351138405,0.08856301150000001,0.09578386500000002,0.3810793925,-0.182363986,0.520569673,-0.019832226999999994,-0.861920746,-0.762158785,0.14693204999999998,-1.1719500790000001,-0.5938804055,-0.5327207465000001,0.009017972,-0.10663472999999998,0.99218652,-0.07058157899999995,-1.2504930630000002,-0.018035944
1999.0,3484.0,0.0,0.0,0.0,1.0,0.0,0.0,0.0,0.0,0.0,0.0,0.07161173950000001,0.5142103975,0.29270562349999996,0.36861784099999995,0.4120381215,0.208266523,-0.08284629900000001,-0.042429251,0.7234273699999999,-0.824076243,0.015670194,0.1732257545,0.067770563,0.0548499215,0.1755667555,0.150124402,-0.07906255300000001,-0.163274794,0.001930504999999999,-0.351133511,-0.5457763535,-0.7973950144999999,-0.608906841,-0.6725001075,0.485612674,-0.5967126570000001,-0.09734122300000003,0.09129871,-0.22222341499999998,-0.971225348,-0.12685176399999998,-0.5932459585000001,-0.6404703890000001,-0.4748665555,-0.108562598,-0.645457738,0.145217139,-0.15639907399999997,-0.482065159,0.217125196,-0.302399911,-1.0950112465,-0.721631463,-1.269221202,-0.488856697,-1.005298652,-0.018813029000000148,-0.05206584199999997,-1.04102221,0.977713394
2000.0,3725.0,0.0,0.0,0.0,1.0,0.0,0.0,0.0,0.0,0.0,0.0,0.020656088000000003,-0.2983585235,-0.39598820999999995,0.298019603,0.149307107,0.10635522,-1.102088255,0.22379804399999997,-0.260336696,-0.298614214,-0.16011447899999998,0.040137123,-0.020190813,0.205409458,0.130818922,-0.201444944,0.008653068,-0.076953126,0.130383718,-0.261637844,-0.25118686349999997,-0.589480799,-0.639340393,-0.333552312,0.78259535,-0.007533677000000016,0.313595616,0.05822891799999996,0.491875254,-1.5651907,0.1229751285,0.134881168,0.241529345,0.49091314249999995,0.314584801,-0.145803953,0.632746732,-0.578881346,0.632156455,-0.629169602,-0.10723552399999997,-0.024420205500000014,-0.22255852399999998,-0.8536791795,-0.4645701275,-0.6149698779999999,1.7797581089999999,-1.100994514,0.6391597330000001,0.929140255
2001.0,3579.0,0.0,0.0,0.0,1.0,0.0,0.0,0.0,0.0,0.0,0.0,0.10558217350000001,0.0756532345,0.6049185579999999,0.789101794,-0.0932138295,0.276207391,0.251831145,0.29615053799999996,0.03245420200000004,0.186427659,0.015670194,0.018776418500000003,0.068863701,0.2052002215,0.0413232545,0.150124402,0.408297761,0.013741096000000001,0.302631105,-0.082646509,-0.559978326,-0.7400778585,-0.7669330565,-0.2725627665,0.089635773,-0.6251166020000001,-0.180001187,0.07596264499999994,0.567777701,-0.179271546,0.19609519450000001,0.1369752145,-0.6863712344999999,-0.134349751,0.1030111015,0.00043617900000000875,-0.37684679899999995,-0.36833712499999993,0.40330289599999997,-0.206022203,-0.34778697799999997,-0.42991125500000005,-1.5687609574999999,-1.455999657,0.089973203,-1.096072786,-0.40166777200000003,-0.45682905099999993,1.054094402,-0.179946406
2002.0,3114.0,0.0,0.0,0.0,1.0,0.0,0.0,0.0,0.0,0.0,0.0,-0.23412216700000002,0.0250411995,0.7783406820000001,0.8290000045000001,0.593928824,-0.40320129000000005,0.285250605,-0.643312576,-0.3473316970000001,-1.187857648,-0.1161683105,0.1730363545,0.17867877799999998,-0.0744402375,0.1979406725,-0.113552607,-0.167914573,-0.11628797599999999,0.08868190899999999,-0.395881345,-0.4281028655,-0.7207301685,-0.7321738179999999,-0.382815198,-0.3824275985,-0.36136568100000005,-0.010863308999999988,0.168224378,-0.794769732,0.764855197,-0.1024784085,-0.1505886525,-0.5540333285000001,-0.7428218365000001,-0.4833502945,-0.596711027,0.354677337,0.32882958100000004,0.162623297,0.966700589,0.1514707565,-0.286481642,-1.1671497780000002,-2.296756489,-1.185071681,-0.09755731699999999,0.60467444,-0.024336727999999974,-0.37583469999999997,2.370143362
2003.0,3305.0,0.0,0.0,0.0,1.0,0.0,0.0,0.0,0.0,0.0,0.0,0.530212599,0.46142555900000004,0.331052222,0.5800595805,0.2907776535,1.125468242,-1.265564216,0.17718698599999996,0.150549151,-0.581555307,0.0815894465,-0.0267859925,0.001662888500000001,-0.09602347,0.108445005,0.281962907,-0.125193163,-0.120660529,0.131848374,-0.21689001,-0.5762091519999999,-0.4424132845,-0.7186107820000001,-0.739556521,-0.4004265485,-0.6575782539999999,0.6224054250000001,0.018458470000000005,0.05177118999999997,0.800853097,0.147348484,-0.2740299515,-0.548762653,-0.910018733,-0.543799923,-0.097057242,0.378136505,-0.21325632,0.21419456800000003,1.087599846,-0.592877138,-0.18688169850000003,-1.0627826965,-2.021182853,-0.8936328505,-1.586253106,1.1122241769999999,-0.26692608900000003,-0.56371708,1.787265701
2004.0,3261.0,0.0,0.0,0.0,1.0,0.0,0.0,0.0,0.0,0.0,0.0,-0.030299562999999998,-0.043004833,0.344339885,0.29202078749999993,0.209937341,0.004443917999999998,0.014515009999999995,-0.36792984799999995,0.8766214769999999,-0.419874682,-0.226033731,-0.5149039065000001,-0.5058913700000001,-0.2901679445,-0.0705463295,-0.333283448,0.13719609700000002,0.08803824000000005,0.434222867,0.141092659,-0.4893742335,-0.70395334,-0.6314871184999999,-0.678841362,0.177176121,-0.48390841700000004,-0.18601764799999998,0.397395087,-0.1822469,-0.354352242,-0.004984986999999996,0.102531013,-0.05560061999999999,-0.03310370749999997,-0.0420680065,-0.401724184,0.004834407999999998,0.268495036,-0.7564346529999999,0.084136013,-0.11177423050000002,0.162575899,-0.9432487190000001,-0.500238841,-0.3431372815,-0.624047291,-0.398701224,0.729720638,-0.38360345799999995,0.686274563
2005.0,3323.0,0.0,0.0,0.0,1.0,0.0,0.0,0.0,0.0,0.0,0.0,-0.149196082,-0.008981817000000003,0.39858998450000005,-0.555698829,0.048256717,-0.23334912,0.149882808,-0.40235268900000004,-0.052847220000000084,-0.096513434,-0.138141395,-0.115638013,0.0907174025,-0.031064535499999997,-0.0929202465,-0.157498776,-0.125950764,-0.029966306999999998,-0.169898409,0.185840493,-0.5088512245000001,-0.710874561,0.5431680930000001,-0.673081781,-0.3979721465,-0.5228623990000001,-0.10365874799999997,1.1192992940000002,-0.19376606200000002,0.795944293,0.135161806,0.1924587975,0.490565539,0.16483006,-0.108562598,-0.121430598,-0.08565178899999998,0.08738194400000004,-0.564901564,0.217125196,0.22862876999999998,-0.1709030835,-0.454400281,-0.03583660150000001,-0.776247766,0.05675870999999999,-0.363306751,0.869245256,-0.822790039,1.552495532
2006.0,3545.0,0.0,0.0,0.0,1.0,0.0,0.0,0.0,0.0,0.0,0.0,0.003670871000000006,0.21102103249999998,1.1764022454999998,0.13087520600000002,-0.032583595,0.072384786,0.387923211,1.1532718329999998,-0.9010137039999999,0.06516719,-0.16011447899999998,-0.2492948445,-0.1502198835,-0.1387714615,-0.1152941635,-0.201444944,-0.304791205,0.362307181,-0.126313471,0.230588327,-0.48085305,-0.765599656,-0.7489082385,-0.18876461700000002,-0.402062817,-0.46686605,-0.16093194,0.16255284699999994,-1.10440063,0.804125634,-0.041545020000000016,-0.1773997565,-0.76230617,0.0654805135,-0.0964726725,-0.47484425,-0.239628403,-0.5202069960000001,0.416998361,0.192945345,-0.0436936305,-0.5274178764999999,-1.71933381,-0.1844264165,-0.3714716125,-0.48788609099999997,-0.9735530549999999,-1.628384406,0.185125249,0.742943225
2007.0,3212.0,0.0,0.0,0.0,1.0,0.0,0.0,0.0,0.0,0.0,0.0,-0.149196082,0.51445182,0.07243542750000001,-0.22696198250000005,-0.1942642195,-0.23334912,0.05228007599999995,-0.268585083,-1.3102998670000001,0.388528439,-0.1161683105,-0.04833609750000001,0.113117673,-0.11697899249999999,-0.003424579,-0.113552607,0.185599509,0.014834234000000002,-0.34172732299999997,0.006849158,-0.4435221505,-0.7321296585,-0.7114762115,0.3736767405,-0.367701185,-0.39220425100000006,0.12612976900000006,0.027673552999999962,-0.499525771,0.73540237,0.1168817895,0.012370556000000005,0.08351947300000001,0.339809403,0.03651651,-0.157990631,0.207497664,0.066189784,0.21642984,-0.07303302,0.18324170299999998,-0.9114679105,0.019281259999999995,0.04474610950000002,0.158785149,-0.03401542399999999,0.862190061,-0.230466212,0.784986619,-0.317570298
2008.0,3492.0,0.0,0.0,0.0,1.0,0.0,0.0,0.0,0.0,0.0,0.0,-0.23412216700000002,0.04271662000000004,0.724744542,-0.36980509,0.230147419,-0.40320129000000005,0.724532036,-0.536120296,0.6253284739999999,-0.460294838,-0.1161683105,-0.13756691799999998,-0.0857519175,-0.1821471635,-0.2271637475,-0.113552607,0.007137868000000019,0.054169083,0.132266847,0.454327495,-0.43540673750000003,-0.6138337655,0.31239406399999997,-0.7053908625,-0.404517219,-0.375973425,-0.10361037100000003,-0.764965692,-0.06091288700000008,0.809034438,0.1168817895,-0.013463325999999998,0.276794883,0.063597551,-0.1690122265,-0.157990631,-0.857951724,0.23649515799999998,0.072675026,0.338024453,0.36025126350000003,0.039800792500000015,-0.258751436,0.003929075000000004,-0.468617889,0.32000369700000003,-1.055384571,0.6641511480000001,-0.491674124,0.937235778
2009.0,3577.0,0.0,0.0,0.0,1.0,0.0,0.0,0.0,0.0,0.0,0.0,0.37734564550000005,0.293603992,-0.2755082665,0.21902302349999997,-0.012373517,0.819734335,-0.65870264,-0.535703351,0.34764068099999995,0.024747034,-0.0722221425,-0.182371729,-0.1310990285,-0.009795157499999999,-0.025798496,-0.025660271,-0.17094497400000003,-0.123939945,0.045306207,0.051596992,-0.5762091519999999,0.3006505245,-0.6171259835,-0.045431219999999994,0.072454957,-0.6575782539999999,0.691601421,0.026846888999999985,0.9562170139999999,-0.144909914,-0.09638506999999996,0.281037086,0.10658346500000002,0.19177393650000002,0.1392808785,-0.5845243499999999,0.474488956,-0.055873134000000005,0.033878043,-0.278561757,-0.45217723150000005,-0.2701531305,-0.1999389545,-0.1846016435,-0.043602928,-1.304853293,1.579511561,0.072553431,0.02753444500000002,0.087205856
2010.0,3550.0,0.0,0.0,0.0,1.0,0.0,0.0,0.0,0.0,0.0,0.0,0.27543434350000007,0.4123827705,-0.1988150705,0.144025654,0.3109877315,0.6159117310000001,-0.3538233169999999,-0.09647087700000001,0.19764594200000002,-0.621975463,0.015670194,0.017829418,0.002756027000000001,-0.13866684299999998,0.130818922,0.150124402,-0.035962341999999994,0.05635536,-0.21243716399999998,-0.261637844,-0.54983406,-0.3114736605,-0.554266996,0.008228682499999973,-0.21880078,-0.6048280699999999,0.424474871,0.021159392000000055,1.521012085,0.43760156,-0.425425367,-0.1956921475,0.08480384650000002,-0.16602133549999998,-0.308046372,-1.242604944,0.467226671,0.16486761900000002,-0.27304360899999996,0.616092744,-0.529335245,-0.637657861,0.374933389,-0.3113226245,-0.3957581815,-1.45916932,1.307026878,-0.18002854199999996,-0.556112257,0.791516363
2011.0,3717.0,0.0,0.0,0.0,1.0,0.0,0.0,0.0,0.0,0.0,0.0,0.29241956050000006,0.47982524699999995,-0.122775834,0.279670182,0.3514078875,0.6498821650000001,-0.42090365999999996,0.269992156,-0.373632592,-0.702815775,0.015670194,0.08437373349999999,0.0683171315,-0.203311923,-0.2495376645,0.150124402,-0.079820153,-0.074766849,-0.169061462,0.499075329,-0.573774528,-0.57617518,-0.7091898735,-0.7149931654999999,-0.404517219,-0.652709006,0.421733414,0.07267868300000002,-0.011002524999999985,0.809034438,-0.24262520199999998,-0.2685374345,-0.1280974845,-0.388094838,-0.4108107405,-0.877004614,0.434178499,-0.092744139,0.236370132,0.821621481,-0.3069386175,-0.7669049195,-0.2187014125,-0.4170393185,-1.1567373505,-1.014376065,0.6031385309999999,-0.44853240099999997,0.034380149000000026,2.313474701
2012.0,3978.0,0.0,0.0,0.0,1.0,0.0,0.0,0.0,0.0,0.0,0.0,0.020656088000000003,0.5317651059999999,-0.1055644135,0.12407654850000002,0.3311978095,0.10635522,0.28887194399999994,0.161491957,0.38753889100000005,-0.662395619,-0.0063028899999999985,-0.026596592500000002,-0.06171193899999999,-0.224790537,-0.160041997,0.106178234,-0.036341143,0.364493458,-0.21201869,0.320083994,-0.430131719,-0.5620713695,-0.34128883250000003,-0.7366782924999999,-0.296523519,-0.365423388,0.39124191100000005,-0.475249607,-0.09386704499999998,0.593047038,-0.04763835899999999,-0.6090254945,-0.48612572649999997,-0.5935875239999999,-0.1992370405,-0.487030928,-0.35944002300000005,-0.13603701099999999,-0.28813437799999997,0.398474081,0.24224489,-1.354019418,-0.1509761875,-0.7227759345,-0.8693462815,0.08399095000000001,-0.05717404800000003,0.025410690999999985,-2.102324495,1.738692563
2013.0,3787.0,0.0,0.0,0.0,1.0,0.0,0.0,0.0,0.0,0.0,0.0,0.12256739050000001,-0.31289544999999996,0.489224804,-0.307958168,0.007836561,0.310177825,0.215273192,-0.43546761200000006,-0.323336434,-0.015673122,-0.226033731,-0.2931526545,-0.1316455975,-0.0096905395,-0.2271637475,-0.333283448,-0.038613942999999984,-0.212447889,-0.040817487,0.454327495,-0.5867591885000001,-0.693658797,-0.47041931299999995,-0.18140447150000003,-0.404517219,-0.6786783270000001,-0.028463939999999965,0.47188192599999995,-0.6585345850000001,0.809034438,-0.05982503650000004,-0.1662751195,-0.07994898550000001,0.148736903,-0.302001409,-0.5114042830000001,-0.194850649,0.291880121,-0.09760367799999999,0.604002818,0.010770849500000013,0.1401686905,-1.0782798865,-0.1804253175,-0.6507671585,-0.37895713099999995,0.413011721,0.15340305500000007,0.240299553,1.301534317
2014.0,3691.0,0.0,0.0,0.0,1.0,0.0,0.0,0.0,0.0,0.0,0.0,-0.030299562999999998,0.5995697165,-0.50318049,-0.003569558500000014,0.4726683555,0.004443917999999998,0.424481165,0.43818260400000003,-0.557126805,-0.945336711,-0.138141395,-0.20449003400000001,-0.30647520949999996,-0.1821471635,-0.003424579,-0.157498776,-0.12670836400000002,0.137211335,0.132266847,0.006849158,-0.5096627659999999,-0.23093551950000002,-0.562492438,-0.628578321,0.168176646,-0.524485482,0.836652961,-0.12416993399999998,-0.08830319600000003,-0.336353292,0.1168817895,-0.2675136785,-0.03327277049999999,-0.09414392900000002,-0.223416892,-0.157990631,-0.05940055899999999,-0.383640149,0.27938009399999997,0.446833784,0.060696623000000005,-0.888633366,0.2507927235,-0.920699078,-0.8045820965,-0.27910558399999996,-0.08571258999999998,-0.541140753,0.5994641479999999,1.609164193
2015.0,4135.0,0.0,0.0,0.0,1.0,0.0,0.0,0.0,0.0,0.0,0.0,0.2414639095,0.8526298915,0.841746215,-0.0055691640000000014,0.4322481995,0.547970863,0.257383865,0.3410367300000001,-0.17814074800000002,-0.864496399,0.0815894465,0.1732257545,0.17867877799999998,-0.009795157499999999,-0.003424579,0.281962907,-0.07906255300000001,-0.11628797599999999,0.045306207,0.006849158,-0.5157493255000001,-0.561680811,-0.08686255399999998,-0.692557651,-0.0903537275,-0.5366586010000001,0.253427876,0.996400728,-0.12410856600000009,0.180707455,0.0132950295,-0.2394461465,-0.19825273999999998,-0.165560746,-0.2173719295,-0.365164151,-0.070850937,0.19943624199999999,0.20465794200000004,0.434743859,-0.021000096999999995,-1.028059048,-0.739959807,-0.46422894699999995,-0.529334312,-0.44249902399999996,-0.10760574600000006,0.13693923200000002,0.11296528,1.058668624
2016.0,3422.0,0.0,0.0,0.0,1.0,0.0,0.0,0.0,0.0,0.0,0.0,0.29241956050000006,0.8016557230000001,0.45872572,-0.63509533,-0.3357347655,0.6498821650000001,0.08811376199999998,0.21814942199999998,0.630927368,0.671469531,0.015670194,0.0399477235,-0.6790812745000001,-0.117188229,0.0636971715,0.150124402,-0.080198953,0.7032212990000001,-0.169479936,-0.127394343,-0.582701482,-0.76524737,-0.76564896,-0.416935465,-0.332521419,-0.670562914,0.04848062799999997,0.07600381,-0.21135485199999998,0.665042838,-0.169505136,-0.351809343,-0.2869374535,0.122951268,0.1815956185,-0.730764482,0.019821398000000046,-0.45847862100000003,0.236790116,-0.363191237,-0.43856111150000004,-0.8655975555,-0.9547607284999999,-0.353284569,0.195215003,-1.277621053,0.559928185,0.12642351699999999,0.6807828100000001,-0.390430006
2017.0,3680.0,0.0,0.0,0.0,1.0,0.0,0.0,0.0,0.0,0.0,0.0,0.6491091179999999,0.36032220000000004,-0.20621709849999992,1.2159844834999998,0.5130885115,1.36326128,-1.1311621079999998,1.103570909,-1.871274349,-1.026177023,0.1475086985,0.03919012299999999,-0.3283289115,-0.9584112075,0.0413232545,0.413801411,-0.435607036,0.180918739,1.0833937370000002,-0.082646509,-0.5733687574999999,-0.7135333505,-0.206364188,-0.3390437515,-0.2768883005,-0.651897465,0.15516972900000003,0.7422352919999999,0.25380033700000004,0.553776601,-0.041545020000000016,-0.47562291700000003,-0.5682946175,-0.184485114,0.000246733,-0.47484425,0.22276385999999998,0.18017064300000002,0.416551306,-0.000493466,-0.833428592,-2.5160105515,-0.2744805145,-0.23291272000000002,-0.994826889,-2.067356014,-0.15418517099999995,0.390912533,-0.902461574,1.989653778
2018.0,3187.0,0.0,0.0,0.0,1.0,0.0,0.0,0.0,0.0,0.0,0.0,0.0546265225,-0.464369421,0.14978258349999998,0.848149268,0.5130885115,0.174296089,0.518221134,0.24341682899999997,-0.3856302239999999,-1.026177023,-0.138141395,-0.159685223,-0.0196442435,-0.009795157499999999,0.0413232545,-0.157498776,0.051374478,0.011554819,0.045306207,-0.082646509,-0.5542975370000001,-0.6674140745,-0.701477311,-0.7645931175,-0.2768883005,-0.613755024,-0.13576655300000007,-0.08626114400000007,-0.031213892999999993,0.553776601,0.2021885335,0.276382187,-0.13827851550000003,-0.078999021,0.000246733,0.012622857000000015,0.014609548000000028,-0.40143346500000004,-0.09899898000000001,-0.000493466,0.024386969499999994,0.5121387685,-0.875035469,-2.5638372929999997,-0.994826889,-0.351724891,-0.43618901699999996,-1.454945266,0.3636505419999998,1.989653778
2019.0,3514.0,0.0,0.0,0.0,1.0,0.0,0.0,0.0,0.0,0.0,0.0,0.0885969565,1.004828131,1.1461116345,-0.4974511965,-0.2144742975,0.242236957,0.3598150480000001,-0.19361675099999998,-0.319337223,0.428948595,0.30132028750000006,0.462278922,0.42289548,0.0334759255,-0.003424579,0.7214245890000001,0.05667768000000001,0.02248620400000001,-0.127150417,0.006849158,-0.5372551695000001,-0.759132878,-0.155931582,-0.458548568,-0.3701555875,-0.5796702890000001,0.036251643999999916,1.34850616,-0.27483392399999995,0.740311175,0.22046854999999999,-0.5750466365,-0.5627420759999999,0.3568372735,0.1392808785,0.04918289000000001,-0.5167671110000001,1.080284786,0.182374099,-0.278561757,0.38748350350000005,-0.08224971800000001,-0.4643389825,0.6820952135,-0.007173074,0.37446817700000007,-0.13460838000000003,-0.617433597,-0.01588781699999997,0.014346148
2021.0,2715.0,0.0,0.0,0.0,1.0,0.0,0.0,0.0,0.0,0.0,0.0,0.2414639095,0.36309855999999996,-0.473335366,-0.16076287650000004,-0.2346843755,0.547970863,0.422791206,-0.288203868,0.507233525,0.469368751,-0.2699798995,-0.31508156,-0.39716943150000006,-0.1822517815,-0.003424579,-0.42117578499999997,0.09447468799999997,-0.21900672100000002,0.218390541,0.006849158,-0.529139757,-0.443511262,-0.48931783,-0.705671132,-0.357065442,-0.563439464,0.31856119599999994,-0.36445604600000003,0.0010591639999999458,0.714130884,-0.388865334,-0.564713083,-0.32760685100000003,-0.3533143755,-0.181102152,-1.169484878,-0.09058735600000001,0.205028012,-0.420591417,0.362204304,-0.8697382455,-1.103341173,-0.32586998500000003,-0.7960457679999999,-0.367423851,-2.139975321,-0.3780838260000001,0.2397775,-0.6764606439999999,0.734847702
2002.0,1602.0,0.0,0.0,0.0,0.0,1.0,0.0,0.0,0.0,0.0,0.0,-0.7109698345000001,-0.9373117340000001,-0.29795136350000007,-0.367805484,-0.012373517,-1.283909393,0.514841218,-1.0093586650000002,0.24634241599999998,0.024747034,-1.327021206,-1.5380279455,-1.8564573800000002,-1.6035019634999998,-0.6746420845,-0.32861691000000004,-0.49348045100000015,-0.07806440200000009,0.397542737,1.349284169,-0.8546201605,-0.6339285695,-0.7352091080000001,-0.29618900849999996,-0.183621014,0.2628142630000001,-0.37859647499999993,0.18995110799999992,0.08279708499999999,0.367242028,0.32405531,0.607839656,0.24139616199999997,0.485264256,0.0969661385,0.25635641,-0.246143214,0.35791588999999996,-0.40081354599999997,-0.193932277,0.11492778650000002,0.344635961,-0.2152190885,0.18514097750000003,-0.104319351,0.610947557,-0.702672444,0.8479280269999999,-0.506627163,0.208638702
2003.0,1937.0,0.0,0.0,0.0,0.0,1.0,0.0,0.0,0.0,0.0,0.0,0.011240417500000016,-0.635329482,-0.7254125650000001,-0.426053117,-0.3155246875,-0.350399515,-0.631560168,-0.006281545999999971,0.51283242,0.631049375,-0.8095673745,-1.0030218204999999,-0.9058168285,-1.3016505624999999,-0.49565075,0.13064514699999996,0.3995853589999999,-0.187323841,0.0515833069999998,0.9913015,-0.879235094,-0.45938489699999996,-0.7364440575,-0.7416150754999999,-0.32270381,0.068581742,-0.11103568999999996,0.03585951300000001,-0.08399347899999998,0.64540762,-0.0436887415,0.247756243,0.232178411,-0.10571937,0.054651399,-0.056209767,0.295284868,0.12323494200000001,-0.19784733399999999,-0.109302798,-0.858244658,0.377624325,0.093043581,-0.208871079,-0.0719372585,0.051926362000000004,0.990706274,0.062126704000000005,-0.539897588,0.143874517
2004.0,2085.0,0.0,0.0,0.0,0.0,1.0,0.0,0.0,0.0,0.0,0.0,-0.892853381,-0.870352103,-0.362219329,-0.465151486,-0.1942642195,0.03102985200000008,0.177508126,-0.06597179400000003,0.741023896,0.388528439,-1.2671384015,-1.381305809,-1.432491943,-1.086655183,-0.2719115815,0.07897150099999983,0.08538348400000006,0.507622054,0.3089082040000001,0.543823163,-0.5966028784999999,-0.713012179,-0.7491203635,-0.586024982,-0.3259763465,-0.39929773299999993,-0.24326807399999995,0.05599340900000005,-0.29282114600000003,0.651952693,0.3542520705,0.277545546,0.09745966900000001,0.3242174405,0.1815956185,-0.36462428300000005,-0.546275746,0.19017926400000001,-0.40505359500000004,-0.363191237,0.458604947,0.606880109,-0.3347085725,0.4292139755,0.069734395,-0.16718089800000002,-0.6407089239999999,0.866848215,-0.678890645,-0.13946879
2005.0,2399.0,0.0,0.0,0.0,0.0,1.0,0.0,0.0,0.0,0.0,0.0,-0.6915539585,-0.37985508100000004,0.031472991000000006,-1.1082280205000001,-0.1134239075,0.5796031610000001,0.552606284,-0.779279076,0.5272295770000001,0.226847815,-0.8015187765,-0.8485724845,-0.5271985025,-0.5907639259999999,-0.652268168,-0.23702139499999997,-0.08777495499999999,0.22025358699999997,-0.25330202599999996,1.304536336,-0.5055640730000001,-0.7586698985,-0.09377153799999999,-0.49904959800000004,-0.404517219,-0.5489136920000001,-0.17479145500000004,-0.826769494,-0.49406592,0.809034438,0.05616782450000002,-0.2003935805,0.13423671849999996,0.1236759895,-0.102517635,-0.255922899,0.02978267499999998,0.6481697129999999,-0.35205995100000004,0.20503527,0.0684267325,0.24899659049999998,0.747715341,0.8197506115,0.219501572,0.068530731,0.39083985899999996,-0.079212528,-0.22802211099999992,-0.439003144
2006.0,2501.0,0.0,0.0,0.0,0.0,1.0,0.0,0.0,0.0,0.0,0.0,-0.351172561,-0.345590642,0.44805389449999994,-0.797040753,-0.2751045315,0.238544706,0.8231004580000001,1.054344013,-0.99511339,0.550209063,-1.225204383,-1.137815052,-1.21176865,-1.3020690355000002,-0.7417638355,0.258780472,-0.31236720800000006,0.4245798019999999,0.39607808099999997,1.483527671,-0.8246609885,-0.7236077864999999,-0.46816153949999995,-0.5423110555,-0.330885151,0.34085793899999994,-0.19923804099999998,0.673505679,0.09739609100000002,0.661770302,0.107108767,0.225972312,-0.06041702,0.49280964000000005,-0.023933118,0.08091561200000001,-0.01862475999999999,-0.101546842,0.45431883200000006,0.047866236,-0.045695766,0.155441264,0.0861827525,0.8196279529999999,0.3976030795,0.13338228800000002,0.06668482800000002,-0.161138017,-0.338335674,-0.795206159
2007.0,2524.0,0.0,0.0,0.0,0.0,1.0,0.0,0.0,0.0,0.0,0.0,0.11315171950000001,0.346026696,-0.7095090635000001,-0.7020942785,-0.9016169505,-0.146576911,0.321325714,-0.26032062300000003,-1.035011601,1.803233901,-1.117190552,-1.2688202825000001,-1.0828327185,-1.0647580959999998,-0.316659415,-0.48460120800000006,0.752720641,-0.19169639500000002,0.007370657999999919,0.63331883,-0.7374585570000001,-0.659045436,-0.683569688,-0.08838299149999998,-0.3030685915,0.33038441800000007,0.272298214,0.06579740199999995,-0.37375595699999997,0.606137183,-0.320370535,0.2492453425,0.2920194525,0.3736280815,-0.2475967435,1.082114348,-0.422648309,0.459162471,0.17054806099999997,0.495193487,-0.3394471535,-0.29605021750000005,0.667309249,0.819295023,0.506892641,1.011362289,0.03735977699999998,-0.24002471200000008,-0.6377582020000001,-1.013785282
2008.0,2556.0,0.0,0.0,0.0,0.0,1.0,0.0,0.0,0.0,0.0,0.0,-0.549948801,-0.3120504705,0.3271284645,-0.995332045,-0.1740541415,-0.450956702,0.6882155050000001,-0.259429649,0.676424474,0.348108283,-0.623721954,-0.9599216105,-0.571999044,-1.021591631,-0.943129087,0.022631316000000012,-0.221999987,0.13065250399999995,-0.07896227199999994,1.886258174,-0.6874153395,-0.537221564,1.1746748505,-0.5748162305,-0.404517219,0.0371511550000001,-0.439545332,-3.619379377,-0.257238889,0.809034438,-0.012783200500000001,-0.103996057,0.08856301150000001,0.2681555235,-0.3261812605,0.052592639,-0.475805174,-0.019832226999999994,0.16393739100000002,0.652362521,0.306863131,0.36686045850000004,0.1946240025,0.3435203005,-0.197417866,0.40862513600000006,-0.40126523900000005,0.603780189,0.203232363,0.394835732
2009.0,2759.0,0.0,0.0,0.0,0.0,1.0,0.0,0.0,0.0,0.0,0.0,-0.7362016545000001,-0.668507519,-0.9801056020000001,-0.9929325185,-0.49741539,0.125371609,-0.29398565200000004,-0.01543697799999999,0.22164120499999995,0.99483078,-3.051464193,-2.536382079,-2.4771061315000003,-2.442946431,-1.1892421725,-0.13174738400000008,0.0755346819999998,-0.270384231,0.18631361800000024,2.378484345,-0.9726060575,-0.20782992699999997,-0.604655502,0.37264644449999995,-0.069082241,0.13196939299999988,-0.24872451599999998,-0.018968940000000045,0.6898240409999999,0.138164482,-0.722361986,-0.6149368205000001,-0.9202220864999999,-0.15352471600000006,-0.0602028955,-0.35625144200000003,-0.21356331100000003,0.6055974829999999,1.15958692,0.120405791,0.149739577,-0.0649271825,-0.016985808500000005,0.4654341415,0.3733165105,-0.003320824,0.07134216500000001,-0.157932075,0.006787058999999984,-0.746633021
2010.0,3111.0,0.0,0.0,0.0,0.0,1.0,0.0,0.0,0.0,0.0,0.0,-0.5417947215,-0.43215707400000003,-0.8901247425000001,-1.069929494,-0.3559448435,0.07626208300000004,-0.359858882,-0.12132133899999997,0.45063252399999987,0.711889687,-1.0752565330000001,-1.4026665139999999,-1.304649149,-1.5168551780000001,-0.764137752,-0.30479223600000005,0.4850281780000001,-0.2856700320000001,-0.033494203999999916,1.528275504,-0.5181265625,0.1116709629999999,-0.402373109,-0.07491923050000004,0.834955932,-0.26409549899999996,1.7158991399999999,0.07224433799999996,1.2164863229999998,-1.669911864,0.262244229,0.37724847100000003,0.2628546875,0.463495142,0.326674727,0.038751598000000026,0.05864275400000002,0.112505679,0.07783625400000005,-0.653349454,0.25936100900000003,0.662703018,0.5806638355,0.985238479,0.628325487,0.17684249800000001,0.10476714200000004,-0.23600986900000004,-0.2115270800000001,-1.256650974
2011.0,3238.0,0.0,0.0,0.0,0.0,1.0,0.0,0.0,0.0,0.0,0.0,-0.5430563125,-0.431432806,-1.0528750415,-0.744392016,-0.032583595,0.14672613299999998,0.04552024399999999,-0.018052816999999832,-0.200442432,0.06516719,-1.7287337274999999,-1.7813293025,-1.7012951925,-1.9686384055,-1.435355258,0.21113112499999986,-0.006877737000000161,-0.02998444499999997,-0.3327301469999999,2.870710516,-0.6662137195,-0.804642911,-0.5520218225,-0.6780878515,-0.404517219,-0.46783062299999995,-0.01889673599999997,0.06102813499999993,-0.09846015500000005,0.809034438,0.0742284175,-0.0334309545,-0.25135082200000003,-0.099345762,-0.501485183,-0.24329737499999998,0.656578175,0.38156734200000003,0.246272602,1.002970366,0.4171017555,0.1342634265,0.5431834145,0.34334507400000003,-0.375519374,0.042909273000000026,-0.26689014899999997,-0.262614619,0.04564155799999997,0.751038748
2012.0,2921.0,0.0,0.0,0.0,0.0,1.0,0.0,0.0,0.0,0.0,0.0,-0.5228708565,-0.548883761,-1.2156253399999999,-0.843737622,0.048256717,-0.980698669,0.483835984,0.08521570599999984,0.6732251060000001,-0.096513434,0.7330544915,0.706527279,0.7769272585,0.7653180855,0.2426885065,-0.14204381899999996,0.014335070000000005,0.031231310999999984,0.041539946999999966,-0.485377013,-0.6935469785,-0.7138998649999999,-0.388358941,-0.7070575914999999,-0.3881545375,0.383769445,-0.16840847999999997,0.219043002,-0.15310844700000004,0.776309075,-0.128944974,-0.031848786,0.4743776895,0.11254760300000001,0.1030111015,0.431156318,-0.106225826,-0.20929374499999998,0.17057513000000002,-0.206022203,-0.3602213080000001,-0.08796299300000002,0.530487716,0.568761819,0.361173226,2.1422002,-0.57429861,-0.288006016,0.81095575,-0.722346452
2013.0,3417.0,0.0,0.0,0.0,0.0,1.0,0.0,0.0,0.0,0.0,0.0,-0.5613031205,-0.296789276,-0.32910440700000004,-0.594797198,0.108886951,0.183219749,-0.223766816,-0.42851107000000005,0.17534425799999998,-0.217773902,-0.6456950385,-0.404312381,-0.2190604035,-0.160563931,0.0189493375,-0.021314853000000022,-0.083986954,-0.03761827699999998,0.089100382,-0.037898675,-0.427728977,-0.7332006015,-0.43959301149999996,0.0208141635,-0.404517219,-0.5146832219999999,0.039200259000000015,0.31368306900000004,-0.059917167,0.809034438,-0.655943017,0.1406528915,0.5133084370000001,0.5878920679999999,0.2662250985,0.36397805800000005,0.554176257,-0.05935043400000006,-0.12744644000000005,-0.532450197,-0.24705475999999998,0.45151916999999997,0.5835246519999999,0.9344332495000001,0.4421284565,0.336397182,0.19631586399999995,0.67235881,0.15858351699999995,-0.884256913
2014.0,3338.0,0.0,0.0,0.0,0.0,1.0,0.0,0.0,0.0,0.0,0.0,0.44470198,0.582377141,0.182243546,0.748803662,0.674769136,0.005612986000000042,0.255452484,-0.191891886,0.48803731399999994,-1.349538272,-1.4330228875,-1.048016031,-1.1483938230000001,-0.720472558,-0.450902916,0.3228481350000001,0.132650496,-0.060574185999999974,0.17794415200000002,0.901805832,-0.7073568525,-0.645293912,-0.6395810829999999,-0.7745269655,1.559004604,-0.17129745500000004,0.03239414399999996,0.108288104,-0.018169698999999984,-3.118009208,-0.49015684,-0.25173414250000004,-0.018048201000000007,0.0425531585,0.07883125,0.17864583599999995,0.445256603,-0.160972836,-0.037525239,-0.1576625,0.2862093735,0.6031734385,0.415649414,0.5717816505,0.413794126,-0.003938017000000016,0.08849126699999998,0.11094657200000002,-0.016378451000000016,-0.827588252
2015.0,3155.0,0.0,0.0,0.0,0.0,1.0,0.0,0.0,0.0,0.0,0.0,0.520212394,0.311279412,0.710802919,0.146025259,-0.1134239075,-0.281289578,-0.21942121,-0.06377290199999996,-0.181340116,0.226847815,-0.93939373,-0.7597204635,-0.1524061605,-0.05243853150000001,-0.2271637475,-0.22494849800000005,-0.08701735499999996,0.008275403000000014,-0.298979331,0.454327495,-0.873715522,-0.42626860850000003,-0.4299141955,-0.7745269655,0.107634723,-0.007380705999999959,-0.044803113000000006,0.800540933,-0.018169698999999984,-0.215269446,-0.510631089,-0.1720933765,-0.3507647975,0.0723553155,0.1815956185,-0.09725928600000006,-0.093844761,-0.15364241700000003,-0.227663025,-0.363191237,0.3372114945,0.594608165,0.6123093855,0.895018026,0.559513541,0.293463929,0.10562181400000004,-0.011531796999999955,0.14264920999999997,-1.119027082
2016.0,3011.0,0.0,0.0,0.0,0.0,1.0,0.0,0.0,0.0,0.0,0.0,0.634062549,0.09393221099999999,0.4375905425,0.33431852500000003,-0.2144742975,0.23835965999999997,1.028928514,-0.109967013,0.04205230799999998,0.428948595,-1.8085774665,-1.4917079345,-1.200299765,-1.775226259,-1.256363923,-0.332320089,0.39541855699999995,-1.30077855,-0.03223878400000002,2.512727846,-0.987308526,-0.810846897,-0.744341862,-0.7051708735,-0.234345328,0.10618952199999998,-0.07043745800000001,0.1716856,-0.12958787699999996,0.468690656,-0.415112476,-0.5492127535,-0.312249099,-0.2679514965,-0.308046372,-0.11768302399999997,0.5486822769999999,-0.509101912,-0.09093886699999998,0.616092744,-0.1406247305,0.39127427150000005,0.24215636200000001,0.5836622895,0.4340329335,0.178001603,-0.044087763,0.10245311000000001,0.03883089899999992,-0.868065867
2017.0,3378.0,0.0,0.0,0.0,0.0,1.0,0.0,0.0,0.0,0.0,0.0,1.6268672055,0.9864284425000001,1.226074629,0.6403068185,0.048256717,-0.18460968700000002,-0.484845509,0.6094629180000001,-0.494926909,-0.096513434,-1.8526841945,-2.049400565,-2.0077935829999998,-0.20174264749999993,-0.048172413,0.6348167310000001,-0.719966704,0.4934112540000002,-1.460916867,0.096344826,-0.8720387,-0.417973957,-0.5016715469999999,-0.08766274399999999,-0.1688946005,0.02497346800000011,-0.23039968,0.6570262299999999,-0.573077988,0.337789201,-0.8139309809999999,-0.189315478,-0.45416507650000004,-0.3512078865,0.1392808785,0.09499345599999998,0.096995842,-0.04808843899999998,0.42366317100000006,-0.278561757,-0.8434392705,0.3270347195,0.1879357365,-0.41118081949999996,0.0737821565,1.038985883,0.08439134100000001,-0.28000599299999995,1.7600169810000001,-0.147564313
2018.0,2482.0,0.0,0.0,0.0,0.0,1.0,0.0,0.0,0.0,0.0,0.0,0.1729385075,-0.2786310105,0.260898621,0.30081905049999996,0.068466795,-0.5379139589999999,0.48576736499999995,0.46564890400000003,-0.790917177,-0.13693359,-0.3020137305,-0.3152709595,-0.2185138345,0.076956246,-0.025798496,-0.005538776999999995,0.005622667000000026,0.050889667,-0.471854428,0.051596992,-0.7455981110000001,-0.4754003835,-0.5334299295,0.1848252005,0.5486089995,0.08210106400000006,0.28413251500000003,-0.42235590700000003,-0.07746993299999999,-1.097217999,-0.1274090115,-0.121543899,-0.7061850654999999,-0.5021016335,0.042561473,0.598697881,-0.127916688,-1.417110205,1.030028767,-0.085122946,-1.1782272175,-0.7929939949999999,-1.776370757,-0.9955284259999999,-0.5779074505,0.564807693,-1.1792248939999999,-1.9036452739999998,0.6227698379999999,1.155814901
2019.0,3101.0,0.0,0.0,0.0,0.0,1.0,0.0,0.0,0.0,0.0,0.0,1.136819094,1.527899634,1.4095146184999998,1.4864267505,0.83644976,-1.310680374,0.05952275400000007,-1.238964225,0.737730633,-1.67289952,-1.6247441955,-1.4251636195000001,-1.240727752,-0.8931384185,-0.450902916,-0.348417285,0.35156074699999995,-0.6823160760000001,0.5232758730000001,0.901805832,0.9825845304999999,-0.09185917799999999,0.009762665000000004,-0.4680995955,0.3579837555,3.103458387,-0.81411278,1.679894654,-0.12608534300000002,-0.715967511,-1.261985553,-0.5649457545000001,-0.4845202595,-0.141671608,-0.156922301,-0.49567207599999996,0.02158970299999996,-0.012689719000000044,0.048101772,0.313844602,-0.091737665,-0.0290001025,-0.10621565700000002,0.2166240935,0.098068726,0.334395046,0.074674135,0.646848762,-0.538005143,-0.196137452
2021.0,2715.0,0.0,0.0,0.0,0.0,1.0,0.0,0.0,0.0,0.0,0.0,1.1738972435,1.410086545,0.9973029585,1.086291824,0.9375001505,-0.4336645210000001,0.29514893200000003,-0.5626956230000001,1.163013638,-1.875000301,-1.7886165319999998,-0.8918620945,-0.6424792715000001,-0.6350811925,0.1755667555,-0.196457286,0.44495836899999996,-0.534796789,0.780391535,-0.351133511,-0.916878403,-0.706126385,-0.09200230549999999,0.10205662300000007,-0.3374302235,0.09842204799999998,0.04443275599999996,1.476364713,-1.457455816,0.674860447,-0.8337469595,-0.5032716395,-0.43861941400000004,-0.23555519,-0.0964726725,-0.10910813899999994,0.03229553099999993,0.19924833200000003,-0.0034424279999999974,0.192945345,-0.02681082800000001,0.17333048850000002,0.28064790900000003,0.3309037105,-0.007173074,0.38608963799999996,-0.360061499,0.21167359800000002,-0.5138583649999999,0.014346148
1990.0,2504.0,0.0,0.0,0.0,0.0,0.0,1.0,0.0,0.0,0.0,0.0,-2.2788412105,-2.559552504,-2.364686825,-1.750504713,-1.083507653,-0.18639268300000023,0.09787380800000012,-0.2834462200000001,0.1618408360000001,2.167015306,-1.7866043825000002,-1.781518703,-1.63409438,-1.7536430265,-0.943129087,-0.28837392100000003,-0.09572975800000005,0.10441718,-0.07540524900000012,1.886258174,0.394059938,2.1111356165,0.4859903025,-0.5927760735000001,-0.2687069595,-0.10181541400000005,-1.4220066669999998,0.792673335,-0.11214318100000009,0.537413919,0.9637548665,1.218669482,0.9902826205,0.17807847100000002,0.2239103585,0.219998421,0.006791776000000027,0.12572523300000005,-0.765443016,-0.447820717,1.1591463955,1.353263483,1.074380511,0.8237867565000001,0.4340329335,0.12013508899999992,0.04692210200000013,0.6385926,-0.141329645,-0.868065867
1991.0,1990.0,0.0,0.0,0.0,0.0,0.0,1.0,0.0,0.0,0.0,0.0,-2.064925878,-2.576745079,-1.938742015,-1.559012079,-0.9218270285,-0.34245987600000016,-0.0711548719999997,0.5684434,-0.221144432,1.843654057,-1.60880756,-1.7592109974999999,-1.5696264135,-1.4732702395000001,-0.6970160015,-0.028721210000000053,-0.05111434700000017,-0.203720919,-0.4643219089999999,1.394032003,0.4447302585,2.4386862865,-0.37663866349999997,0.184065445,-0.0739910455,-0.246979285,-2.262102447,-0.561111437,-0.720771292,0.147982091,0.8910736465,1.1058874765,0.386656256,0.674440258,0.278315024,0.12162730700000002,0.299382817,-0.793200234,0.09105759600000007,-0.556630048,0.6221865870000001,0.5395624880000001,0.6068344715,1.0168267305,0.5999911565,1.430067454,1.674324092,-0.7961790930000001,-0.1483505770000001,-1.199982313
1993.0,2705.0,0.0,0.0,0.0,0.0,0.0,1.0,0.0,0.0,0.0,0.0,-1.770546291,-2.1711245310000002,-2.4790726595,-1.732155292,-1.083507653,0.9031843879999999,0.06686857400000035,-0.8695254910000001,0.275136732,2.167015306,-1.6946877465,-1.536891545,-1.4805718995,-1.5385430295,-0.8760073365,-0.29642251899999983,0.039631674000000006,-0.11302669700000001,0.09579595499999982,1.752014673,0.5385811945000001,0.987578671,0.499775128,-0.42842760849999995,-0.185257282,-1.911686311,-0.1455426099999999,0.35021572600000006,-0.46472236699999997,0.370514564,0.9979012439999999,1.0509157715,0.9238865295,0.8144426810000001,0.405259244,0.029838887999999897,-0.23860172299999993,0.233205769,-0.014902622000000032,-0.810518488,0.845283163,1.235774315,0.884162086,0.6347128365,0.5635613025,-0.46851183399999996,-0.033881308,0.61276709,-0.11065257099999992,-1.127122605
1994.0,2938.0,0.0,0.0,0.0,0.0,0.0,1.0,0.0,0.0,0.0,0.0,-2.00144684,-2.0375674029999997,-2.706744883,-1.7696539765,-0.578255702,1.025281146,-0.8104871739999999,0.10436046399999999,0.20013936300000013,1.156511404,-1.564861392,-1.3593769039999999,-1.1473006845,-1.9039933265000002,-0.786511669,0.059171126000000074,-0.047705145999999976,0.11644170300000001,-0.3761058490000002,1.573023338,1.5695568885000002,0.229554811,1.475316829,-0.6496304985,-0.270343228,-4.194376931,0.797250738,-0.4657968480000001,-0.10078685100000007,0.540686456,0.8379384715,1.032669915,1.27269702,0.22633087149999997,-0.338271186,-0.454556293,0.4458179400000001,0.04181769199999996,-1.1230147590000001,0.676542372,0.9779443644999999,1.110295839,1.3663222574999998,0.552249265,0.3126000875,-0.2618087429999999,0.6230807460000001,-0.131494475,0.1332452,-0.625200175
1995.0,2728.0,0.0,0.0,0.0,0.0,0.0,1.0,0.0,0.0,0.0,0.0,-1.5660466295,-1.2084094634999998,-2.486474687,-1.8590015565,-1.0026673405,0.29036246099999996,0.039967525000000004,0.3305162959999999,-0.8211233870000001,2.005334681,-1.4769690555000001,-1.5145838399999998,-1.613333817,-1.5817094945,-0.92075517,0.23495579899999997,0.08424708400000003,-0.11630611200000018,0.18212888500000002,1.84151034,-0.2190950085,-0.47230692750000003,3.7227652795,-0.053972725,-0.234345328,-0.11554061700000001,0.24140349100000003,-2.040821895,0.751536234,0.468690656,0.8057669025,0.4842122195,1.1179373095,0.472713496,0.278315024,-0.04898618099999996,-0.13294239899999993,-0.4839471770000001,0.255199754,-0.556630048,0.7960875015,0.851950351,1.277047916,0.934222978,0.474510549,-0.35196568500000003,0.072128674,-0.342280554,-0.03052544800000001,-0.949021098
1996.0,2465.0,0.0,0.0,0.0,0.0,0.0,1.0,0.0,0.0,0.0,0.0,-2.1939151255000002,-2.035273888,-1.8481071955,-2.259936325,-1.083507653,-0.016540513000000256,0.4732133900000002,0.535328477,-0.24424595800000004,2.167015306,-1.564861392,-1.2259094725,-1.255476053,-1.0645488595,-0.652268168,0.059171126000000074,0.042283274999999954,0.5119946080000001,-0.16487672900000006,1.304536336,0.663158745,0.4420577015,1.230652517,0.255410804,0.711417684,0.557821922,-0.577849939,0.4018887179999999,-0.6109924640000001,-1.422835368,0.9086953935,1.1122176119999998,0.898480929,1.102243509,0.677282572,0.08638381299999998,-0.04841260000000003,-0.298150868,0.08391866000000014,-1.354565144,1.060792712,1.2507155465,0.9474235235,1.1349847885000002,0.656659818,0.6073196840000001,-0.12391267499999992,0.38467862500000005,-0.17934305900000003,-1.313319636
1997.0,2596.0,0.0,0.0,0.0,0.0,0.0,1.0,0.0,0.0,0.0,0.0,-2.1416978835,-2.0031822525000003,-1.6099716195,-1.2933219175000001,-1.0228774185,0.014906738999999725,-0.4724298130000002,0.725753549,-0.302540539,2.045754837,-1.8825453165,-1.6255541660000001,-1.4576250595000002,-1.538438411,-0.8536334195,-0.09649205300000019,0.127726094,0.020281788999999995,0.009672262000000043,1.707266839,1.466133271,1.3189040455,0.716485452,-0.384424045,-0.3096136645,-0.13270855199999998,3.129219141,-0.641607582,0.70279474,0.619227329,0.7959938799999999,0.9656428854999999,0.7918697175,0.588115595,0.326674727,0.189920062,0.31176388099999996,-0.43929147699999993,0.37248481400000005,-0.653349454,1.1242593255,1.0082712335,0.8891583925,0.8559357320000001,0.454271741,0.22621888300000004,0.43616208099999987,-0.328243435,0.4261374320000001,-0.908543482
1998.0,2340.0,0.0,0.0,0.0,0.0,0.0,1.0,0.0,0.0,0.0,0.0,-1.6710656480000001,-1.2597457665,-1.762704053,-2.3425321945,-1.103717731,-0.7225351280000001,-0.33199214099999996,-0.07994195800000004,1.0459063210000001,2.207435462,-1.355030738,-1.3589981035,-1.3248631425,-1.5599170254999999,-0.6746420845,-0.09681317200000006,0.12999889499999995,0.02356120500000003,-0.03328496699999994,1.349284169,0.503922682,0.063345773,0.07742285000000002,1.2930637965,0.052001605,0.09072207600000004,1.319231016,0.511268428,-2.208653359,-0.10400321,0.9824737290000001,0.853326223,0.9934935540000001,0.97645128,0.4475739835,0.3044274720000001,0.3800008039999999,0.372419818,-0.6217423420000001,-0.895147967,0.9208229164999999,0.8565209704999999,0.947408692,1.1502532349999999,0.454271741,0.5423175669999999,0.42388085899999994,0.04615631999999992,-0.6205272199999999,-0.908543482
1999.0,2675.0,0.0,0.0,0.0,0.0,0.0,1.0,0.0,0.0,0.0,0.0,-2.2172082975,-1.3945100075,-2.1245893705,-1.9994451375,-0.59846578,0.30180930299999975,-0.13026826899999988,0.12528716899999992,0.6597216850000001,1.19693156,-1.3350698035000002,-1.1597439575,-1.0604324475,-1.27943962,-0.450902916,0.03904963099999992,-0.17927857700000005,-0.14689585300000008,-0.50832532,0.901805832,0.7558957545,-0.4872316945,-0.090095256,-0.4268121545,-0.1525319185,-0.7248559270000001,0.22785926899999998,-0.207876084,-0.47136502500000005,0.305063837,1.0633920085000002,0.646799153,0.9542417125,0.8109002835000001,0.5382484265,-0.003649218999999926,-0.10063877799999998,0.197807049,-0.20361803499999998,-1.076496853,1.0732948445,0.637434533,0.9427575105000001,0.7603123685000001,0.6161822025,0.1829092309999999,0.01996907800000003,-0.33387607900000005,-0.535587019,-1.232364405
2000.0,2643.0,0.0,0.0,0.0,0.0,0.0,1.0,0.0,0.0,0.0,0.0,-1.2457581655,-2.1231681445,-2.3370120515,-1.5247127625,-0.679306092,-0.893741413,-1.4529410129999998,0.7723646069999999,0.460230629,1.358612184,-1.676738962,-1.5153414404999999,-1.4139176565,-1.36640026,-0.49565075,-0.06864307999999997,-0.2711609989999999,-0.06713301700000018,0.18108270199999987,0.9913015,-0.10592550950000001,3.1444402655,1.3363008865000001,-0.34292249799999996,0.140360087,1.183818017,7.277603599,-1.8734103770000001,0.660732654,-0.280720174,0.11132831899999995,0.7563237534999999,0.697272141,0.326574527,0.3750344295,1.193650854,1.177249007,-0.604459358,-0.10518966600000001,-0.750068859,0.07880633250000002,0.8844587429999999,0.9790245795000001,0.7570647429999999,0.316647849,1.8087897210000001,1.164978294,-0.406410217,0.08687913599999997,-0.633295698
2001.0,2838.0,0.0,0.0,0.0,0.0,0.0,1.0,0.0,0.0,0.0,0.0,-2.1989614895000003,-2.2220987,-1.8805681585,-1.2582227590000001,-1.184558043,0.26531568699999974,-0.10240152800000013,0.970637193,0.22724010000000017,2.369116086,-1.5948830735000001,-1.381116409,-1.435771358,-1.4960042740000001,-0.786511669,0.3828914990000001,0.17423550599999982,-0.023425614000000206,0.5262051860000001,1.573023338,0.590790371,1.2398456155000002,0.10305817899999992,-0.21506638699999997,0.1117253935,-0.730623256,1.503624191,-1.65619175,0.534666956,-0.223450787,0.979182381,1.078145685,0.35886982,0.14611568449999998,0.6047430175,-0.05459016200000011,0.15378531200000012,-0.560445844,0.669084013,-1.209486035,1.1483001625,1.255425519,0.4752411335000001,0.828488761,0.6364210105,-0.057875538999999865,-0.2686676560000001,-1.091603163,0.5442078759999999,-1.272842021
2002.0,2085.0,0.0,0.0,0.0,0.0,0.0,1.0,0.0,0.0,0.0,0.0,-2.168098771,-2.1712452425,-1.6613974085,-1.6180595535,-0.679306092,-0.4758184300000001,-0.0006946130000002881,-0.9492514710000002,0.19693999500000015,1.358612184,-1.838599148,-1.536891545,-1.5466795735,-1.8181834875,-0.8760073365,-0.00859971599999998,0.039631674000000006,-0.070412433,-0.11815324099999991,1.752014673,0.9817465345,1.581600542,0.23365459300000002,-0.2680846965,-0.2228914505,0.8977420609999999,-1.178282378,1.824435116,-0.9832897270000001,0.445782901,0.998778937,0.9161171635,0.6729785035,0.000240847000000044,-0.0602028955,0.1255769240000001,-0.14774325099999996,1.317189661,-0.7578570259999999,0.120405791,1.237689353,1.1600648539999998,0.46807967399999995,0.1694169425,0.2761702335,0.19906192200000006,-0.16816968200000004,1.021741954,-0.47517909300000005,-0.552340467
2003.0,2158.0,0.0,0.0,0.0,0.0,0.0,1.0,0.0,0.0,0.0,0.0,-1.5509075380000001,-2.1048891679999997,-2.0372243484999997,-2.0353441375,-0.9622471845,-0.5552061399999999,-0.675843644,-0.2716749489999999,0.2815354689999998,1.924494369,-1.4969299895,-1.6701695765,-1.6346409495,-1.818288106,-0.965503004,0.09909299500000013,0.03849527300000011,0.015909235000000077,-0.03202954800000013,1.931006008,0.21223236800000006,2.1672210655,0.20274514,-0.145011544,-0.3619742465,1.290874086,3.661653895,0.13015593599999997,-0.8029672019999999,0.723948493,0.6946013525,1.100394959,1.026002435,0.5595122834999999,0.2601801355,0.22209163100000007,0.24334082199999996,0.028973958000000133,-0.07068687100000004,-0.520360271,0.9661347035000001,1.280458657,1.0205495055,0.7365510900000001,0.272122472,0.12490711300000001,0.192531754,-0.04934251099999998,-0.6460057180000001,-0.544244944
2004.0,2565.0,0.0,0.0,0.0,0.0,0.0,1.0,0.0,0.0,0.0,0.0,-2.3033959735,-2.1717280875,-1.6324147165,-1.9427971895000002,-0.7803564825,0.20242118299999978,-0.27094736300000033,0.25209823500000006,0.6964205270000001,1.560712965,-1.9825105495000002,-1.9586545439999998,-2.0329267,-1.8612453345,-0.764137752,0.2792230870000003,0.16931110399999993,0.006070988000000277,-0.11794400500000002,1.528275504,1.9760092965,1.0126757615,-0.3695738235,0.11356677800000003,-0.3636105145,-2.739835373,-0.30079536099999993,-0.40041411699999996,-1.3883588599999999,0.727221029,0.913472193,0.195111256,0.22296066,0.5498198055,0.314584801,-0.045036564,-1.36447026,-0.11144600799999999,-0.203590965,-0.629169602,1.020177668,0.530071352,0.1762659955,0.618603303,0.235692618,-0.25550121800000014,-1.479548328,0.11574065300000001,-0.42590427,-0.471385236
2005.0,2611.0,0.0,0.0,0.0,0.0,0.0,1.0,0.0,0.0,0.0,0.0,-2.3033959735,-1.81539175,-1.514550611,-2.718718805,-1.0026673405,0.20242118299999978,0.6436906060000003,-0.7984809159999999,0.523324262,2.005334681,-2.0264567180000004,-1.959033344,-1.6351875185,-1.732059794,-1.0326247545,0.1913307500000001,-0.008392938000000072,-0.0725987090000002,-0.118571714,2.065249509,1.5434364045,0.327640507,0.509787881,1.808111336,-0.288342178,-2.439522329,-1.287691036,1.19910651,-1.75122516,0.576684356,0.9276336795,0.7990060000000001,0.7433608974999999,1.1209308144999999,0.0969661385,0.1947473730000001,-0.4720795000000001,0.5689453889999999,-0.10574500100000006,-0.193932277,0.30863942749999995,0.560966395,0.24700976849999998,0.86379775,0.385459795,-1.737197009,0.278165936,0.49900865699999997,0.41041339600000004,-0.77091959
2006.0,2644.0,0.0,0.0,0.0,0.0,0.0,1.0,0.0,0.0,0.0,0.0,-2.1807146815,-1.967227855,-1.5729329404999999,-2.466978933,-1.204768121,0.22882207099999974,0.7439489860000001,0.7998309069999998,-0.5051370679999998,2.409536242,-2.0464176524999997,-1.9594121445,-1.9646327495000002,-1.775226259,-1.0549986715,0.055467946999999906,-0.186096979,0.3174885030000001,-0.03223878400000002,2.109997343,0.3561165275,0.6280956179999999,-0.472616591,1.2649355895,0.2426268485,0.668750755,-2.304267776,-0.523107718,-0.5864034029999999,-0.485253697,0.758117308,0.6810572175,0.375284807,1.13298038,0.4173491695,-0.02680705799999994,-0.39257833700000005,-0.719834044,0.32702301999999994,-0.834698339,0.975558353,0.9359804604999999,0.478491569,1.371441086,0.3733165105,0.12421464000000004,-0.787643943,-0.488710494,-0.11525537799999985,-0.746633021
2007.0,2826.0,0.0,0.0,0.0,0.0,0.0,1.0,0.0,0.0,0.0,0.0,-2.1807146815,-1.967227855,-1.5729329404999999,-2.466978933,-1.204768121,0.22882207099999974,0.7439489860000001,0.7998309069999998,-0.5051370679999998,2.409536242,-2.0464176524999997,-1.9594121445,-1.9646327495000002,-1.775226259,-1.0549986715,0.055467946999999906,-0.186096979,0.3174885030000001,-0.03223878400000002,2.109997343,0.3561165275,0.6280956179999999,-0.472616591,1.2649355895,0.2426268485,0.668750755,-2.304267776,-0.523107718,-0.5864034029999999,-0.485253697,0.758117308,0.6810572175,0.375284807,1.13298038,0.4173491695,-0.02680705799999994,-0.39257833700000005,-0.719834044,0.32702301999999994,-0.834698339,0.975558353,0.9359804604999999,0.478491569,1.371441086,0.3733165105,0.12421464000000004,-0.787643943,-0.488710494,-0.11525537799999985,-0.746633021
2008.0,2655.0,0.0,0.0,0.0,0.0,0.0,1.0,0.0,0.0,0.0,0.0,-2.3921068315,-2.2884547745,-1.164645038,-2.7366683050000002,-1.164347965,0.24396116299999981,0.572747503,-0.31305432999999994,0.3342311539999998,2.32869593,-1.4908935415000002,-1.603625261,-1.1697009550000002,-1.4737933315,-1.0326247545,-0.17665691100000003,-0.005362536000000029,0.07164116199999992,-0.03370344100000011,2.065249509,1.708677085,0.23399992349999998,0.368026486,0.49057074449999993,-0.384063867,-0.28019499999999997,-1.486385921,-0.39088990599999995,-1.937661755,0.768127734,0.161071124,0.360352111,0.40926597200000003,0.5635288055000001,0.320629764,0.09485767600000002,0.09243547400000002,-0.003135374000000024,0.07356913499999995,-0.641259528,1.0980657935,1.2877852815,1.34436869,1.5253812435,0.8428568485,0.11521250699999985,-0.03264265899999996,0.09861624199999985,0.14545283100000006,-1.685713697
2009.0,2746.0,0.0,0.0,0.0,0.0,0.0,1.0,0.0,0.0,0.0,0.0,-2.1077274495,-1.597078859,-2.5498802205,-2.2056879035000003,-1.224978199,0.08284760699999971,-0.06415361600000002,-0.6538330109999997,0.2472361529999998,2.449956398,-0.8774987765,-0.6487501375,-0.6605069885,-1.451582389,-0.5627725005,0.09072327700000005,-0.13049636499999995,0.1284662270000001,-0.5936120679999999,1.125545001,0.2451739925,0.039607740999999974,1.659938979,-0.1188445015,-0.0559920955,-0.24552198700000002,0.601606624,2.38751626,-0.128598403,0.111984191,0.161071124,0.360352111,0.40926597200000003,0.5635288055000001,0.320629764,0.09485767600000002,0.09243547400000002,-0.003135374000000024,0.07356913499999995,-0.641259528,1.0980657935,1.2877852815,1.34436869,1.5253812435,0.8428568485,0.11521250699999985,-0.03264265899999996,0.09861624199999985,0.14545283100000006,-1.685713697
2010.0,2775.0,0.0,0.0,0.0,0.0,0.0,1.0,0.0,0.0,0.0,0.0,-2.569528548,-2.3917309365,-1.5489734519999998,-2.3728323,-1.164347965,0.32704112399999996,-0.5089877669999998,-0.581480518,-0.3934408560000002,2.32869593,-1.9325279334999999,-1.9588439439999998,-2.422467343,-1.194571346,-0.3837811655,0.09136551700000006,0.0804590839999999,1.4123598560000001,0.52474053,0.767562331,1.0788928075,0.5200279704999999,-0.08920727449999999,1.3115707374999999,-0.323521944,-1.4455118310000001,0.16834289699999994,0.46356237499999997,1.711963497,0.647043888,0.9026020545,1.1120780085,0.23773095299999997,0.8891648335,0.0727862875,0.07419713500000003,0.018893634999999964,1.023349084,0.270764647,-0.145572575,0.827165976,1.3729146875,0.49144881849999994,1.2692348575,0.2235493335,-0.25072919400000004,-0.1878642450000001,0.9072932709999999,0.08915707900000003,-0.447098667
2011.0,3031.0,0.0,0.0,0.0,0.0,0.0,1.0,0.0,0.0,0.0,0.0,-2.2524403225,-2.019771271,-2.5988986435,-2.6776208305,-1.0632975745,0.30433248499999976,-0.303642556,-0.03725465700000008,-0.0838532729999999,2.126595149,-1.6847875595,-1.6257435660000001,-1.4794787610000002,-1.602665017,-1.256363923,0.299023461,0.03887407399999998,0.06398919199999997,-0.291446812,2.512727846,1.0424818765000001,0.175113706,2.2804933105,0.774701535,-0.3963358785,0.6204554470000001,0.40139503400000004,-1.3951073150000002,-1.171928836,0.792671757,0.94069805,0.83172843,1.1623266435000001,0.8149303405,-0.338271186,0.3148587640000001,-0.02365046999999998,0.08537692899999993,-0.5815229850000001,0.676542372,0.960903525,0.9518816354999999,1.379826858,1.0960251534999998,-0.031459643,0.15352429600000006,0.3233828849999999,-0.04001048600000012,0.21445872700000002,0.062919286
2012.0,2691.0,0.0,0.0,0.0,0.0,0.0,1.0,0.0,0.0,0.0,0.0,-1.874888252,-1.5958717464999999,-2.486474687,-2.226436851,-0.719726248,-1.130180336,0.6114782589999999,0.3305162959999999,0.5887235259999999,1.439452496,-1.6507415785,-1.6920984815,-1.5685332755,-1.7532245535,-0.808885586,-0.20853018299999992,0.17158390499999987,-0.026705029000000158,-0.41990002300000007,1.617771172,0.7963827215,-0.1877479285,1.5478264975,0.5371934025,-0.402062817,3.303815251,-0.07648749099999999,-0.869142649,-0.758324083,0.804125634,0.48923372800000003,0.6358606535,1.165122528,0.5817555215,-0.0602028955,0.657200234,-0.23515817900000002,-0.17333129200000008,-0.5937960769999999,0.120405791,0.4968716195,0.543591223,1.2081390019999998,0.7954110855000001,-0.1690835355,1.335755681,-0.6645034120000001,-0.23831792200000002,-0.858490465,0.338167071
2013.0,2900.0,0.0,0.0,0.0,0.0,0.0,1.0,0.0,0.0,0.0,0.0,-2.569528548,-2.3917309365,-1.5489734519999998,-2.3728323,-1.164347965,0.32704112399999996,-0.5089877669999998,-0.581480518,-0.3934408560000002,2.32869593,-1.9325279334999999,-1.9588439439999998,-2.422467343,-1.194571346,-0.3837811655,0.09136551700000006,0.0804590839999999,1.4123598560000001,0.52474053,0.767562331,1.0788928075,0.5200279704999999,-0.08920727449999999,1.3115707374999999,-0.323521944,-1.4455118310000001,0.16834289699999994,0.46356237499999997,1.711963497,0.647043888,0.9026020545,1.1120780085,0.23773095299999997,0.8891648335,0.0727862875,0.07419713500000003,0.018893634999999964,1.023349084,0.270764647,-0.145572575,0.827165976,1.3729146875,0.49144881849999994,1.2692348575,0.2235493335,-0.25072919400000004,-0.1878642450000001,0.9072932709999999,0.08915707900000003,-0.447098667
2014.0,3126.0,0.0,0.0,0.0,0.0,0.0,1.0,0.0,0.0,0.0,0.0,-2.3675520685,-1.646242359,-2.7609949824999998,-2.6788205935000002,-0.8207766385,-0.1448527030000002,0.7800240939999998,0.13878330500000002,0.14353836299999978,1.641553277,-1.5807980275,-1.625364766,-1.590386977,-1.5168551780000001,-0.7193899185,-0.2605249490000001,0.216578116,0.01700237399999982,-0.033494203999999916,1.438779837,1.6014388604999998,-0.359061697,1.584100427,0.22430733949999998,-0.023266732,-1.049306599,0.053739024000000024,0.6134869939999998,-0.344080497,0.046533464,1.03533897,0.249059205,1.0990475305,0.393263636,-0.344316149,0.19869699000000007,-0.33290666199999996,-0.04118129700000006,-0.10803441200000002,0.688632298,1.23280441,1.011977904,0.7110883155000001,1.0720185574999999,0.2599791875,0.208831808,-0.29303811,0.9758422290000001,-0.11658709899999997,-0.519958375
2015.0,3052.0,0.0,0.0,0.0,0.0,0.0,1.0,0.0,0.0,0.0,0.0,-1.710082446,-1.3771967215,-1.340029041,-2.070443296,-0.7601464045,-0.5086197959999998,0.10632359899999999,0.40810046600000005,-0.2482451699999999,1.520292809,-1.6527537285,-1.5376491455,-1.5887472690000002,-1.7751216410000001,-0.7193899185,-0.11661354700000004,-0.3157764089999999,0.28252620799999995,-0.1183624780000001,1.438779837,0.29051695000000005,0.2953951185,0.16461792600000003,0.0552690975,0.3465298785,1.07587395,-0.254834307,0.498658486,-0.326708573,-0.693059757,0.6992092395,0.305380406,-0.1502921515,0.124624238,-0.181102152,0.7247163190000001,-0.44554906400000005,-0.377406193,-0.44097876199999997,0.362204304,0.9581712775,0.862844293,0.5808808919999999,0.8912447205,0.3976030795,0.558394979,-0.38573876400000007,0.11903558400000003,0.29234295099999985,-0.795206159
2016.0,2548.0,0.0,0.0,0.0,0.0,0.0,1.0,0.0,0.0,0.0,0.0,-1.845379648,-1.9000268015,-2.0723011490000003,-2.181339666,-1.4472890575,0.16961981599999998,0.5417422689999998,-0.12744399000000017,-0.7764261240000001,2.894578115,-2.182441016,-1.048205431,-1.1281798285,-1.0431748635,-0.473276833,1.0306533639999997,0.043798476000000086,-0.36980542299999986,-0.03579580699999996,0.946553666,0.055600331,0.8064699005,-0.23539938249999998,0.26846748849999996,0.451251042,0.263471944,-2.053503739,0.082732169,0.46830137299999997,-0.902502084,0.7059103369999999,0.8608662524999999,0.7313864889999999,0.7692450184999999,0.6470577575,0.15072695000000003,-0.5511153189999999,-0.8245579239999999,1.098004899,-1.294115515,0.8949756205000001,1.1004392804999998,1.163610359,1.51393867,0.883334464,0.4124638930000001,-0.3045513769999999,-0.166188236,0.4842204939999999,-1.766668928
2017.0,2649.0,0.0,0.0,0.0,0.0,0.0,1.0,0.0,0.0,0.0,0.0,-1.2791440655000001,-1.5812141080000002,-2.0723011490000003,-2.181339666,-1.4472890575,-0.01167919499999992,-0.63832,-0.12744399000000017,-0.7764261240000001,2.894578115,-1.035334664,-1.1149391465,-1.1281798285,-1.0431748635,-0.473276833,-0.033066629999999986,-0.001195735000000031,-0.36980542299999986,-0.03579580699999996,0.946553666,0.316169739,0.763636451,-0.23539938249999998,0.26846748849999996,0.451251042,-0.05640463200000001,1.04688735,0.082732169,0.46830137299999997,-0.902502084,0.357762841,0.5495174775,0.7313864889999999,0.7692450184999999,0.6470577575,0.018327859999999974,0.831221895,-0.8245579239999999,1.098004899,-1.294115515,0.5976113144999999,-0.5047660435,1.163610359,1.51393867,0.883334464,0.462547703,-0.8083355569999999,-0.166188236,0.4842204939999999,-1.766668928
2018.0,2948.0,0.0,0.0,0.0,0.0,0.0,1.0,0.0,0.0,0.0,0.0,-2.101419494,-2.4413772810000003,-1.971856937,-0.9318854395,-0.8207766385,-0.26947264400000015,0.06493719400000009,0.9309826760000002,-0.5754292789999998,1.641553277,-1.355030738,-1.5815069555,-1.659774066,-1.8620822815,-0.808885586,-0.09681317200000006,-0.04959914700000012,-0.4714310300000002,0.571045545,1.617771172,1.8351600849999998,4.190950741,0.793668206,-0.5538904975,0.256535128,2.865573938,-4.999247016,-2.5442431,0.11373147300000003,-0.513070256,0.9459136960000001,1.1624878834999999,0.0022591335000000656,-1.4395286175,-0.0964726725,0.2313074060000001,0.05212794300000012,-1.441858119,0.903369499,0.192945345,1.130182976,1.432967597,0.4746344575,0.079792259,0.2073582875,0.15990710200000002,-0.18767225599999993,-1.141172607,0.414805932,-0.414716575
2019.0,2695.0,0.0,0.0,0.0,0.0,0.0,1.0,0.0,0.0,0.0,0.0,-1.8667341720000001,-1.9510009705,-2.438764183,-1.9403976630000002,-0.679306092,-0.6029615520000002,0.37247216500000024,-0.4316009359999997,0.24163725800000013,1.358612184,-1.5108544765,-1.5370809455,-1.325409712,-1.258379479,-0.808885586,-0.3125197150000001,-0.04922034700000011,-0.06494674000000011,-0.12087331800000012,1.617771172,3.037963575,0.452749917,1.7564247375,0.690984077,-0.262161887,5.98169392,-0.5010274459999999,3.373974659,-1.260375218,0.524323774,0.6874614085,0.736773472,1.0454012175,0.41149035199999995,-0.5679797745,0.7482119810000001,-0.21356038599999994,0.572344233,-0.775399626,1.135959549,0.7921208695,1.2238770705,1.289773277,1.1190329589999999,0.3733165105,1.144663369,-0.16045908099999995,0.3601554539999998,-0.352763034,-0.746633021
2021.0,2715.0,0.0,0.0,0.0,0.0,0.0,1.0,0.0,0.0,0.0,0.0,-1.4119180855,-0.972300441,-0.998624942,-0.880036544,-0.416575078,0.5256323169999999,-0.16103208000000002,-0.05247565799999998,0.37083610200000006,0.833150156,-1.3231574670000001,-0.671247243,-0.43377143400000007,0.421241784,-0.025798496,0.5425789759999999,-0.263963796,1.019011366,-0.301280934,0.051596992,0.7253222625,-0.27285383399999996,-0.3494021275,-0.636272772,-0.0576283635,0.7256497529999999,-0.49780110799999994,0.03414568699999998,0.08061448400000004,0.115256727,0.8179535805,0.697069425,0.8485937804999999,1.0097823,0.314584801,-0.02461282499999995,-9.823399999997484e-05,0.130674815,-0.10100375799999994,-0.629169602,1.11618298,1.051952273,1.1590036715,1.2647781695,0.656659818,-0.10257013400000004,0.07812993199999996,0.4693462789999999,-0.37575331700000003,-1.313319636
1990.0,2860.0,0.0,0.0,0.0,0.0,0.0,0.0,1.0,0.0,0.0,0.0,-0.013314345999999998,-0.0761828705,0.528879321,0.9590456380000001,0.3514078875,0.038414352,0.352089525,-0.07031249599999995,0.14255073000000007,-0.702815775,-0.1161683105,-0.670868443,-0.661600127,-0.3546037875,-0.13766808,-0.113552607,-0.08625975399999997,-0.04854966199999999,0.305351181,0.27533616,-0.274518676,-0.73142523,-0.4872755465,-0.55365562,-0.404517219,-0.054197302,-0.11051893000000002,0.21073691299999997,-0.41897138200000006,0.809034438,0.2021885335,-0.329327397,-0.4667269435,-0.5500628320000001,-0.5679797745,0.012622857000000015,-0.002800152,0.40733326299999995,-0.72327302,1.135959549,0.19458847,-0.546685104,-1.0790739565,-1.942369928,-1.0595910735,-0.011321889999999973,-0.25834343000000004,0.425832769,-0.5476075479999998,2.119182147
1991.0,1968.0,0.0,0.0,0.0,0.0,0.0,0.0,1.0,0.0,0.0,0.0,-0.013314345999999998,-0.0761828705,0.528879321,0.9590456380000001,0.3514078875,0.038414352,0.352089525,-0.07031249599999995,0.14255073000000007,-0.702815775,-0.1161683105,-0.670868443,-0.661600127,-0.3546037875,-0.13766808,-0.113552607,-0.08625975399999997,-0.04854966199999999,0.305351181,0.27533616,-0.274518676,-0.73142523,-0.4872755465,-0.55365562,-0.404517219,-0.054197302,-0.11051893000000002,0.21073691299999997,-0.41897138200000006,0.809034438,0.2021885335,-0.329327397,-0.4667269435,-0.5500628320000001,-0.5679797745,0.012622857000000015,-0.002800152,0.40733326299999995,-0.72327302,1.135959549,0.19458847,-0.546685104,-1.0790739565,-1.942369928,-1.0595910735,-0.011321889999999973,-0.25834343000000004,0.425832769,-0.5476075479999998,2.119182147
1993.0,3068.0,0.0,0.0,0.0,0.0,0.0,0.0,1.0,0.0,0.0,0.0,-0.013314345999999998,0.1763944595,0.292051664,0.240171892,0.230147419,0.038414352,-0.085260525,-0.11519869000000002,-0.06964390399999998,-0.460294838,-0.1161683105,0.24052767049999998,0.244786452,0.270054538,0.2203145895,-0.113552607,0.23248772099999998,-0.15890223999999997,0.087008016,-0.440629179,-0.274518676,-0.6029668295,-0.3986489315,-0.574903529,-0.39469961,-0.054197302,0.066501841,-0.263983155,0.01246400999999997,0.78939922,0.2021885335,-0.537017826,-0.348838238,-0.400144403,-0.1690122265,0.012622857000000015,0.07744555999999997,-0.005625665999999974,-0.19639789000000002,0.338024453,0.19458847,-1.070832781,-1.116569208,-0.7794105554999999,-0.557668643,-0.011321889999999973,0.714765794,0.06070571400000002,0.11156346899999992,1.115337286
1994.0,3463.0,0.0,0.0,0.0,0.0,0.0,0.0,1.0,0.0,0.0,0.0,-0.013314345999999998,0.3611671795,0.0743973065,0.996944244,0.5332985895,0.038414352,-0.6582197949999999,-0.050276764999999994,0.1417508879999999,-1.066597179,-0.1161683105,0.5498051425,0.6234047785,0.787215173,0.5335494255,-0.113552607,-0.564528865,0.24867518900000002,-0.259997598,-1.067098851,-0.274518676,-0.633846045,-0.5947691785,-0.6931874775,0.30889571,-0.054197302,0.283564246,0.25350653500000003,0.08526787499999999,-0.61779142,0.2021885335,-0.234000164,-0.211777887,-0.141434546,-0.181102152,0.012622857000000015,0.007626469999999996,0.58084957,0.025872069999999997,0.362204304,0.19458847,-1.1036632370000001,0.0011699729999999908,-1.4338329375,-0.9624447965,-0.011321889999999973,1.231543488,0.313584314,-0.2695632189999999,1.924889593
1995.0,3337.0,0.0,0.0,0.0,0.0,0.0,0.0,1.0,0.0,0.0,0.0,-0.013314345999999998,0.73360969,0.3423780065,0.487112711,0.3514078875,0.038414352,-0.18262183399999998,-0.586238165,-0.188538694,-0.702815775,-0.1161683105,-1.3147614935,-1.3456237055,-0.8274471555,-0.4061550825,-0.113552607,0.04152567499999993,0.244284497,-0.381336765,0.812310165,-0.274518676,-0.6620764315000001,-0.3954632635,-0.4328336315,-0.312886201,-0.054197302,0.16188222499999994,-0.186855027,0.34926282899999994,0.625772402,0.2021885335,0.4501868265,0.508170944,0.47484705550000006,0.2601801355,0.012622857000000015,0.046820101,-0.45406177,0.05513242700000004,-0.520360271,0.19458847,0.40393019350000003,0.387022412,0.1108898765,-0.5171910275,-0.011321889999999973,-0.30999522300000004,-0.20420658799999997,0.036728183,1.034382055
1996.0,3241.0,0.0,0.0,0.0,0.0,0.0,0.0,1.0,0.0,0.0,0.0,-0.013314345999999998,0.142009309,0.16699400399999997,0.10812665349999999,0.007836561,0.038414352,-0.42331788600000003,0.13491662999999998,-0.180540273,-0.015673122,-0.1161683105,-1.2928325885,-1.3909708164999999,-1.1509864075,-0.5403985835,-0.113552607,-0.09156295700000006,0.06617546899999982,0.09391282499999987,1.080797167,-0.274518676,0.19870832,-0.06177289649999995,-0.4582651755,0.079818164,-0.054197302,1.276894118,1.243688251,-0.057048667,-0.159636328,0.2021885335,0.5288969054999999,-0.033821002,-0.026980696,0.2662250985,0.012622857000000015,-0.043573026999999986,0.047754282,0.23207594199999998,-0.532450197,0.19458847,0.39746751799999996,0.390070622,0.442408813,0.604038918,-0.011321889999999973,0.996131566,0.382162934,0.558249738,-1.208077836
1997.0,3074.0,0.0,0.0,0.0,0.0,0.0,0.0,1.0,0.0,0.0,0.0,-0.013314345999999998,0.6829976550000001,0.35087948049999995,0.3534677885,0.169517185,0.038414352,-0.14920237400000003,0.35976454299999994,0.0037537810000000116,-0.33903437,-0.1161683105,-0.4045017805,-0.352915459,-0.246583006,-0.13766808,-0.113552607,-0.172838975,-0.217913582,0.003395162000000007,0.27533616,-0.274518676,-0.531891035,-0.696616479,-0.3175997485,-0.404517219,-0.054197302,-0.19897937399999993,0.039703819999999945,0.309853099,0.809034438,0.2021885335,0.3884661775,0.238600277,0.6053940625,0.3810793925,0.012622857000000015,0.05854968500000002,0.616624112,-0.205961587,-0.762158785,0.19458847,0.355731169,0.7662607415,0.9385044395,0.5311792105,-0.011321889999999973,0.43300354399999996,0.08682785100000001,0.27679414299999994,-1.062358421
1998.0,3223.0,0.0,0.0,0.0,0.0,0.0,0.0,1.0,0.0,0.0,0.0,-0.013314345999999998,0.395431618,0.2940135425,-0.046267217,-0.3559448435,0.038414352,-0.38772562199999994,0.10310962700000001,0.353239576,0.711889687,-0.1161683105,-0.137377518,-0.21796726500000002,-0.4185165385,-0.13766808,-0.113552607,0.09598988799999998,0.13939761200000003,-0.254138973,0.27533616,-0.274518676,-0.235526192,-0.6986780930000001,-0.538534497,-0.2392541325,-0.054197302,-0.010621427999999988,0.2630131379999999,0.42419453599999996,0.478508265,0.2021885335,0.32153221649999997,0.481762836,0.3847564685,0.314584801,0.012622857000000015,-0.12037519700000004,0.358103802,-0.352087021,-0.629169602,0.19458847,-0.491908856,-0.679470198,-0.6026202955,0.017113495,-0.011321889999999973,0.51930041,1.031615918,-0.33678180499999993,-0.03422699
1999.0,3184.0,0.0,0.0,0.0,0.0,0.0,0.0,1.0,0.0,0.0,0.0,-0.013314345999999998,0.7172620940000001,0.4415142995,0.576460291,0.4726683555,0.038414352,0.12129179999999995,0.326649621,0.832724056,-0.945336711,-0.1161683105,-0.2492948445,-0.5069845085,-0.612661013,-0.0705463295,-0.113552607,-0.304791205,-0.08897764899999999,0.048235519999999976,0.141092659,-0.274518676,-0.776594359,-0.69499508,-0.7481974535,-0.260525619,-0.054197302,-0.04758725600000002,-0.07835074000000009,-0.07082872299999998,0.521051238,0.2021885335,0.153685438,-2.7746999999994637e-05,0.053430948,0.320629764,0.012622857000000015,-0.320897872,-0.197013744,-0.015769660000000005,-0.641259528,0.19458847,-0.11617947100000002,-0.10846979749999999,-0.8788597920000001,-0.209561151,-0.011321889999999973,-0.32238171600000004,-0.211950475,-0.747744482,0.419122302
2000.0,3187.0,0.0,0.0,0.0,0.0,0.0,0.0,1.0,0.0,0.0,0.0,-0.013314345999999998,-0.060438831,0.38268648299999997,0.488312474,0.028046639,0.038414352,-0.289640046,-0.14831361199999998,-0.41593032999999996,-0.056093278,-0.1161683105,-0.736844558,-0.70530753,-0.806387015,-0.0929202465,-0.113552607,0.22415411800000007,0.038865144000000074,0.006115238000000023,0.185840493,-0.274518676,-0.545987731,-0.6630938725,-0.1939508055,-0.2474354735,-0.054197302,-0.11140505000000006,0.21793827900000007,0.833610857,0.494870947,0.2021885335,-0.1851724575,-0.2672175775,0.40483907649999995,-0.2415517805,0.012622857000000015,0.803664779,0.10956111100000002,0.36919301499999996,0.483103561,0.19458847,-0.14391597750000001,-0.522732182,-1.2003263815,-0.618385066,-0.011321889999999973,0.5300642769999999,0.34573272000000005,0.6848949830000001,1.236770132
2001.0,3373.0,0.0,0.0,0.0,0.0,0.0,0.0,1.0,0.0,0.0,0.0,-0.013314345999999998,-0.1108094435,0.31841851749999994,0.639506976,-0.0730037515,0.038414352,-0.12109421100000001,0.7950732589999999,-0.34333248599999994,0.146007503,-0.1161683105,-0.4706672965,-0.572545613,-0.2035211595,-0.160041997,-0.113552607,0.048722877,0.04214456,0.003185925000000006,0.320083994,-0.274518676,-0.776840077,-0.4316964585,-0.6910114835000001,-0.253162412,-0.054197302,-0.05623134800000007,-0.623213491,-0.04531888500000003,0.506324824,0.2021885335,-0.90124426,-0.8794195065000001,-1.034415659,-0.1690122265,0.012622857000000015,-0.08779529399999997,-0.9947063870000001,0.419477262,0.338024453,0.19458847,0.45661312049999997,0.45250832750000003,-0.7507194774999999,0.300456803,-0.011321889999999973,0.531984163,-0.250540427,1.112387735,-0.600913606
2002.0,2860.0,0.0,0.0,0.0,0.0,0.0,0.0,1.0,0.0,0.0,0.0,-0.013314345999999998,0.041509507,0.8537259589999999,0.6953550825,0.4120381215,0.038414352,0.04890016,-0.34961898199999986,-0.155039221,-0.824076243,-0.1161683105,-0.426809486,-0.2414606745,-0.526746556,-0.13766808,-0.113552607,-0.217454386,-0.08241881899999998,0.22006443399999998,0.27533616,-0.274518676,-0.699149818,-0.7626073695,0.06282149050000008,-0.2588893505,-0.054197302,-0.24815397799999994,0.135154585,-1.535926081,0.517778701,0.2021885335,0.23705041449999997,-0.0850864785,-0.04424562900000001,0.042561473,0.012622857000000015,0.04858840699999997,-0.102831215,0.288361386,-0.085122946,0.19458847,-0.645281745,-1.512286192,-0.488165452,-0.156940251,-0.011321889999999973,-0.18144795599999997,0.7844292879999999,-0.15504422399999995,0.313880502
2003.0,3153.0,0.0,0.0,0.0,0.0,0.0,0.0,1.0,0.0,0.0,0.0,-0.013314345999999998,0.2107796095,0.653283022,0.1647746015,-0.1538440635,0.038414352,0.252796835,-0.39319725600000005,-0.143841431,0.307688127,-0.1161683105,-0.448738391,-0.526651933,-0.2681662385,0.0636971715,-0.113552607,-0.08436575400000002,0.30876153199999995,0.046561626999999994,-0.127394343,-0.274518676,-0.588948245,-0.6431784005,-0.7745269655,-0.2588893505,-0.054197302,0.006490324000000047,-0.02020388900000003,-0.018169698999999984,0.517778701,0.2021885335,0.23705041449999997,-0.0850864785,-0.04424562900000001,0.042561473,0.012622857000000015,0.04858840699999997,-0.102831215,0.288361386,-0.085122946,0.19458847,-0.645281745,-1.512286192,-0.488165452,-0.156940251,-0.011321889999999973,-0.18144795599999997,0.7844292879999999,-0.15504422399999995,0.313880502
2004.0,3319.0,0.0,0.0,0.0,0.0,0.0,0.0,1.0,0.0,0.0,0.0,-0.013314345999999998,0.2107796095,0.653283022,0.1647746015,-0.1538440635,0.038414352,0.252796835,-0.39319725600000005,-0.143841431,0.307688127,-0.1161683105,-0.448738391,-0.526651933,-0.2681662385,0.0636971715,-0.113552607,-0.08436575400000002,0.30876153199999995,0.046561626999999994,-0.127394343,-0.274518676,-0.7892423585,-0.7873962725,-0.40071163749999994,-0.289978446,-0.054197302,-0.11364653499999999,0.08557677899999994,-0.36321377899999996,0.579956892,0.2021885335,0.23705041449999997,-0.0850864785,-0.04424562900000001,0.042561473,0.012622857000000015,0.04858840699999997,-0.102831215,0.288361386,-0.085122946,0.19458847,-0.645281745,-1.512286192,-0.488165452,-0.156940251,-0.011321889999999973,-0.18144795599999997,0.7844292879999999,-0.15504422399999995,0.313880502
2005.0,3119.0,0.0,0.0,0.0,0.0,0.0,0.0,1.0,0.0,0.0,0.0,-0.013314345999999998,0.3967594425,0.6347636825,-0.19786164,0.250357497,0.038414352,0.355469441,-0.43023593500000007,0.356438944,-0.500714994,-0.1161683105,-0.7600992639999999,-0.1300058895,-0.525700373,-0.607520334,-0.113552607,-0.264721396,0.053075945,-0.641172502,1.215040668,-0.274518676,-0.5565221570000001,-0.13396204849999999,-0.7045077845000001,-0.3300670165,-0.054197302,0.423537242,0.005106697000000021,-0.05585554100000001,0.660134033,0.2021885335,-0.059776715,0.37955297499999996,0.2501929395,0.042561473,0.012622857000000015,-0.162081684,0.08160226399999998,-0.235249015,-0.085122946,0.19458847,-0.6098779955,0.158371765,-0.15341641250000002,-0.104319351,-0.011321889999999973,-0.16203209899999993,1.014836632,-0.271747903,0.208638702
2006.0,2886.0,0.0,0.0,0.0,0.0,0.0,0.0,1.0,0.0,0.0,0.0,-0.013314345999999998,0.515055376,0.7874961149999999,-0.101715402,0.209937341,0.038414352,0.390096014,0.3754595719999999,0.08914909800000001,-0.419874682,-0.1161683105,-0.35950757,-0.503705093,-0.311018849,-0.2495376645,-0.113552607,0.09409588800000002,0.44207001800000006,-0.12547652399999998,0.499075329,-0.274518676,-0.5139210439999999,-0.5679820915,-0.686406245,-0.23679973,-0.054197302,0.039146479999999984,0.312134765,-0.09205861999999998,0.47359946,0.2021885335,-0.010297527,-0.12305394650000001,-0.07593074799999999,-0.0843827465,0.012622857000000015,0.31986086,-0.178766151,0.134175838,0.168765493,0.19458847,-0.381092906,-0.897102274,-0.039452202999999963,-0.07598502,-0.011321889999999973,-1.040644606,0.789776134,-0.5312645739999999,0.15197004
2007.0,3146.0,0.0,0.0,0.0,0.0,0.0,0.0,1.0,0.0,0.0,0.0,-0.013314345999999998,0.5640981645,0.03670466750000001,-0.039068638000000044,-0.0730037515,0.038414352,-0.521644885,-0.197123563,-1.011110232,0.146007503,-0.1161683105,-0.8266435795,-0.7506546409999999,-0.3973517795,-0.339033332,-0.113552607,-0.22086358699999997,-0.13924388399999998,0.047189337,0.678066664,-0.274518676,-0.5168737835,-0.5536020565,-0.2030594575,-0.069082241,-0.054197302,0.556641519,0.184219081,-0.738047635,0.138164482,0.2021885335,0.023355590500000023,0.09842294900000001,0.24734819349999998,-0.036023044,0.012622857000000015,0.319581655,0.26418764,0.03150742100000001,0.072046088,0.19458847,-1.0859567239999999,0.07291004050000002,0.122630335,0.037352303,-0.011321889999999973,1.91791731,0.44094575300000005,-0.034135111999999995,-0.074704606
2008.0,3123.0,0.0,0.0,0.0,0.0,0.0,0.0,1.0,0.0,0.0,0.0,-0.013314345999999998,0.2960182175,0.7994758595,0.20027368099999998,0.4322481995,0.038414352,0.6925611110000001,-0.31519614099999993,0.310141996,-0.864496399,-0.1161683105,-0.4931644015,0.1568250765,-0.547492842,-0.49565075,-0.113552607,-0.084744555,-0.07258057300000001,-0.42575864999999996,0.9913015,-0.274518676,-0.5083860595,-0.2179441435,-0.7467718475,-0.404517219,-0.054197302,-0.042723831000000045,-0.862844329,-0.005444921000000047,0.809034438,0.2021885335,0.433290466,0.309945951,0.2355221555,0.084876213,0.012622857000000015,0.08061282200000003,-0.057611784,0.09867065500000002,-0.169752426,0.19458847,-0.6673668895,-0.2856029045,-0.7840775149999999,-0.8045820965,-0.011321889999999973,-0.979362325,-0.517860597,-0.5424558919999999,1.609164193
2009.0,3259.0,0.0,0.0,0.0,0.0,0.0,0.0,1.0,0.0,0.0,0.0,-0.013314345999999998,0.428730367,0.05130024999999999,0.41051565749999996,-0.012373517,0.038414352,-0.6577369500000001,-0.596701518,-0.03534458700000004,0.024747034,-0.1161683105,-0.070833203,-0.39552972399999997,-0.18256563699999998,-0.0929202465,-0.113552607,0.052132078,0.04651711399999997,0.476761622,0.185840493,-0.274518676,-0.24909190150000002,-0.620052061,0.2793775965,-0.330885151,-0.054197302,-0.8970427950000001,0.14229208999999998,-0.18128095899999996,0.661770302,0.2021885335,0.006924573500000003,-0.128418578,0.279033313,0.133235916,0.012622857000000015,0.129020257,-0.11741359800000001,0.18569296999999998,-0.266471832,0.19458847,-0.277489032,-0.512260961,-0.1871658865,0.1790239565,-0.011321889999999973,0.451354186,0.18936949199999997,1.264604737,-0.358047913
2010.0,3284.0,0.0,0.0,0.0,0.0,0.0,0.0,1.0,0.0,0.0,0.0,-0.013314345999999998,0.25982239749999997,-0.108180251,0.0861779425,0.189727263,0.038414352,-0.658944063,-0.1295858,0.388338733,-0.379454526,-0.1161683105,-0.093140908,-0.28462150799999997,-0.311123467,0.0413232545,-0.113552607,0.00751666799999999,0.09350393200000001,-0.039352830000000005,-0.082646509,-0.274518676,-0.352687115,-0.615043787,-0.16270012350000002,-0.2294365235,-0.054197302,0.819793608,-0.193894236,-0.627708267,0.458873047,0.2021885335,0.01167254099999998,-0.4450412805,0.09127968349999999,-0.265731632,0.012622857000000015,0.54402884,-0.29414083900000004,-0.43955638900000005,0.531463264,0.19458847,-0.07696377900000001,-0.15704294600000002,-0.02276442250000002,0.1992627645,-0.011321889999999973,0.44127155799999995,-0.470283744,0.304036781,-0.398525529
2011.0,3414.0,0.0,0.0,0.0,0.0,0.0,0.0,1.0,0.0,0.0,0.0,-0.013314345999999998,0.226885783,-0.07179553150000001,-0.02591819,0.4524582775,0.038414352,-0.18624317199999998,-0.128277881,0.087549414,-0.904916555,-0.1161683105,-0.226229539,-0.1310990285,-0.48263852649999994,-0.2719115815,-0.113552607,0.095232288,-0.123939945,-0.641381739,0.543823163,-0.274518676,-0.633439979,-0.5017488290000001,-0.5332634089999999,-0.404517219,-0.054197302,-0.38414141800000007,-0.07343950799999999,-0.20046275599999996,0.809034438,0.2021885335,-0.06522269750000001,-0.261531853,-0.1523123355,-0.688879031,0.012622857000000015,-0.240559091,0.07287801599999996,0.004116491,1.377758062,0.19458847,-0.8719735135,-0.384307678,-0.15755769299999997,-0.828868666,-0.011321889999999973,0.6328290049999999,0.187376902,-0.45299484999999995,1.657737332
2012.0,3511.0,0.0,0.0,0.0,0.0,0.0,0.0,1.0,0.0,0.0,0.0,-0.013314345999999998,1.0386097244999999,-0.13867933500000001,0.4823136585,0.614138902,0.038414352,0.36005647099999993,0.524031234,0.721027843,-1.228277804,-0.1161683105,-0.2487266445,-0.1294593205,-0.719949466,-0.182415914,-0.113552607,-0.03823514300000003,0.14158388900000002,-0.252674316,0.364831828,-0.274518676,-0.6637836515,-0.5996283275000001,-0.615684829,-0.216346378,-0.054197302,0.20412265899999993,-0.11252275100000009,-0.14479593599999996,0.432692756,0.2021885335,-0.7616046160000001,-0.4681052725,-0.5713578215,-0.156922301,0.012622857000000015,0.19148399400000005,-0.17207791899999997,-0.28908262700000004,0.313844602,0.19458847,-0.998743274,-0.205196812,-0.6746751289999999,-0.739817912,-0.011321889999999973,0.34502838999999996,-0.35704841200000004,-1.361437442,1.479635824
2013.0,3669.0,0.0,0.0,0.0,0.0,0.0,0.0,1.0,0.0,0.0,0.0,-0.013314345999999998,0.22736862800000002,0.7016474855,-0.15676366600000002,0.189727263,0.038414352,0.084009578,-1.082545049,-0.25073859000000004,-0.379454526,-0.1161683105,-0.2043006335,0.1333316675,0.1626614665,-0.2495376645,-0.113552607,-0.037856343000000015,-0.294397003,-0.12777812700000002,0.499075329,-0.274518676,-0.781485953,-0.506305971,-0.508278087,-0.404517219,-0.054197302,-0.037804068000000024,0.559311392,-0.21631589200000007,0.809034438,0.2021885335,-0.6031141680000001,-0.5026738964999999,-0.1033487485,-0.380585926,0.012622857000000015,-0.505316734,0.9601484269999999,-0.420144363,0.761171852,0.19458847,-0.4867281885,-0.9977848064999999,0.24528012650000003,-0.573859689,-0.011321889999999973,-0.37825726100000007,2.345349069,0.43130096300000004,1.147719378
2014.0,3556.0,0.0,0.0,0.0,0.0,0.0,0.0,1.0,0.0,0.0,0.0,-0.013314345999999998,0.6498196175,-0.088352993,0.392166236,0.2907776535,0.038414352,0.188372141,0.05299175800000001,-0.14864048399999996,-0.581555307,-0.1161683105,-0.2037324335,-0.286261216,-0.6129748685,-0.025798496,-0.113552607,0.22869971900000002,-0.172019902,0.30660660100000003,0.051596992,-0.274518676,-0.6674993005000001,-0.6905458985,0.18138955450000002,0.397254192,-0.054197302,-0.165286567,-0.0037496409999999702,0.471869709,-0.794508384,0.2021885335,-0.273425005,-0.7147059025,-0.29136651,-0.0964726725,0.012622857000000015,0.086476152,0.29581169500000004,0.02115789600000001,0.192945345,0.19458847,-0.8781141239999999,0.012420432000000009,-0.8629254850000001,-0.4564746045,-0.011321889999999973,0.3293284799999999,-0.453730934,-0.5900835860000001,0.912949209
2015.0,3574.0,0.0,0.0,0.0,0.0,0.0,0.0,1.0,0.0,0.0,0.0,-0.013314345999999998,1.003741729,1.019092096,0.48431326350000004,0.4524582775,0.038414352,-0.24825364000000005,-0.16180974800000003,0.342041785,-0.904916555,-0.1161683105,-0.1163956135,-0.10432620349999999,-0.397561016,-0.025798496,-0.113552607,-0.481358847,0.628924155,0.21943672400000003,0.051596992,-0.274518676,-0.604837387,-0.5905955515,-0.7613622095,0.3939816555,-0.054197302,0.10678506799999998,0.453907939,-0.04449921099999998,-0.787963311,0.2021885335,-0.5771406825,-0.881385294,-0.9724407235,-0.066247858,0.012622857000000015,0.49282641899999996,0.27480744600000007,-0.18309533900000008,0.132495716,0.19458847,-1.316277723,-1.3847670225000002,-1.3235719425,-0.573859689,-0.011321889999999973,0.874836706,0.07234579299999999,-0.31634982700000003,1.147719378
2016.0,2900.0,0.0,0.0,0.0,0.0,0.0,0.0,1.0,0.0,0.0,0.0,-0.013314345999999998,0.8021385679999999,0.3297443025,0.7536027145,0.088676873,0.038414352,0.358366512,0.031648107000000036,-0.421529225,-0.177353746,-0.1161683105,-0.559708717,-0.4884102225,-0.698680089,-0.0705463295,-0.113552607,-0.04088674400000003,-0.6637327209999999,-0.03746969999999994,0.141092659,-0.274518676,-0.704180561,-0.7267475935000001,-0.7375010895,-0.366883051,-0.054197302,-0.04624640599999996,-0.03572057900000003,-0.09222145100000001,0.733766102,0.2021885335,-0.805823958,-1.025509698,-1.156428428,-0.422900666,0.012622857000000015,-0.12223949600000006,-0.854395876,-0.11969803000000012,0.845801332,0.19458847,-1.0754560365,-1.0070184260000001,-1.4770389885,-0.618385066,-0.011321889999999973,-0.373705195,-1.444893328,-0.15156286500000005,1.236770132
2017.0,3040.0,0.0,0.0,0.0,0.0,0.0,0.0,1.0,0.0,0.0,0.0,-0.013314345999999998,0.47970453550000003,0.5678798785,0.337117972,0.3311978095,0.038414352,-0.488466847,0.22207317900000006,-0.488528172,-0.662395619,-0.1161683105,-0.2927738545,-0.10869875749999999,-0.3109142305,-0.204789831,-0.113552607,0.139090099,-0.079139403,-0.21160021699999998,0.409579662,-0.274518676,-0.5359120165,0.03455156800000003,-0.757468212,0.204174546,-0.054197302,-0.40105455100000004,1.72947246,0.015947807999999952,-0.408349092,0.2021885335,-1.0780750955,-1.548236044,0.174996663,-0.0481129695,0.012622857000000015,-1.365124667,1.1275876879999998,-0.476456876,0.096225939,0.19458847,-3.294719606,-3.955211209,0.17296245300000002,-0.6507671585,-0.011321889999999973,-3.0477859659999997,2.55560122,-0.8297408799999999,1.301534317
2018.0,3166.0,0.0,0.0,0.0,0.0,0.0,0.0,1.0,0.0,0.0,0.0,-0.013314345999999998,0.025403333,0.881400732,1.3986788545,0.3311978095,0.038414352,0.487940168,0.7061918460000001,-0.5867209629999999,-0.662395619,-0.1161683105,-0.8489512845,-1.3532756755,-0.719530993,-0.204789831,-0.113552607,-0.265478997,-0.994826729,-0.59716909,0.409579662,-0.274518676,-0.747663813,-0.763389504,-0.6570869485,0.204174546,-0.054197302,-0.196803626,0.03756324199999994,-0.18481471900000002,-0.408349092,0.2021885335,-0.6870840920000001,-1.3069608175,-1.2552767805,-0.0481129695,0.012622857000000015,-0.58314266,-0.696479959,-0.2265794269999999,0.096225939,0.19458847,-0.514901308,-1.7908419895,-1.863189028,-0.6507671585,-0.011321889999999973,-0.7429533500000001,-1.0621780869999997,-0.20055732400000004,1.301534317
2019.0,3314.0,0.0,0.0,0.0,0.0,0.0,0.0,1.0,0.0,0.0,0.0,-0.013314345999999998,0.29481110450000003,0.05260816900000001,0.542560896,0.209937341,0.038414352,0.016929235000000042,-0.45116264,0.07555178200000001,-0.419874682,-0.1161683105,-0.31508156,-0.1737132925,-0.052752386,-0.1152941635,-0.113552607,0.09447468799999997,0.14049075099999997,-0.040608250000000005,0.230588327,-0.274518676,-0.3497870195,-0.5656957535,-0.048228033500000045,0.061819214,-0.054197302,-0.12011430500000003,0.357139895,1.204044937,-0.123638428,0.2021885335,-0.3233695365,-0.427796196,-0.45999931400000005,-0.428945629,0.012622857000000015,-0.171112275,0.557276574,0.728268342,0.857891258,0.19458847,-0.2958582285,-0.22349549349999998,-0.3065855745,-0.5374298355,-0.011321889999999973,0.27757141500000004,0.509001271,0.160943427,1.074859671
2021.0,2715.0,0.0,0.0,0.0,0.0,0.0,0.0,1.0,0.0,0.0,0.0,-0.013314345999999998,0.531644395,0.418417243,0.935897164,0.108886951,0.038414352,0.22130875600000005,-0.21977513199999998,0.938821372,-0.217773902,-0.1161683105,0.28381728,0.2682798615,0.4853637715,0.1979406725,-0.113552607,-0.300245604,0.06291419100000004,0.08596183299999999,-0.395881345,-0.274518676,-0.45525165599999995,-0.5678648964999999,-0.7333871034999999,-0.175439673,-0.054197302,0.33747422,0.24666641899999997,-0.10044942300000004,0.350879346,0.2021885335,0.376783128,0.20012380600000002,0.4490749555,0.1392808785,0.012622857000000015,0.282996872,-0.445446978,-0.132634737,-0.278561757,0.19458847,-0.881594725,-0.605347921,-1.206044699,-0.3431372815,-0.011321889999999973,-0.671204462,0.341688214,-0.914669204,0.686274563
1993.0,2819.0,0.0,0.0,0.0,0.0,0.0,0.0,0.0,1.0,0.0,0.0,-0.693400084,-0.533260433,-0.1637382695,-0.9901330715,-0.517625468,-0.299935874,-0.22545677400000003,-0.240701837,-0.30893927499999996,1.035250936,-0.0982195255,-0.0706438025,0.134971375,-0.0744402375,-0.2495376645,0.114226831,0.140984099,-0.028873170000000004,0.08868190899999999,0.499075329,1.515940595,0.010661543500000037,-0.3626959085,0.5457231405,-0.129624164,0.04847008800000019,0.625240789,-0.022766213000000035,0.19014187100000007,0.259248328,1.037702114,1.0233601175,1.1399987935,0.8175244895,0.562428278,-0.19600298400000005,-0.47394087499999993,0.7375121130000001,-0.30388876100000006,-1.124856556,1.3695828025,1.4425795314999998,1.317576547,0.9975046165,0.733567287,-0.06472497700000002,-0.2369705769999999,0.27069371799999997,0.19038203899999995,-1.467134574
1995.0,2745.0,0.0,0.0,0.0,0.0,0.0,0.0,0.0,1.0,0.0,0.0,-0.03408433599999999,0.328109853,-0.3297583665,0.146025259,-0.2144742975,0.215836068,-0.253082092,-0.501280509,-0.181340116,0.428948595,0.273471315,0.128799744,-0.020190813,0.2482620685,0.0413232545,-0.10180083000000004,-0.079441352,-0.076953126,0.302421869,-0.082646509,-0.1403404485,-0.629637682,-0.009461806000000017,-0.1654484235,0.0863632365,-0.596043173,0.02620438599999997,0.32233694599999996,0.370607767,-0.172726473,1.0810137555,0.803753967,1.4750962265,0.942144942,0.3810793925,-0.03889271299999986,-0.05707091600000003,-0.03392933300000012,-0.009240200000000032,-0.762158785,1.3968150425,1.2660841139999999,1.4876317695,1.371721448,0.5838001105,-0.010260497000000202,-0.35013375000000013,-0.0017063330000000043,0.13688990800000012,-1.167600221
1996.0,2774.0,0.0,0.0,0.0,0.0,0.0,0.0,0.0,1.0,0.0,0.0,-0.3197253095,-0.16154219000000003,-0.3199489735,-0.02351866450000001,-0.456995234,0.44741367499999996,-0.15523793800000002,0.590261077,-0.367233855,0.913990468,-0.122204759,0.0622554285,-0.085205348,-0.16077316749999998,-0.048172413,0.162197298,-0.035583543,0.142677028,0.261347769,0.096344826,0.3946587775000001,-0.17660681749999999,-0.174052151,-0.392802719,0.0577285435,-1.474517879,0.330600097,-0.752317088,0.702493336,-0.115457087,1.2198440095,1.1462430045,0.938374957,1.081910303,0.4596639095,0.09779381900000006,-0.22817510099999994,-0.07419918199999997,-0.09297071400000001,-0.919327819,1.4139311614999999,1.461899394,1.295997767,1.5171162055,0.89952551,0.08259105099999986,-0.21546139799999997,-0.14319387799999994,-0.2012819829999999,-1.79905102
1997.0,2844.0,0.0,0.0,0.0,0.0,0.0,0.0,0.0,1.0,0.0,0.0,-0.066793179,-0.2119128025,0.162416287,-0.4432027745,-0.0932138295,0.07743115,0.013307897000000013,-0.37446944400000004,0.17214488899999997,0.186427659,-0.096207376,-0.11544861299999999,-0.1300058895,-0.0744402375,0.0413232545,0.022310196000000004,-0.03709874199999999,0.053075945,0.08868190899999999,-0.082646509,0.091913838,-0.120602199,-0.6317341089999999,0.3467115195,-0.000358977,0.03340591800000001,-0.468857612,0.36657676799999994,0.134402279,0.000717954,1.0736038775,1.150292956,0.904714885,0.6869774825,0.3810793925,-0.19468644499999999,0.5233646600000001,-0.766228394,-0.04279474700000008,-0.762158785,1.3978537505,1.450386127,1.2575062205,0.997749934,0.709280718,-0.0668023929999999,0.1383841079999999,-0.2524143670000001,0.4110091659999999,-1.418561436
1998.0,2850.0,0.0,0.0,0.0,0.0,0.0,0.0,0.0,1.0,0.0,0.0,-0.281970102,0.209572497,-0.7007991165,-0.630696198,0.068466795,0.30396239199999997,-0.42283504,-1.314823531,-0.20284195800000004,-0.13693359,0.0696771095,0.0847525335,-0.04423079099999999,-0.2249997735,0.0189493375,-0.221566439,0.097883889,-0.387277502,-0.03977130299999998,-0.037898675,0.36972870550000003,-0.35321127550000003,0.9033338755000001,0.0013472990000000032,-0.3284307485,-1.3467497709999998,0.539924449,2.008941753,-0.08239495,0.656861497,1.13826746,0.8367090690000001,1.005092141,1.167286718,0.5019786495,0.3340669840000001,0.27918105400000004,-0.15701025999999996,-0.2854791219999999,-1.003957299,1.447779524,1.4877872035,1.6000730305,1.6433290299999999,0.9683374565,0.03304915399999997,-0.02664140100000001,0.07810791499999992,-0.07464861599999995,-1.936674913
1999.0,2767.0,0.0,0.0,0.0,0.0,0.0,0.0,0.0,1.0,0.0,0.0,-0.111440875,-0.8194986455,-0.233891871,-0.5692491975,-0.1942642195,-0.376800402,0.27921504099999994,0.04776008199999998,-1.075709653,0.388528439,0.11965972600000002,-0.0039100870000000065,0.157918215,0.03378978099999999,-0.2495376645,-0.409424008,0.18597830999999998,0.104435318,-0.385521498,0.499075329,0.19686955099999998,0.7832778035000001,-0.277595629,0.7307201915,-0.384882001,1.071645002,-0.353589005,0.023609959999999985,0.550262405,0.769764002,1.238124026,0.826608188,1.0879971744999999,0.764794978,0.4657088725,0.13435385200000005,-0.25917576,0.056854350999999914,-0.5682745739999999,-0.931417745,1.475011764,1.263040127,1.4029937775,1.232856988,0.6849941485,0.087513634,-0.13352460999999982,-0.170982317,-0.7383523479999999,-1.369988297
2000.0,2785.0,0.0,0.0,0.0,0.0,0.0,0.0,0.0,1.0,0.0,0.0,0.09995127549999999,-0.550815142,-0.30339151249999996,0.2030731285,-0.517625468,-0.391939495,-0.597175018,0.40899143899999996,-0.22043848500000002,1.035250936,0.0176823435,-0.09333030749999999,0.001662888500000001,0.312697911,0.0413232545,0.058207767,-0.08133535299999999,-0.120660529,0.431293554,-0.082646509,-0.5486649995,-0.032287732,-0.3114126905,0.007607500499999975,-0.0903537275,0.548468613,0.178994842,-0.271456709,0.706846047,0.180707455,0.515801316,1.223510518,1.291586799,0.657662985,0.3871243555,0.945292034,0.376929536,-0.4009481880000001,-0.419277324,-0.774248711,0.7069994305,1.463853362,1.4350289465000001,1.3640872245,0.7214240025,1.423835207,0.21671021999999995,-0.25198025299999993,0.35748198900000006,-1.442848005
2004.0,2649.0,0.0,0.0,0.0,0.0,0.0,0.0,0.0,1.0,0.0,0.0,-0.5638263025,-0.48192413,-0.8543939825,-0.141613613,-0.3559448435,0.324147849,0.146502892,-0.19278285900000003,0.468934998,0.711889687,-0.15021429149999999,-0.026596592500000002,-0.21960697299999998,-0.010213631,-0.025798496,0.394001037,-0.036341143,-0.12612622199999998,0.389800982,0.051596992,0.3909021225,0.09660647050000004,0.462892528,0.23243000149999998,0.319531453,-0.142569177,-0.727416039,0.473558732,0.09343701499999998,-0.639062906,1.238124026,1.2241154645,0.4147245585,0.6257272684999999,0.133235916,0.13435385200000005,0.08526918300000008,0.41624542099999995,-0.029072211000000014,-0.266471832,1.443240817,1.4516681354999998,0.7789564405,1.0560141600000001,0.628325487,0.023971739999999908,-0.2701850109999999,0.11221924900000002,-0.3372843160000001,-1.256650974
2005.0,2722.0,0.0,0.0,0.0,0.0,0.0,0.0,0.0,1.0,0.0,0.0,-0.0038986745000000045,-0.07726927250000001,-0.358949531,-0.06381679600000001,0.169517185,0.495169087,-0.255979163,0.29787540199999996,0.088349256,-0.33903437,0.045691876000000006,-0.0267859925,-0.0857519175,-0.203102686,0.0636971715,-0.17359597200000002,-0.125193163,0.054169083,-0.34130885,-0.127394343,-0.17295421249999998,-0.142946593,0.37059006149999996,-0.33382706050000005,-0.228618389,-0.934963209,0.181059896,-0.711749403,-0.7494524810000001,0.457236778,1.238124026,1.1465222105,0.600387684,1.4605264400000002,0.2178653955,0.13435385200000005,-0.36278757100000003,0.47521713800000004,-0.17578004999999997,-0.435730791,1.475011764,1.259847509,1.2960274295,1.6591582015,0.0737821565,0.087513634,-0.773740094,0.533850731,-0.011542203000000084,-0.147564313
2007.0,2804.0,0.0,0.0,0.0,0.0,0.0,0.0,0.0,1.0,0.0,0.0,-0.11901042099999999,-0.701926979,-0.4310650105,-0.346256695,-0.436785156,0.045983897999999995,-0.09153751199999993,0.36802900299999997,-0.24673937999999998,0.873570312,0.157569446,-0.0487148975,-0.1310990285,-0.096128088,-0.048172413,-0.045781766,0.007895467000000003,-0.123939945,0.21797206800000002,0.096344826,0.012597747,0.5664470319999999,0.10207777150000003,-0.11730109449999998,0.043820264,-0.009224139999999999,0.319880144,-0.897517051,0.601841171,-0.087640528,1.238124026,0.9933846769999999,1.4010878505000002,0.6961687665,0.749822126,0.13435385200000005,0.457361386,-0.03778245299999994,1.1788906670000001,-1.499644252,1.4457021085,1.222595063,1.629089652,1.6042467365,0.883334464,0.14613294499999996,0.2481100380000001,0.08778506599999991,0.20883960700000004,-1.766668928
2008.0,2755.0,0.0,0.0,0.0,0.0,0.0,0.0,0.0,1.0,0.0,0.0,-0.504039514,0.008331469499999994,0.09291664599999999,0.01477986249999999,-0.477205312,-0.06718920000000006,0.386474675,-0.013238085999999996,-0.443830909,0.954410624,-0.182087563,-0.1821823285,-0.063898216,0.076433154,-0.025798496,-0.245391112,-0.082092953,0.010461679999999994,-0.041235959999999995,0.051596992,0.8177227215,-0.693763943,-0.31570183,0.0661916955,-0.0478107545,-0.684578519,-0.21781585199999998,-0.64645409,0.142738323,0.095621509,1.238124026,0.917513194,0.7467989685,1.2512407589999999,0.435484058,0.13435385200000005,-0.820805604,0.35957608499999993,-0.344609312,-0.870968116,1.475011764,1.2749807295,1.146307973,1.615549129,0.514988164,0.087513634,-0.6235598229999999,0.443954882,-0.25600069999999997,-1.029976328
2009.0,2706.0,0.0,0.0,0.0,0.0,0.0,0.0,0.0,1.0,0.0,0.0,-0.189474471,-0.4319156515,-0.3436999895,0.031929521,0.088676873,0.05103026199999999,-0.22473250699999997,-0.02893311500000001,-0.10314337800000001,-0.177353746,-0.11818045999999999,-0.093140908,-0.042044514500000005,-0.074754092,-0.048172413,-0.02163597199999999,0.00751666799999999,-0.033245723000000005,0.34705299,0.096344826,0.0904519725,0.452727296,0.01676661900000001,-0.449229295,0.511792965,0.11748377900000001,-0.028218638000000018,-0.24938219,0.38887765799999996,-1.02358593,1.238124026,0.7122440145,1.435296154,0.671609047,0.399214281,0.13435385200000005,0.796219281,0.2228523280000001,-0.164346926,-0.798428562,1.3343118569999999,1.3474108550000001,1.4674833980000002,1.4860711555,0.8266658025,-0.19388618000000002,0.10373903600000012,0.038590410000000075,0.2240730070000001,-1.653331605
2010.0,2706.0,0.0,0.0,0.0,0.0,0.0,0.0,0.0,1.0,0.0,0.0,-0.42037502,-0.4147230765,0.0386665465,-0.1384142445,-0.2144742975,0.17312702000000002,-0.055703826999999984,0.021184755000000003,-0.137442695,0.428948595,-0.35602064600000005,-0.2043006335,-0.0857519175,-0.117502084,-0.1152941635,0.36615206400000005,-0.037856343000000015,0.054169083,0.08889114599999999,0.230588327,0.773126208,0.85721841,-0.387198339,0.39039530499999997,0.0225487775,-0.588893162,-0.533444566,0.20367500800000005,0.521268046,-0.045097555,1.1528172825,0.9333857990000001,1.4833506975000001,1.1559348040000001,0.4657088725,-0.03625963499999996,-0.3610192660000001,0.126743241,-0.2627752940000001,-0.931417745,1.3796989235,1.5794845565,1.646623926,1.592331052,0.8428568485,-0.10311204699999998,-0.014552168999999893,0.17120970599999996,0.12211209599999995,-1.685713697
2012.0,3055.0,0.0,0.0,0.0,0.0,0.0,0.0,0.0,1.0,0.0,0.0,-0.06611612150000001,-0.296306431,-0.0526222325,-0.5361496445,-0.2548944535,-0.9430359850000001,0.046485934000000007,-0.018469763,-0.16694295700000006,0.509788907,0.1476692585,0.1732257545,0.17867877799999998,-0.031273772,-0.025798496,-0.641227745,-0.07906255300000001,-0.11628797599999999,0.002348977999999998,0.051596992,0.6467207340000001,0.412375773,0.0832023415,0.8745617674999999,0.149359562,1.945971904,-0.568731486,-0.12914588700000001,-0.406123871,-0.298719124,1.171097299,0.7266260565,1.4833506975000001,1.2952260405,0.193685544,0.000300398000000035,-0.7294817889999999,0.126743241,-0.30204640299999985,-0.387371088,1.3919677400000001,1.358496786,1.6452083494999998,1.3275866965,0.4785583105,0.253601682,-0.11391676400000006,0.05554767100000002,-0.5803410010000001,-0.957116621
2013.0,3539.0,0.0,0.0,0.0,0.0,0.0,0.0,0.0,1.0,0.0,0.0,-0.19073606199999998,-0.19508236099999998,-0.2511032915,-0.10371500700000003,-0.012373517,0.12149431200000002,-0.02035298599999999,0.156260281,0.468135156,0.024747034,-0.0722221425,-0.026407192,-0.1753530005,-0.24700147949999998,0.0413232545,-0.025660271,0.052510878000000004,-0.125033083,0.347889937,-0.082646509,-0.0003545874999999754,-0.1423487325,-0.3142547565,-0.16839005550000002,0.3146226485,-0.45563650499999997,-0.256357279,-0.385803057,0.229785755,-0.629245297,1.2015639930000002,1.2858826485,0.3428698805,1.2507531,0.5019786495,0.06123378600000007,0.05110418700000019,0.10434516299999996,0.22201105200000004,-1.003957299,1.3978537505,1.528424256,1.2414023539999999,1.679023517,0.506892641,-0.0668023929999999,-0.16806441000000016,0.11834533199999986,0.13825667399999997,-1.013785282
2014.0,3513.0,0.0,0.0,0.0,0.0,0.0,0.0,0.0,1.0,0.0,0.0,-0.227229678,-0.161059345,0.0386665465,0.047879415499999994,0.189727263,0.19448154400000003,0.11501481200000001,0.021184755000000003,0.464935787,-0.379454526,-0.12019260949999999,-0.092951508,0.002756027000000001,-0.13887607999999999,0.130818922,0.07028066300000001,0.09636868800000001,0.05635536,-0.040189775999999997,-0.261637844,0.662846305,-0.229795289,-0.48946527250000005,-0.530496735,0.2262641665,-0.9526430879999999,-0.483427392,0.09769524499999999,-0.451642148,-0.452528333,-0.526716873,-0.2793828655,0.0095110975,-0.037384361000000005,0.0727862875,0.10552576999999996,0.254788275,0.062336665,0.165860958,-0.145572575,-1.3908163194999998,-0.5428731615,-0.688802224,-0.4092999595,-0.1164626355,0.3545669630000001,0.485893987,-0.405493492,-0.091657449,0.232925271
2015.0,2921.0,0.0,0.0,0.0,0.0,0.0,0.0,0.0,1.0,0.0,0.0,-0.297016671,-0.261921281,0.271570446,-0.02591819,-0.012373517,-0.820939226,0.384543294,-0.370545686,0.087549414,0.024747034,-0.138141395,-0.093140908,-0.261674668,0.05443144800000001,0.1979406725,-0.157498776,0.00751666799999999,0.226812418,0.34642528,-0.395881345,0.7911472955000001,-0.44669577949999995,-0.598876441,-0.2002830545,-0.087081191,1.754503737,-0.36936988499999995,0.38175153799999995,0.7814520930000001,0.174162382,-0.21534883400000002,-0.3471544445,-0.05367406050000001,-0.053701045,-0.0602028955,0.140870286,0.479700805,0.416511787,0.13322759,0.120405791,-0.5981910735,-0.34672654,0.22060724450000002,-0.0352057865,-0.2905163815,0.239857435,0.364270812,0.365610123,-0.255463143,0.581032763
2017.0,2745.0,0.0,0.0,0.0,0.0,0.0,0.0,0.0,1.0,0.0,0.0,0.0376413055,-0.1442289035,-0.175718014,-0.306758405,-0.3357347655,0.140325655,0.081353929,0.449953876,-0.5507280680000001,0.671469531,0.3454270155,0.218219965,0.15846478400000003,0.2916377705,0.0636971715,-0.24571223100000003,0.18787231,0.19294326200000003,0.04384155099999998,-0.127394343,0.2591591704999999,0.142863617,-0.176609427,0.506433973,0.2589895305,-1.2651958030000001,-0.566419434,-0.350580086,0.66448328,-0.517979061,-0.12109624949999998,-0.2560633005,0.400142176,-0.046142126000000006,0.20577547,0.634819067,-0.17167068699999996,0.24291702400000004,0.46619900999999997,-0.41155094,-0.83336079,-1.9810122915,-0.6956333895,-0.308483957,0.280217995,0.7465065200000001,-0.968548849,0.048286397000000036,1.9968587759999998,-0.56043599
2018.0,2669.0,0.0,0.0,0.0,0.0,0.0,0.0,0.0,1.0,0.0,0.0,0.08044287649999998,-0.5832689115,-0.10360253450000001,-0.062617033,-0.2751045315,-0.284981829,0.145778623,0.379800275,-0.139042378,0.550209063,-0.004290741000000001,-0.1594958235,-0.176446139,0.05432683000000002,0.0860710885,0.014261598,0.140226499,-0.302048972,0.43254897400000003,-0.172142177,-0.3044338955,0.3273126965,-0.468099362,-0.06359303999999999,0.028275716,0.13791436899999998,0.00792565700000003,-0.35992453399999996,0.985717154,-0.056551432,0.0625310975,0.36612383449999997,0.0037314175000000005,-0.39543023,-0.0481129695,0.438177861,0.013864998999999989,-0.381713589,0.40332996600000004,0.096225939,-0.20336123299999997,0.5339792889999999,-0.42365262049999997,-1.0817828255,-0.3431372815,0.7755001020000001,-0.615205092,-1.003503093,1.000602271,0.686274563
2019.0,2893.0,0.0,0.0,0.0,0.0,0.0,0.0,0.0,1.0,0.0,0.0,-0.15861175249999995,-0.8194986455,-0.4356427275,0.12527631150000001,-0.012373517,-0.6901038549999999,0.27921504099999994,-0.141357071,0.16014725700000002,0.024747034,-0.08614662849999999,-0.137377518,0.002756027000000001,-0.16025007549999998,-0.048172413,-0.437272981,0.09598988799999998,0.05635536,-0.169270699,0.096344826,-0.08161070799999998,1.0464311725,0.8130707575,-0.5735111865,-0.279342703,0.5038092860000001,-0.340899599,0.837820429,-0.20526096499999996,0.558685406,0.33882455499999997,0.1530804905,0.379968024,0.19343337100000002,0.1453258415,-0.0900357,-0.02923751899999999,0.58700507,-0.12172987800000001,-0.290651683,0.6219983874999999,0.6046474344999999,0.8448468065,0.622481744,-0.197417866,0.15960598299999995,-0.07986621299999996,0.09893170500000004,-0.48104353,0.394835732
2021.0,2715.0,0.0,0.0,0.0,0.0,0.0,0.0,0.0,1.0,0.0,0.0,0.445963571,0.4478543225,0.1988010065,0.06502907400000002,0.028046639,-0.06485106399999996,0.592302731,-0.373161525,0.8056233180000001,-0.056093278,0.3674000995,0.30688258599999996,0.22402588900000003,0.206037168,0.0636971715,-0.201766063,0.09977788999999998,0.061821052000000015,-0.38635844399999997,-0.127394343,-0.7560265534999999,-0.68397791,-0.46545052100000006,-0.4234728135,-0.383245733,0.07211937899999998,-0.214549098,-0.10950511000000002,-0.6588664909999999,0.766491466,0.39366460449999996,0.557429781,0.415593883,0.721507348,0.1030111015,0.01964439899999998,-0.279377522,0.00952044799999996,-0.15536563399999992,-0.206022203,0.0317332035,0.24309132700000002,0.42613546599999996,0.6023711115000001,-0.0921760665,-0.23933357100000002,-0.28906201,0.293105648,-0.8514695330000001,0.184352133
1998.0,2039.0,0.0,0.0,0.0,0.0,0.0,0.0,0.0,0.0,1.0,0.0,-0.4216366115,0.02371337500000001,-0.8463379955,-0.820589148,-0.032583595,0.243591071,-0.457944458,-1.320055207,-0.12304553600000001,0.06516719,-0.11214401199999999,-0.092951508,-0.1545924375,-0.3540806955,-0.048172413,-0.297385878,0.09636868800000001,-0.345756375,-0.125267287,0.096344826,1.6049587019999998,-0.13405379350000002,2.7772576095,0.9641683735,-0.2850696415,-2.372666262,0.868993823,3.8842612589999996,-0.407926051,0.570139283,0.23830971950000002,0.3262336495,0.48928116499999996,0.6072770249999999,0.320629764,0.03787390500000001,0.31706879899999996,-0.01129589000000003,0.138361748,-0.641259528,0.506490945,0.863847595,1.0096738345,1.190684772,0.680946387,0.299846734,0.19870644599999998,0.07397442099999996,0.3094337519999999,-1.361892774
2000.0,2356.0,0.0,0.0,0.0,0.0,0.0,0.0,0.0,0.0,1.0,0.0,-0.07620885,-0.7703351460000001,-0.394680291,-0.024318506000000004,-0.638885936,-0.379323584,-0.56496267,0.369336922,-0.21563943200000002,1.277771872,-0.096207376,-0.1821823285,-0.08684505599999999,0.24815745,0.0189493375,0.022310196000000004,-0.082092953,-0.12284680599999999,0.388545562,-0.037898675,0.04835704949999997,0.7228730265000001,0.100791992,-0.24387329599999996,0.370255767,1.349193015,0.472940075,-0.657493894,0.684398042,-0.740511534,0.275139687,0.735191304,1.001881208,0.5271024425,0.1392808785,0.792908052,0.5492436139999999,-0.403704846,0.36397764700000007,-0.278561757,-0.4857997545,0.7838121389999999,0.6785893709999999,0.24887820449999998,0.1790239565,0.2692423689999999,0.68959633,-0.33029535,0.12401641699999996,-0.358047913
2001.0,2477.0,0.0,0.0,0.0,0.0,0.0,0.0,0.0,0.0,1.0,0.0,0.058411295,-0.465576534,0.07766710349999999,-0.141613613,0.007836561,-0.03709606199999999,-0.15741074199999994,0.313570431,0.468934998,-0.015673122,0.161593745,-0.18199292849999998,-0.0857519175,0.140450524,0.153192839,-0.229615036,0.00675906699999998,0.054169083,0.4321305,-0.306385678,0.2730801705,0.507276248,-0.4642344715,-0.011289818499999993,0.0217306435,-0.40358854499999997,-0.07565172999999997,-0.198046029,0.468288883,-0.043461287,0.5470446805,0.865428082,-0.13718205300000003,-0.2890229585,0.133235916,-0.21399568699999993,-0.04636508799999994,-1.264222326,0.843182781,-0.266471832,0.268016907,0.33873997499999997,-0.29164000050000005,-0.069989096,0.264026949,-0.294339964,-0.029242526000000046,-0.33651042100000006,0.35110375,-0.528053898
2002.0,2371.0,0.0,0.0,0.0,0.0,0.0,0.0,0.0,0.0,1.0,0.0,-0.406497519,-0.853280239,-0.6334698265,-0.4974511965,-0.1538440635,-0.60197753,0.2789736180000001,0.1061424110000001,-0.319337223,0.307688127,-0.138141395,-0.0706438025,-0.0862984865,-0.03137839,-0.025798496,-0.157498776,0.140984099,-0.03433886100000001,0.08847267199999999,0.051596992,0.9398114340000001,1.51587932,0.593657008,-0.237107315,-0.313704335,0.71055747,-1.13362745,-0.42987235000000007,0.039692212000000004,0.62740867,0.592769978,0.562922298,0.31957875100000005,-0.45548159850000003,-0.49544022,0.20639418200000004,-0.22333552800000006,0.6824719720000001,-0.21625697100000002,0.99088044,0.7232725179999999,0.528937974,0.4348014905,0.0951483185,0.0333045415,0.538012176,-0.21415458599999998,0.326556395,0.052417173,-0.066609083
2003.0,2768.0,0.0,0.0,0.0,0.0,0.0,0.0,0.0,0.0,1.0,0.0,-0.6695223775,-0.549487318,-0.177679893,-0.32670751,-0.578255702,0.3317173950000001,0.14602004599999996,0.23164555800000003,-0.360835118,1.156511404,-0.238106628,-0.20392183349999998,-0.128912751,0.033266689,-0.025798496,0.218216364,0.13984769900000002,0.230091834,0.04509697,0.051596992,1.9399931924999998,0.8431911445,-0.32738387700000005,0.559913033,1.372470031,-1.4180295729999999,-1.197406269,-0.422169412,1.209169532,-2.744940062,0.6869720505,0.725555766,0.5576038165,0.492125523,0.3750344295,0.042363391000000084,-0.21346731800000007,0.029240324999999956,-0.5233139739999999,-0.750068859,0.06254072199999999,0.48796958,0.539168572,0.248282435,0.1709284335,0.38893480599999997,0.18356394799999998,0.08396703400000005,-0.411792318,-0.341856867
2004.0,2706.0,0.0,0.0,0.0,0.0,0.0,0.0,0.0,0.0,1.0,0.0,-0.6852460035000001,-0.6844929815,-0.998624942,-0.25530943,-0.436785156,0.22728291099999998,0.21261754300000002,-0.05247565799999998,0.471334524,0.873570312,-0.286077095,-0.159685223,-0.329968619,-0.09633732449999999,-0.0929202465,0.31415729800000003,0.051374478,-0.08460509599999999,0.390219455,0.185840493,1.7663871494999999,1.293209366,1.7248999239999998,0.1909887355,1.20638881,0.15785603300000006,-1.510485048,0.321450566,0.142202041,-2.41277762,0.2198102805,0.494918047,0.444022506,0.6512623065,0.320629764,-0.022620637,0.11375406200000004,-0.173895024,0.180924655,-0.641259528,0.3793695185,0.627011285,0.0952532275,0.5128165185,0.385459795,-0.20841313299999997,-0.274966174,-0.09464097499999999,0.10155181299999994,-0.77091959
2005.0,2796.0,0.0,0.0,0.0,0.0,0.0,0.0,0.0,0.0,1.0,0.0,-0.18005879999999996,-0.2292260885,-0.5408731290000001,-0.23416056200000002,0.068466795,0.507784996,-0.22328397100000003,0.29133580600000003,0.05404993999999999,-0.13693359,-0.092183077,-0.16006402349999999,-0.2185138345,-0.310704994,-0.003424579,-0.161523074,-0.126329563,0.050889667,-0.383847604,0.006849158,0.6467557285000001,0.6227430435,1.5033569435,0.14492349449999997,-0.235163462,-1.921903891,0.549870415,-1.8526497710000003,-1.440837041,0.470326924,0.9400397805,0.977558607,0.9058660755000001,1.1760309475000001,0.441529021,0.2430552370000001,-0.024860364000000024,0.26924667700000005,-0.0636562169999999,-0.883058042,0.8222810334999999,0.5849435945,0.6512350455,1.2103748615,0.316647849,-0.24095930900000007,-0.5817986690000001,0.8077795970000001,0.3016418249999999,-0.633295698
2006.0,2823.0,0.0,0.0,0.0,0.0,0.0,0.0,0.0,0.0,1.0,0.0,-0.134734047,-0.09434113599999999,-0.687065967,-0.2549095095,0.088676873,-0.05845058600000001,-0.35744465599999997,0.2133346920000001,0.395537313,-0.177353746,-0.048236909,-0.11544861299999999,-0.15185959100000002,-0.1389806985,0.0413232545,-0.073630738,-0.03709874199999999,0.096783348,0.04593391699999999,-0.082646509,0.0086680115,0.23513248049999996,1.4081115725,-0.318926289,-0.094444398,0.024604650999999998,1.057877351,-0.5218694849999999,-0.769018772,0.188888796,0.8460571305,0.9947341734999999,0.8453828475,1.113832485,0.6047430175,0.4310205370000001,-0.19326555499999987,-0.116019769,0.038985130000000146,-1.209486035,0.701617692,0.5452572085,0.5311092230000001,1.2256958755,0.332838895,0.436083214,-0.5926492529999999,0.10008573200000004,-0.09226509500000013,-0.66567779
2008.0,2468.0,0.0,0.0,0.0,0.0,0.0,0.0,0.0,0.0,1.0,0.0,-0.6449676145000001,-0.12691561699999998,-0.034102892999999995,-0.0989159545,-0.517625468,-0.05709647100000004,0.317945798,0.018568915999999998,-0.441431383,1.035250936,-0.319962516,-0.2710343495,-0.0857519175,-0.031169153499999998,-0.0705463295,-0.233318216,-0.082850553,0.054169083,-0.083774715,0.141092659,2.0065541405,-0.5809249224999999,-0.5176439855,0.2393560525,0.380073376,-1.906606555,-0.393248489,-0.29475694299999994,0.304760455,-0.760146752,0.5388076205000001,0.7138261825000001,0.5556772565,0.4800488885,0.2299553215,0.19245211900000003,0.03341528100000002,-0.11877642700000002,0.08823991899999994,-0.459910643,0.37279103599999996,0.596605491,0.4565528325,0.583714858,0.296409041,0.149685538,-0.07881955200000001,0.07992252899999996,0.08610814,-0.592818082
2009.0,2591.0,0.0,0.0,0.0,0.0,0.0,0.0,0.0,0.0,1.0,0.0,-0.313417354,-0.6175333505,-0.5249696275,-0.15756350800000002,-0.012373517,0.09509342399999998,-0.12471554900000004,0.03729672900000003,-0.099144168,0.024747034,-0.2800406465,-0.27084494950000004,-0.1524061605,-0.1822517815,-0.0929202465,0.03840739100000001,0.0060014669999999826,0.008275403000000014,0.218390541,0.185840493,1.1476447745,1.754242498,0.9419164485,-0.4339488265,0.213992155,0.23808289699999996,-0.4661289420000001,-0.6253944530000001,0.22525844700000003,-0.42798431,0.6219201325,0.7589296775,0.5003315214999999,0.452617353,0.2299553215,0.12372051699999997,-0.07913405299999998,-0.10933153699999998,0.056080675999999996,-0.459910643,0.3542899735,0.561725072,0.38643056750000004,0.5088329414999999,0.247835903,0.13222318299999997,-0.11431929600000001,0.08474627299999998,0.062136588999999964,-0.495671806
2010.0,2445.0,0.0,0.0,0.0,0.0,0.0,0.0,0.0,0.0,1.0,0.0,-0.5613031205,-0.600582198,-0.10621837299999999,-0.2900086675,-0.2751045315,0.183219749,-0.09081324400000002,0.088722518,-0.134243325,0.550209063,-0.4699103655,-0.3821940755,-0.19666013300000001,-0.2036257775,-0.160041997,0.330254493,-0.12822356499999998,0.0071822640000000215,0.089309619,0.320083994,1.745618584,2.1252851010000002,-0.3170321395,1.1672794545,0.228718569,-1.5113358839999997,-0.43169428200000004,0.068561325,1.0350206329999998,-0.457437138,-0.09024122000000001,0.5175395965,0.5316499845,0.696669961,0.2662250985,0.0856419,0.023826277000000062,-0.07072188300000004,0.09010934599999998,-0.532450197,0.094582625,0.694870791,0.644966062,0.4218951595,0.2073582875,-0.074555188,0.10058050000000007,0.29556201400000004,-0.17463511500000006,-0.414716575
2011.0,2722.0,0.0,0.0,0.0,0.0,0.0,0.0,0.0,0.0,1.0,0.0,-0.42037502,-0.5999786415,-0.050006394499999995,-0.309157931,-0.2144742975,0.17312702000000002,0.247002693,0.272607995,-0.095944798,0.428948595,-0.623721954,-0.470477896,-0.46382367449999995,-0.33291593649999995,-0.339033332,0.022631316000000012,0.137574898,-0.26490040099999995,0.17606102299999998,0.678066664,3.7320397795,1.8478887725,-0.2784298455,0.28927265999999996,-0.1778940755,-2.2347669349999997,-0.22176780099999993,-0.480937103,0.825865856,0.355788151,0.28503111049999996,0.5567317655,0.5683330790000001,0.7167661045,0.278315024,-0.738022827,0.057153655000000025,-0.09346478199999997,0.2892284249999999,-0.556630048,0.35940823250000004,0.601315464,0.7557598585,0.6189187105,-0.250038766,-0.658670883,-0.223574532,-0.433853531,-0.14224082299999996,0.500077532
2012.0,2672.0,0.0,0.0,0.0,0.0,0.0,0.0,0.0,0.0,1.0,0.0,-0.24227624650000001,-0.4652144005,-0.1988150705,-0.7068933310000001,-0.3357347655,-0.930420075,0.045278821000000025,-0.09647087700000001,-0.12544506199999994,0.671469531,-0.014190927999999992,-0.004478287500000004,0.0011163194999999904,-0.182042545,-0.1152941635,-0.581184382,-0.080577753,-0.20916847300000002,0.04614315400000002,0.230588327,1.6470715104999998,1.448331649,0.7685932209999999,1.9540063065,0.7809590815,3.0567196709999997,-0.694775806,0.013500124000000002,-0.337139783,-1.561918163,-0.09798892250000002,0.4049902625,0.539168314,0.5741695325,0.193685544,1.1979382969999999,0.20424025899999998,-0.44012157399999996,0.11755441700000002,-0.387371088,0.08361599549999998,0.3136634785,0.7991048119999999,0.1614147435,0.077829918,1.290835247,0.12617104900000004,0.07192250600000005,-0.585527701,-0.155659836
2013.0,2844.0,0.0,0.0,0.0,0.0,0.0,0.0,0.0,0.0,1.0,0.0,-0.330402571,-0.36399033000000003,-0.39729612950000004,-0.2549095095,-0.1134239075,0.06112298999999999,-0.021560097999999972,0.07825916500000002,0.395537313,0.226847815,-0.1621266285,-0.115259213,-0.2414606745,-0.311646559,0.0189493375,-0.109528309,0.051753278,-0.08241881899999998,0.391265638,-0.037898675,0.692507185,0.35380029150000003,-0.09066988249999999,-0.124233391,0.3039869055,-0.8171949359999999,-0.11356599299999998,-0.519849817,-0.16899688200000001,-0.607973811,0.22354047449999997,0.41695251850000004,0.17211023150000002,0.5588010975,0.2541351725,0.38426601499999996,-0.15481939900000002,0.243371301,-0.0039977629999999875,-0.508270345,0.2035115855,0.6355765584999999,0.503508179,0.7610132745,0.3814120335,0.14330273300000002,-0.29209672099999995,0.20607061600000004,0.094776199,-0.762824067
2014.0,2941.0,0.0,0.0,0.0,0.0,0.0,0.0,0.0,0.0,1.0,0.0,-0.348649379,-0.3637489075,-0.12473771249999999,-0.1603629555,0.048256717,0.097616606,0.113566277,0.051683838999999995,0.431436313,-0.096513434,-0.23408232899999998,-0.18180352849999998,-0.063898216,-0.182042545,0.0860710885,0.034383091999999976,0.09561108900000001,0.010461679999999994,0.04614315400000002,-0.172142177,1.5987278010000001,0.2537383165,-0.2588424415,-0.32294084749999996,0.1305424775,-1.1217924460000002,-0.7995882430000001,0.04090010899999999,-0.842871669,-0.261084955,0.30209561,0.2929062725,0.5641588655,0.43393004700000004,0.4173491695,0.470889298,0.160300123,-0.41416774300000003,0.245744338,-0.834698339,0.6248059145,0.31928075899999997,0.7315818125,0.2412439815,0.2599791875,0.26291988899999996,0.44575546,-0.385497439,0.344608499,-0.519958375
2015.0,2699.0,0.0,0.0,0.0,0.0,0.0,0.0,0.0,0.0,1.0,0.0,-0.4379447715,-0.4139988085,0.089646848,-0.23416056200000002,-0.1538440635,-0.8108464989999999,0.34967529899999994,-0.377085282,0.05404993999999999,0.307688127,-0.274004198,-0.159685223,-0.30647520949999996,-0.03158762700000001,0.153192839,-0.237342514,0.051374478,0.137211335,0.26072006,-0.306385678,2.201168381,-0.14005218849999995,-0.3539672525,-0.011334848000000008,0.1657222435,2.8055135360000003,-0.8045142729999999,0.826083405,0.928965278,-0.331444487,0.036841203,0.242403329,0.15807608,0.656938263,0.12114599,0.24582409600000002,0.171936638,-0.361351526,0.16957274199999994,-0.24229198,0.125352504,0.0964350145,-0.095182254,0.5517761535,-0.007173074,0.299620896,0.034325067,-0.47551193799999997,-0.29224997099999994,0.014346148
2016.0,2904.0,0.0,0.0,0.0,0.0,0.0,0.0,0.0,0.0,1.0,0.0,0.38559224849999996,-0.5158264355,0.0208011665,0.33431852500000003,-0.012373517,-0.623517101,0.07869828099999998,0.056915515,0.04205230799999998,0.024747034,0.1396206605,0.107249639,0.19998591049999997,0.442301925,0.130818922,-0.27356120500000003,0.23135132,-0.24850332299999997,0.08617107000000002,-0.261637844,-0.153075068,1.4325264535,-0.394633664,0.06553797449999998,-0.156622589,0.471445088,0.07909622099999991,-0.0032497919999999736,0.9082779089999999,0.313245178,-0.33940984249999995,0.028475832499999992,0.4059610835,0.2291350125,0.4959336865,-0.34220835699999996,0.555106943,-0.730563307,0.176711677,-0.991867373,-0.065965648,0.34435725500000003,-0.38114623000000003,0.580362096,0.628325487,-0.043935867999999996,0.290341886,-1.240864258,0.614019812,-1.256650974
2017.0,3250.0,0.0,0.0,0.0,0.0,0.0,0.0,0.0,0.0,1.0,0.0,-0.048546371000000005,-0.2792345675,-0.26700679299999996,-0.420854143,-0.416575078,0.040937534000000005,0.14795142700000002,0.410299358,-0.47253133,0.833150156,0.231537296,0.12936794399999998,0.09235711049999999,0.2055140765,0.0413232545,-0.28160980199999996,0.18711471,0.235557527,0.04426002299999998,-0.082646509,0.7214799265,0.8549457665,0.150565958,0.9982173175,0.644330688,-1.355572865,-1.102153651,-0.13340521,1.608555701,-1.288661376,-0.14722499049999999,0.42547123100000006,0.5246798865,0.6798791525,0.3024948755,0.394596285,1.146341416,-0.13271662300000003,0.10193538499999999,-0.604989751,-0.21982252,-0.6342391725000001,0.49705180149999995,0.619041369,0.203310526,0.390861662,0.21750922899999992,0.01585219099999996,-0.03192726000000001,-0.406621052
2018.0,3101.0,0.0,0.0,0.0,0.0,0.0,0.0,0.0,0.0,1.0,0.0,-0.077470441,-0.7352257280000001,-0.26700679299999996,-0.25211006199999997,-0.3559448435,-0.308859534,0.178473816,0.410299358,-0.135043168,0.711889687,-0.1421656935,-0.248347844,-0.242553813,0.01136960150000002,0.0636971715,0.026334495000000013,0.139468898,-0.259434708,0.34663451700000003,-0.127394343,0.3756618195,1.471101038,-0.148788168,0.4031897320000001,0.1829030595,0.11514299100000003,0.10243785999999999,-0.88373516,1.4782633760000001,-0.365806119,-0.564981781,0.22611191549999998,0.2343321085,0.058869842500000005,0.1030111015,0.49890920599999994,-0.08593099499999998,-0.184812197,-0.004891870999999999,-0.206022203,-0.3704503484999999,0.7203746235,0.300362167,-0.03866368399999999,-0.0193163585,1.418310387,-0.19102278100000003,-0.5387140499999999,0.177894046,0.038632717
2019.0,3032.0,0.0,0.0,0.0,0.0,0.0,0.0,0.0,0.0,1.0,0.0,-0.38825071099999997,-0.9546250205,-0.5633162254999999,-0.04506745350000001,-0.0730037515,-0.638471146,0.2782493509999999,-0.182319507,0.125847941,0.146007503,-0.224021582,-0.248537244,-0.0857519175,-0.203311923,-0.0929202465,-0.425200084,0.050616878000000004,0.054169083,-0.169061462,0.185840493,0.8548810455,2.259579551,2.0480894285,-0.39760129099999997,-0.243344803,0.7473254730000001,-0.5381275620000001,1.9634787210000002,-0.38990497599999996,0.486689606,-0.36219672449999996,-0.036736356499999984,0.409587065,0.512208132,0.314584801,0.43456606699999994,-0.453928175,0.021534083999999953,0.197966062,-0.629169602,-0.23836122249999997,-0.15377253600000002,0.503508179,0.1142776835,0.158785149,0.11930701299999999,-0.397567846,0.20607061600000004,-0.459665329,-0.317570298
2021.0,2715.0,0.0,0.0,0.0,0.0,0.0,0.0,0.0,0.0,1.0,0.0,1.4387682275,1.1227619309999999,0.219282225,1.05279235,0.3918280435,-0.48782041099999995,0.19175205799999984,-0.117814528,0.330044154,-0.783656087,2.1658109365,1.795248634,1.4838976775,1.906718572,0.8244103445,-0.6344636270000001,0.1568937039999998,-0.12829436100000002,-0.1793140580000001,-1.648820689,-0.396382616,-0.39324039200000005,2.3026858455,0.3222413455,0.5846068995,0.041018522,-0.03092367800000001,1.6943468430000002,-0.444419491,-1.169213799,-0.36219672449999996,-0.036736356499999984,0.409587065,0.512208132,0.314584801,0.43456606699999994,-0.453928175,0.021534083999999953,0.197966062,-0.629169602,-0.23836122249999997,-0.15377253600000002,0.503508179,0.1142776835,0.158785149,0.11930701299999999,-0.397567846,0.20607061600000004,-0.459665329,-0.317570298
1990.0,2121.0,0.0,0.0,0.0,0.0,0.0,0.0,0.0,0.0,0.0,1.0,0.35162181449999996,-0.3293637575,0.05260816900000001,0.504262369,0.189727263,-0.691457969,0.451623637,-0.45116264,0.152148836,-0.379454526,1.156740098,1.0621247619999998,1.1752130095,1.1745625574999998,0.623045093,-0.6378456859999999,0.10621749200000008,0.04106955899999987,-0.08963334100000009,-1.246090186,2.201038066,0.39844127949999997,3.0745791579999997,2.553500557,2.0899736305,-0.8234385000000002,0.820331151,-0.26432774000000014,-0.0827225140000003,-4.179947261,0.5823386855,0.5617124045,1.35528096,1.204647794,0.7256422745,0.37349689900000005,0.359985179,0.23101284399999988,-0.14264548799999988,-1.451284549,0.483759772,0.5789082555,1.259745529,1.0876900245,0.693089672,0.0003673740000000314,0.588138413,0.26786256399999986,-0.19531241099999996,-1.386179344
1991.0,1380.0,0.0,0.0,0.0,0.0,0.0,0.0,0.0,0.0,0.0,1.0,0.538459202,0.109434828,0.182243546,0.6171583445,0.2705675755,-0.317783194,0.252072568,-0.191891886,0.30134373300000006,-0.541135151,1.3764709389999998,1.2400182035,1.263720954,1.152351615,0.8020364275,-0.198384004,0.19658471300000002,0.043255835999999936,0.470275286,-1.604072855,1.7969475044999998,1.7502731700000003,2.646894724,1.2154690515,0.810411909,2.450205075,1.7092136940000002,2.354967288,1.457227535,-1.620823818,0.46727402800000006,0.529129577,0.5326132645,1.001011,0.743777163,0.8717331220000001,-0.155750086,0.003286493000000057,0.7214952520000001,-1.487554326,0.43894478000000003,0.7585870130000001,0.8486742555,1.186858899,0.814522518,1.415299706,-0.011814718000000002,0.07434920899999997,0.41185025200000014,-1.629045036
1993.0,2012.0,0.0,0.0,0.0,0.0,0.0,0.0,0.0,0.0,0.0,1.0,0.49691922199999994,0.328592698,-0.038026649999999995,0.39016663100000004,0.007836561,0.03706023799999997,0.017170658000000005,-0.418047718,0.23034557400000005,-0.015673122,1.4504387885,1.2848230145000001,1.1965201415,1.303329625,0.71254076,-0.4342120410000001,0.37466755500000004,-0.09114578900000003,0.2542337239999999,-1.42508152,1.5402290025,1.660655406,1.3371464115,0.6433522580000001,0.263080201,0.3943023430000001,-2.8528897300000002,1.916296075,-1.154876328,-0.526160402,0.7997240750000001,1.0225690335,0.929024023,0.986130224,0.6893724975,0.5968067140000001,-0.09253887500000002,0.627917106,0.033322708000000034,-1.378744995,0.10150734299999997,0.9878520740000001,0.697351828,0.650752279,0.3733165105,-0.451501158,-0.28989812800000003,0.19079048200000004,0.14156280600000004,-0.746633021
1994.0,2231.0,0.0,0.0,0.0,0.0,0.0,0.0,0.0,0.0,0.0,1.0,0.759267023,0.09103514000000001,0.2232059825,0.39176631500000003,0.4524582775,0.12383244800000004,-0.592587988,0.318802107,-0.07284327200000001,-0.904916555,1.6042503775,1.2167634985,1.3538686064999998,0.830695493,0.5111755085,-0.12658886300000005,-0.29229080100000004,0.3109659469999999,-0.60470161,-1.022351017,1.8450624654999999,0.25680787299999996,0.9555512875,4.041754039,0.343257342,-0.47505779699999984,0.274548812,1.7166331369999999,-2.707819162,-0.686514684,-6.31844657,-6.600071524500001,-7.379218869,-7.2123901195,-3.6750906765,2.548976906,0.07166067499999951,0.13373074799999962,1.027413717,7.350181353,-4.939181583,-3.6869942945,-4.173351554,-4.0021425075,-1.9217642805,-0.6457552179999997,-0.09787604099999969,-0.08894099399999966,0.09722995299999981,3.843528561
1995.0,2223.0,0.0,0.0,0.0,0.0,0.0,0.0,0.0,0.0,0.0,1.0,0.33143635850000003,0.8018971454999999,0.099456241,0.542560896,0.4120381215,0.43596683300000005,0.223240137,0.714456306,0.07555178200000001,-0.824076243,1.3964318735,1.484455961,1.441829982,1.6046579345,0.734914677,-0.06252120100000003,0.24309412399999997,0.22464427799999998,0.3388927610000001,-1.469829354,2.7010745245,2.8557454509999998,0.7706901305,2.4731911375,0.2246278985,-1.8624653989999997,1.891777428,-1.3266851069999999,5.795990391,-0.449255797,0.8181730035,0.9719264864999999,1.0057343275,1.159003077,0.641012795,-0.0006783169999999838,-0.013596123000000016,-0.10767134300000003,-0.02960047599999993,-1.28202559,1.0791808550000002,1.21279114,1.2651759495000001,1.466310976,0.8023792335,-0.13749484400000012,0.05719671999999987,0.03694294500000006,0.168828612,-1.604758467
1996.0,2050.0,0.0,0.0,0.0,0.0,0.0,0.0,0.0,0.0,0.0,1.0,0.6573557210000001,0.2438369355,0.332360141,0.163974759,0.189727263,-0.07999015599999992,-0.152340867,0.32272586400000003,0.007752992000000014,-0.379454526,1.3325247705,1.284065414,1.4194297114999999,1.2388937819999999,0.6901668435,-0.286276341,0.01925947200000011,0.1798437369999999,0.1253620379999998,-1.380333687,2.6363976439999997,0.9045041030000001,0.8310233415,0.30363366449999996,-0.3382483575,0.4677883519999999,0.6829322940000001,-0.526248075,0.09432321500000002,0.676496715,0.5203081815,0.590617555,0.5326132645,0.67467732,0.3448096155,0.13195757699999994,-0.05530261000000003,0.003286493000000057,0.06882789200000006,-0.689619231,-2.3342426384999997,0.07722042350000002,0.825305111,1.0917436915,0.680946387,-4.385092145,1.4862534950000001,0.18879789199999997,-0.09286086500000001,-1.361892774
1997.0,1628.0,0.0,0.0,0.0,0.0,0.0,0.0,0.0,0.0,0.0,1.0,0.557967601,0.32871341,0.49641835850000005,0.788301952,0.2907776535,-0.42474086,0.084733846,0.36499621900000007,0.18404862600000005,-0.581555307,1.3605343030000001,1.373296235,1.418336573,1.4973694815,0.6901668435,-0.5180800779999999,0.19772111400000014,0.0028278479999999107,0.03798292500000011,-1.380333687,0.426262889,2.2162597804999997,2.195826515,2.332408499,0.0675461525,-1.518249112,-0.031253741,-0.5864809579999999,-1.47606024,-0.135092305,0.419523412,0.658389134,0.4513136975,0.652210555,0.314584801,-0.4220469,-0.2802151399999999,-0.08723082500000001,0.092005844,-0.629169602,0.26520938,0.8333458069999999,0.9171935505,1.206268626,0.559513541,-0.39765386999999996,0.27474724800000005,0.2758625870000001,0.151913038,-1.119027082
1998.0,2058.0,0.0,0.0,0.0,0.0,0.0,0.0,0.0,0.0,0.0,1.0,0.32832864300000003,0.4465264985,0.1114359855,0.047479494500000025,0.149307107,-0.373108152,-0.150892331,0.02380059300000001,0.540732999,-0.298614214,1.468387574,1.5285031715,1.395936302,1.346705327,0.8244103445,-0.20643260200000002,0.06576888300000006,-0.04197269400000003,-0.004346593999999815,-1.648820689,0.638819802,2.2401449235,1.3289764575,2.530353801,2.170150772,1.0057781239999999,-2.059149687,-2.2266810269999997,0.13757028000000027,-4.340301544,1.171097299,0.771078071,0.351030397,0.635656809,0.356899541,0.000300398000000035,-0.5279353580000001,-0.215715612,0.08160217999999997,-0.713799082,1.3626580845,0.9860900945,0.8365852325,1.206268626,0.6768986255,0.31222099299999995,-0.48185810699999987,0.09852725499999992,0.151913038,-1.353797251
1999.0,1902.0,0.0,0.0,0.0,0.0,0.0,0.0,0.0,0.0,0.0,1.0,0.559229192,0.581773585,0.329090343,0.2752710505,0.3716179655,-0.49520491,-0.082363454,-0.04112133200000001,0.460136735,-0.743235931,1.5842894425,1.43908295,1.285574656,1.023898403,0.757288594,-0.2624516670000001,-0.20154477999999987,-0.0004515680000001243,-0.1319628599999999,-1.514577188,2.7596485655,1.5392289195,0.012316185500000021,0.1480283195,0.202538278,1.9450002169999998,-3.532725069,-1.125053761,-0.164228451,-0.405076556,0.8277771140000001,0.9952460514999999,1.0150852615,0.6777455935000001,0.405259244,0.3944605040000001,-0.4400550849999999,-0.8097876310000001,0.302002711,-0.810518488,0.8523960805,1.2365329919999999,0.8412067515,1.0216163485,0.717376241,0.425003665,-0.42636653999999985,-0.19848495500000007,0.6159823470000001,-1.434752482
2000.0,1936.0,0.0,0.0,0.0,0.0,0.0,0.0,0.0,0.0,0.0,1.0,0.7769292975,0.107624159,0.2245139015,0.5070618165,0.4120381215,-0.862664253,-0.7613752460000001,0.464340985,-0.3784316449999999,-0.824076243,1.2686176675,1.0840536675,1.286667794,1.3469145635,0.6677929265,-0.510031481,-0.026871139000000044,0.17656432199999994,-0.1765939809999999,-1.335585853,0.611044294,-0.649341927,2.1312029125,3.9359443775000003,-0.052719559,-0.62667675,-0.38659575199999996,-2.5629858409999997,-3.3900785050000004,0.105439118,0.6023235769999999,0.248966136,0.7792138945,1.228760459,0.405259244,-0.056446569999999974,-0.288035838,-0.46460312299999995,0.2007295979999999,-0.810518488,0.460260847,-0.005066261500000002,0.311282332,1.233435235,0.3733165105,-0.769601978,-0.16867748500000002,0.353535932,-0.21830269400000013,-0.746633021
2001.0,1462.0,0.0,0.0,0.0,0.0,0.0,0.0,0.0,0.0,0.0,1.0,0.2206939195,0.3792047335,0.602956679,0.828200163,0.068466795,0.725392579,-0.016248801000000035,0.07784222000000007,-0.19573727400000007,-0.13693359,1.1805647715,1.35136733,1.483351108,1.2604770145,0.578297259,0.36921300300000004,0.33080974399999996,-0.21680230599999994,0.08219557299999991,-1.156594518,0.20888688,2.900626033,1.1666022489999999,0.6821227935,-0.2302546575,-1.0412969460000001,0.8222309020000003,1.860761948,-2.245707339,0.460509315,0.6001293445,0.9326877835,0.8461189895000001,0.8229633845,-0.2415517805,-0.29579165900000004,-0.02448808899999999,0.4140524950000001,-0.29301097100000006,0.483103561,0.2208610205,0.7773835455,0.415244963,0.335132604,-0.043602928,-0.544969899,0.025778346999999924,0.07790027599999999,-0.25381601600000003,0.087205856
2002.0,1498.0,0.0,0.0,0.0,0.0,0.0,0.0,0.0,0.0,0.0,1.0,0.2578645925,0.311762257,0.3059932865,0.560510396,0.5332985895,-0.368061789,0.05083154000000001,-0.587546085,0.26464488999999997,-1.066597179,1.2406081355,1.4394617505,1.3309217665,1.1315007110000002,0.623045093,-0.27822774299999997,-0.023840739000000166,0.1776574609999999,-0.08942410400000012,-1.246090186,0.2509476675000001,0.4115508355,2.0056067505,0.0929760745,0.4700681265,-1.169241751,0.663930767,-2.296137367,-0.511298547,-0.940136253,0.323177617,0.23593358999999997,0.8191079219999999,0.390432425,0.4657088725,0.16061837399999998,0.58703829,-0.24065143599999994,-0.36343893400000005,-0.931417745,0.1078901495,0.7908507805,0.9540376325,0.579713758,0.4259374105,0.225616645,0.10410445899999998,-0.42414671700000006,0.030933835999999992,-0.851874821
2003.0,2046.0,0.0,0.0,0.0,0.0,0.0,0.0,0.0,0.0,0.0,1.0,0.8869946795,0.4976213785,0.311224963,0.4097158155,0.250357497,-0.13162286499999998,0.08594095899999998,-0.005390571999999982,0.11624983500000002,-0.500714994,1.4903606580000002,1.39560394,1.352228899,1.174353321,0.6901668435,-0.16248643400000007,0.24233652400000016,0.04544211199999992,0.082614046,-1.380333687,0.9408410739999999,1.6216740535,1.730807528,1.866907962,1.646544952,-1.578425176,1.057426907,0.01738723799999997,1.4337562039999998,-3.293089904,0.44762696150000003,0.7411491644999999,0.946629428,0.7311998265,0.399214281,0.033586462999999955,0.380931491,0.08647339199999993,-0.022461540999999974,-0.798428562,0.6376166435,0.7562057090000001,0.496849576,0.8042718935,0.454271741,-0.43443015700000004,-0.30779663,-0.0006709579999999993,0.02405308499999992,-0.908543482
2004.0,2172.0,0.0,0.0,0.0,0.0,0.0,0.0,0.0,0.0,0.0,1.0,0.266018673,0.31188296849999997,0.6565528195,0.2936204715,0.3918280435,0.15915699599999997,0.11839472899999998,-0.029350060999999927,0.573432631,-0.783656087,1.2984787895,1.0626929625,1.373536031,1.2173105495,0.757288594,0.22127730299999993,0.372773555,-0.08677323599999998,0.16852850299999989,-1.514577188,1.1521296345,2.080897665,2.4795379124999997,0.12023957699999999,-0.3210675415,-0.918406211,1.9775046619999999,2.136496967,-1.391469206,0.642135083,0.22112681950000002,0.4387364495,0.47254508500000003,0.671371985,0.320629764,0.12098641700000001,0.15909022900000003,0.12342285200000003,-0.14211722400000004,-0.641259528,0.311017962,0.8814054785,0.616353891,0.528225146,0.1992627645,0.18245755400000002,0.028255644999999996,0.31893116000000005,-0.21355970599999996,-0.398525529
2005.0,2285.0,0.0,0.0,0.0,0.0,0.0,0.0,0.0,0.0,0.0,1.0,0.40820836400000005,0.46371907349999997,0.4125316075,0.012780257499999996,0.129097029,0.078600218,0.018136348999999996,-0.8747000850000001,-0.06484485100000001,-0.258194058,1.3085395370000001,1.3284914245000001,1.4188831419999999,1.5402220915,0.578297259,-0.23830587400000014,0.01963827100000004,0.09133579199999997,0.210021075,-1.156594518,1.410764914,2.8801289995,1.359301618,-0.028249868499999997,-0.0028133795,-1.2457761080000003,-0.7172213489999999,-0.445124442,-1.510723893,0.005626759,0.8323344905,1.1120780085,1.2287227345,1.0159323809999998,0.641012795,0.23910561900000005,0.018893634999999964,-0.022103607000000025,-0.15681507799999994,-1.28202559,0.43844798500000004,1.263563457,0.9522472675,0.508920555,0.6768986255,0.417777828,-0.14960849599999992,0.10418956299999993,0.140931992,-1.353797251
2006.0,2274.0,0.0,0.0,0.0,0.0,0.0,0.0,0.0,0.0,0.0,1.0,0.6007691725,0.463960496,0.8232268755,-0.044267612,0.189727263,-0.850048343,0.15326272399999996,0.303998051,-0.025746482,-0.379454526,1.4324900034999999,1.35079913,1.3538686064999998,1.4110365515,0.71254076,-0.6619914789999999,0.06425368199999992,0.3109659469999999,0.21064878500000006,-1.42508152,0.5253970889999999,0.1865756565,2.345915012,0.17356553649999998,-0.1688946005,-0.594967444,0.111256943,0.36061527800000004,0.7195167889999999,0.337789201,0.8836637685,0.9384129720000001,1.266369109,1.0362655865,0.5019786495,-0.034166425,-0.08062315199999992,0.029161869999999812,0.020074297000000074,-1.003957299,0.445335063,0.803698691,1.0110745795,0.5919623734999999,0.454271741,-0.213260436,0.07840863799999997,-0.14888584900000001,0.417083875,-0.908543482
2008.0,1807.0,0.0,0.0,0.0,0.0,0.0,0.0,0.0,0.0,0.0,1.0,0.45857948049999997,0.27918777600000005,0.7994758595,0.06742860049999999,0.3109877315,-0.769491565,0.7262219940000001,-0.31519614099999993,0.350840049,-0.621975463,1.40850477,1.1952133935,1.5510984895,1.3249128575,0.421679841,-0.614021012,0.01850187099999978,0.006107263000000085,0.211067259,-0.843359682,-0.3059062305,1.4785104165,4.518214188,-0.560385577,0.2868060895,0.5174141990000001,-1.9518874890000002,-0.4195997380000005,-0.14280666800000003,-0.573612179,0.8906348005,0.9379941625,1.265405829,0.9974821375,0.5019786495,0.07375828899999992,0.12129555299999994,-0.044846506000000064,0.01061888100000008,-1.003957299,0.4100641175,0.87731483,0.9744030605,0.576483655,0.4785583105,-0.342421639,0.27703255800000004,-0.10939800699999991,0.669159072,-0.957116621
2009.0,2189.0,0.0,0.0,0.0,0.0,0.0,0.0,0.0,0.0,0.0,1.0,1.1480808900000001,0.5809286055,0.159800449,0.600008686,0.129097029,0.02561339600000001,-0.5553057669999999,-0.6655472,-0.039343797999999985,-0.258194058,2.0458847689999997,1.527745571,1.3527754685,1.7770099400000001,0.8020364275,-0.394611292,-0.2896392000000001,0.13395005699999984,0.25193212,-1.604072855,1.7811219445000002,0.009674258999999998,-0.2124629025,2.484407085,2.022886635,-0.23680713899999994,-0.09905910600000001,-0.09882741699999997,1.0824013719999999,-4.04577327,0.8836637685,0.9384129720000001,1.266369109,1.0362655865,0.5019786495,-0.034166425,-0.08062315199999992,0.029161869999999812,0.020074297000000074,-1.003957299,0.445335063,0.803698691,1.0110745795,0.5919623734999999,0.454271741,-0.213260436,0.07840863799999997,-0.14888584900000001,0.417083875,-0.908543482
2010.0,1999.0,0.0,0.0,0.0,0.0,0.0,0.0,0.0,0.0,0.0,1.0,1.1480808900000001,0.5809286055,0.159800449,0.600008686,0.129097029,0.02561339600000001,-0.5553057669999999,-0.6655472,-0.039343797999999985,-0.258194058,2.0458847689999997,1.527745571,1.3527754685,1.7770099400000001,0.8020364275,-0.394611292,-0.2896392000000001,0.13395005699999984,0.25193212,-1.604072855,1.7811219445000002,0.009674258999999998,-0.2124629025,2.484407085,2.022886635,-0.23680713899999994,-0.09905910600000001,-0.09882741699999997,1.0824013719999999,-4.04577327,0.8836637685,0.9384129720000001,1.266369109,1.0362655865,0.5019786495,-0.034166425,-0.08062315199999992,0.029161869999999812,0.020074297000000074,-1.003957299,0.3884469315,0.7703882630000001,0.7487264675,0.638906685,0.385459795,-0.19025830700000002,-0.005342765999999943,0.0034032110000000726,0.11787161800000001,-0.77091959
2012.0,2288.0,0.0,0.0,0.0,0.0,0.0,0.0,0.0,0.0,0.0,1.0,1.201559723,0.479342402,0.2345317665,0.638307213,0.007836561,-0.013403402000000009,-0.69115641,-0.444623045,-0.11594085199999993,-0.015673122,2.023911685,1.5498638765,1.3314683354999999,1.820176405,0.734914677,-0.43855745999999995,-0.3338758110000002,0.26616540499999997,0.16559919,-1.469829354,1.3259515835,-0.06630038700000002,-0.2365583015,2.8032308105,1.7471754455,-0.297069805,-0.53635136,-0.141964157,1.328397335,-3.494350891,0.8906348005,0.9379941625,1.265405829,0.9974821375,0.5019786495,0.07375828899999992,0.12129555299999994,-0.044846506000000064,0.01061888100000008,-1.003957299,0.4100641175,0.87731483,0.9744030605,0.576483655,0.4785583105,-0.342421639,0.27703255800000004,-0.10939800699999991,0.669159072,-0.957116621
2013.0,2758.0,0.0,0.0,0.0,0.0,0.0,0.0,0.0,0.0,0.0,1.0,1.1480808900000001,0.5809286055,0.159800449,0.600008686,0.129097029,0.02561339600000001,-0.5553057669999999,-0.6655472,-0.039343797999999985,-0.258194058,2.0458847689999997,1.527745571,1.3527754685,1.7770099400000001,0.8020364275,-0.394611292,-0.2896392000000001,0.13395005699999984,0.25193212,-1.604072855,1.7811219445000002,0.009674258999999998,-0.2124629025,2.484407085,2.022886635,-0.23680713899999994,-0.09905910600000001,-0.09882741699999997,1.0824013719999999,-4.04577327,0.8836637685,0.9384129720000001,1.266369109,1.0362655865,0.5019786495,-0.034166425,-0.08062315199999992,0.029161869999999812,0.020074297000000074,-1.003957299,0.445335063,0.803698691,1.0110745795,0.5919623734999999,0.454271741,-0.213260436,0.07840863799999997,-0.14888584900000001,0.417083875,-0.908543482
2014.0,2446.0,0.0,0.0,0.0,0.0,0.0,0.0,0.0,0.0,0.0,1.0,0.679387302,1.2233824439999998,0.3382457765,1.170087457,0.614138902,-0.32787592200000004,-0.21290279999999995,0.977650817,-0.3545302760000001,-1.228277804,1.7900957979999998,1.9283372650000001,1.709540093,1.885239958,0.891532095,-0.2346026940000001,0.06917808400000003,0.585234888,-0.222271286,-1.78306419,1.7890009585,1.4815280475000001,1.6221260210000001,2.8724040225000005,0.2949874305,-2.4015265130000003,1.9772058670000001,-2.891260902,3.7113346310000006,-0.589974861,-0.04066732749999999,0.394330969,0.5144988555,0.709667775,0.2964499125,-0.37910621499999997,-0.06489161400000004,-0.44140594699999997,0.43395855600000005,-0.592899825,0.514762967,0.6190219775,0.5703651775,0.962440945,0.4340329335,-0.40658072399999995,0.462799291,-0.740168103,0.5448036460000001,-0.868065867
2015.0,1908.0,0.0,0.0,0.0,0.0,0.0,0.0,0.0,0.0,0.0,1.0,1.311040571,1.3250893595,1.3683437095,0.637907292,0.816239682,-0.23236509800000005,-0.009488968999999958,0.25084739899999997,-0.040143640000000036,-1.632479364,1.7661105645,1.95007677,1.9499308100000001,1.6479290175,1.07052343,-0.18663222700000004,-0.152762568,0.10445345399999995,0.16643613700000004,-2.14104686,-0.045909742,0.9437929315,0.6268095605,0.3415301275,0.020912509,-0.495995886,-0.10593265299999999,-1.339000163,-1.093700419,-0.041825018,-0.195532855,0.17528323099999998,0.296647942,0.49116373950000003,0.115101027,0.34497188199999995,0.082753402,-0.13226234599999998,0.08776579499999998,-0.230202054,-0.10639249249999999,0.505431469,0.3483286395,0.355365895,0.017113495,0.36370470099999996,-0.10699267200000007,-0.32995022500000004,0.226923552,-0.03422699
2016.0,2088.0,0.0,0.0,0.0,0.0,0.0,0.0,0.0,0.0,0.0,1.0,1.0700472935,1.3075346505,0.8404382960000001,0.9239464799999999,-0.0730037515,0.453444061,-0.38120721299999993,0.19549785200000003,-0.387229908,0.146007503,2.075745891,2.1491415165,1.749421511,1.7990116455,0.8244103445,0.3366974919999999,-0.5508920609999999,-0.12173553000000004,-0.13572911900000006,-1.648820689,0.4430425535,1.1534697139999999,-0.3789569325,0.7029733565,-0.167258332,2.205627749,0.052535918000000015,0.030630700999999982,-1.417412051,0.334516664,-0.18851131249999997,0.1868732115,-0.261531853,0.675612034,0.1453258415,1.110876167,-0.09682296099999999,0.07287801599999996,0.502070038,-0.290651683,0.040652579999999994,0.61354405,0.2463882615,0.599298712,-0.1164626355,1.068130024,-0.35329228600000007,0.11091690900000001,-0.071412574,0.232925271
2017.0,2332.0,0.0,0.0,0.0,0.0,0.0,0.0,0.0,0.0,0.0,1.0,1.6866539935,0.9186238325,0.8404382960000001,0.9239464799999999,-0.0730037515,-0.575946735,-0.620454729,0.19549785200000003,-0.387229908,0.146007503,2.187784021,1.7498756229999999,1.749421511,1.7990116455,0.8244103445,-0.5905174580000001,-0.28774520000000003,-0.12173553000000004,-0.13572911900000006,-1.648820689,1.2874471165,-0.08726836100000002,0.15658782250000003,1.4212753475,-0.167258332,0.990758739,0.688635444,-1.063943033,-2.8540160329999997,0.334516664,-0.041494509,-0.16162022050000002,0.07173297550000002,0.89697435,0.1453258415,0.18313532200000002,0.265028759,-0.365846833,0.059345406000000045,-0.290651683,-0.07650328449999999,0.072405179,0.003754407500000001,-0.15545497650000006,-0.1164626355,-0.494886089,0.157570868,-0.487181679,1.4380948029999998,0.232925271
2018.0,2194.0,0.0,0.0,0.0,0.0,0.0,0.0,0.0,0.0,0.0,1.0,1.350057369,0.5318858175,0.8966502745,1.339231459,0.775819526,-0.44628043000000006,0.35643513099999996,0.37938332899999994,-0.092839326,-1.551639052,1.8219690689999999,1.5058166659999999,1.5281516494999998,1.3891394634999998,0.8020364275,0.4047894539999999,-0.15655057000000006,-0.12720122299999992,0.5121863309999999,-1.604072855,0.11860178399999999,-0.7087454795,0.6429949455000001,0.7111448945000001,-0.1279878955,-0.592918128,-0.032548805000000014,1.5615477130000002,0.702000771,0.255975791,-0.10896008300000001,-0.37941153149999995,0.125661154,0.4119374065,0.193685544,0.0012128500000000014,-0.193082343,0.46282767999999996,0.22446288299999995,-0.387371088,0.1514707565,-0.6714482605000001,0.7404797249999999,0.8319466584999999,0.1911672415,-0.09755731699999999,0.622746377,0.341521066,0.110850687,-0.382334483
2019.0,2403.0,0.0,0.0,0.0,0.0,0.0,0.0,0.0,0.0,0.0,1.0,0.8958258165,0.7177449389999999,0.54805262,0.772352057,0.3514078875,-0.624871215,0.39154455,0.03949562200000001,-0.38403054000000003,-0.702815775,2.0898309375,1.7727515285,1.7527009269999998,1.9069278085,0.936279929,-0.306718955,0.02342627300000011,0.409312138,-0.3515614450000002,-1.872559858,0.9676314860000002,1.6874642735,2.7979275120000002,3.5456489829999995,1.7439029095,-2.286108284,-1.7051855530000002,1.818059472,4.7155409,-3.487805819,0.161071124,0.3388939205,0.7075471275,0.5961621735,0.284359987,0.09485767600000002,-0.37852203500000003,0.18496331499999996,0.13883587099999994,-0.568719974,0.6792327545,1.0022699755,1.266591526,0.973865996,0.717376241,0.11775655499999993,-0.36384560900000007,0.15260498,0.19027690400000008,-1.434752482
2021.0,2715.0,0.0,0.0,0.0,0.0,0.0,0.0,0.0,0.0,0.0,1.0,1.4387682275,1.1227619309999999,0.219282225,1.05279235,0.3918280435,-0.48782041099999995,0.19175205799999984,-0.117814528,0.330044154,-0.783656087,2.1658109365,1.795248634,1.4838976775,1.906718572,0.8244103445,-0.6344636270000001,0.1568937039999998,-0.12829436100000002,-0.1793140580000001,-1.648820689,2.2170757935000003,0.03771427349999999,-0.0187495545,1.083568603,2.0376130485,-1.0324299570000002,-0.196249011,-0.115725247,2.437496066,-4.075226097,0.520088758,-0.09873621200000002,0.1654612265,0.21753250149999998,0.326674727,0.108023068,-0.30758612,0.206046019,0.743806165,-0.653349454,0.8063541815,0.254561235,0.1299173255,0.23799635550000003,0.4664150255,0.626016423,-0.02629453199999998,0.03916201100000001,0.9670746530000001,-0.932830051
