Year,Yield,District_Belagavi,District_ChickkaManglur,District_Dakshinakannada,District_Davanagere,District_Hassan,District_Kodagu,District_Mysuru,District_Shivamogga,District_Udupi,District_Uttarkannada,Tmax_cA_1,Tmax_cA_2,Tmax_cA_3,Tmax_cD_1,Tmax_cD_2,Tmax_cD_3,Tmax_cD_4,Tmax_cD_5,Tmin_cA_1,Tmin_cA_2,Tmin_cA_3,Tmin_cD_1,Tmin_cD_2,Tmin_cD_3,Tmin_cD_4,Tmin_cD_5,Rain_cA_1,Rain_cA_2,Rain_cA_3,Rain_cD_1,Rain_cD_2,Rain_cD_3,Rain_cD_4,Rain_cD_5,RHI_cA_1,RHI_cA_2,RHI_cA_3,RHI_cD_1,RHI_cD_2,RHI_cD_3,RHI_cD_4,RHI_cD_5,RHII_cA_1,RHII_cA_2,RHII_cA_3,RHII_cD_1,RHII_cD_2,RHII_cD_3,RHII_cD_4,RHII_cD_5
1985.0,2724.0,0.0,0.0,0.0,0.0,0.0,0.0,0.0,0.0,0.0,0.0,1.50908847625,1.95548933725,0.61022062125,0.29233050399999994,0.46586756900000004,0.12361938699999997,0.9914231619999998,-2.440882485,0.7400557985,0.8540756925,0.11015729475,0.0018675820000000343,0.6816722260000001,-0.10644972799999997,0.16894697599999997,-0.440629179,-0.8249973915,-0.06386458499999992,-0.11553639575,0.08786928299999996,-0.0066535229999999945,-0.17406445999999998,0.29316924600000005,0.462145583,-2.4876310825,-1.9394360002500002,-0.29003485,-1.0762093810000004,0.080327767,-0.43750537199999995,-0.12385686899999993,1.1601394,-2.51197621275,-2.3298670395,-0.414434333,-0.14959839899999983,-0.09516964399999983,-0.20265893699999982,-0.7307819850000001,1.657737332
1986.0,2715.0,0.0,0.0,0.0,0.0,0.0,0.0,0.0,0.0,0.0,0.0,1.12519826875,1.79422708425,0.24643921675,-0.438710884,1.035446923,-0.585764138,-0.5827217530000001,-0.985756867,0.64926202725,0.48584154825000003,0.2332138375,-0.030005689000000058,0.903612878,-0.24303763,-0.301908643,-0.93285535,-0.8074835895,-0.16980537575,-0.12044520025,-0.22290820700000002,-0.05902373900000002,0.16385752599999992,2.084879409,0.481780801,-1.94079029575,-1.806700644,-0.410934107,0.6102784270000001,-0.6188927479999997,0.13850696500000037,0.44081285700000006,1.643736428,-2.1105511679999998,-2.2687711229999996,-0.13716266775,0.4809732330000003,-0.9184825730000001,0.39323942200000017,1.7081488079999998,0.548650671
1987.0,2602.0,0.0,0.0,0.0,0.0,0.0,0.0,0.0,0.0,0.0,0.0,1.86614307275,1.65612251025,0.387909763,-1.678324763,-0.07656931199999994,0.10530852099999999,-0.029839587999999972,-1.551639052,1.2189686874999999,1.2499522074999998,0.2332138375,-1.2933350300000002,0.328915744,0.30440711499999995,-0.2199696830000002,-0.93285535,-0.555899062,-0.6878020792499999,-0.11226385925,-0.15719246199999998,-0.238382172,0.230766645,0.18653534000000005,0.449055437,-2.1265901855,-2.52957138775,-0.35350695975,1.19898653,0.16727735199999993,0.0932875339999999,0.518962159,1.414027839,-2.6006986657500004,-2.1626178087500003,-0.38610000225,1.9667635300000006,0.5291539410000001,-0.17966458099999993,0.3338496000000002,1.544400009
1988.0,2506.0,0.0,0.0,0.0,0.0,0.0,0.0,0.0,0.0,0.0,0.0,1.54817315125,0.8088719772499999,0.1251787485,0.848473359,0.1617125140000002,0.5950758090000001,-0.49812627799999987,-0.500714994,1.23265192525,0.565449176,0.065409461,0.4530810409999999,-0.15920216999999992,0.33718313299999997,0.04279536700000003,-0.261637844,-0.8036869565,0.267067412,-0.02676884675,0.06540752500000002,-0.411218481,-2.666414156,-1.301733394,0.107075387,-2.22452306525,-1.27770840425,-0.16309063025,-0.4176899399999998,0.022703603000000072,0.3061651380000001,-0.05677484700000002,0.652362521,-2.0008934115,-0.9197696835,-0.31931193675,0.15987668600000005,0.07196773999999984,-0.8968279579999999,0.49788873399999994,1.277247747
1990.0,3117.0,0.0,0.0,0.0,0.0,0.0,0.0,0.0,0.0,0.0,0.0,0.935735156,1.16333554625,0.21612409975,-0.628748511,0.15302130099999994,0.048651055,0.8127280020000001,-0.864496399,1.0663429850000001,0.8357983675,0.24440079575,-0.47010961100000004,0.37050075299999996,-0.012476091999999994,0.17020239599999998,-0.977603183,-0.676324025,-0.7450829434999999,-0.19407726875,0.843744846,-0.20577154799999997,0.22909148099999999,-0.018169698999999984,0.776309075,-2.1892436405,-2.0509635205,-0.55601321525,0.7211740439999998,-0.302656402,0.3054134949999998,-0.9317121649999998,2.224052861,-1.63921013875,-1.72902234275,-0.35574179075,1.608574624,-0.13930282500000013,0.013878437000000021,-0.33463216600000023,1.422967163
1991.0,2704.0,0.0,0.0,0.0,0.0,0.0,0.0,0.0,0.0,0.0,0.0,1.2689977815,1.2763134185,0.19591402175,-0.16947059400000009,0.056625681999999955,0.548464751,-0.388829593,-0.783656087,0.5315779325000001,0.41421346724999997,0.14371817,-0.533535034,0.279754732,0.555720148,-0.429943383,-0.57487268,-0.8363211724999999,0.08622573774999998,-0.2022586095,-0.07242696800000004,-0.11038547200000004,0.05615806900000009,3.2255252,0.809034438,-2.050746845,-2.2190496140000002,-0.67388999075,0.4318667260000002,0.05621711800000018,-1.4471360679999998,0.44934709399999995,2.695559963,-1.5460830907499998,-1.5670941655,-0.28085820225,0.032702664999999964,-0.033292842000000045,-0.7365685370000001,0.10159873500000005,1.123432809
1993.0,2829.0,0.0,0.0,0.0,0.0,0.0,0.0,0.0,0.0,0.0,0.0,1.427321456,1.23754844675,0.31717449,0.8245956529999999,0.532706489,0.02076780900000008,-0.511723594,-1.26869796,-1.45438853975,-1.64200271075,-0.44919062675,0.6385199099999999,-0.3157764089999999,0.0563372230000001,-0.5072791379999999,1.796762507,-0.815600581,-0.55399797,0.0881789935,0.060604769,-0.13577509099999996,-0.566396519,0.23771159900000005,-0.352715974,-2.1871290512500003,-1.57960932375,-0.53787832675,-0.3015281670000003,-0.5395777219999998,-1.382917402,0.35853178500000005,2.151513307,-2.45657526975,-1.47483769525,-0.43467314075,-0.706557133,-0.5703596200000001,-0.187605279,1.3139965719999998,1.738692563
1995.0,3242.0,0.0,0.0,0.0,0.0,0.0,0.0,0.0,0.0,0.0,0.0,1.76811946575,1.26972966675,0.357594646,0.0015506439999999344,-0.41317813700000006,0.24823156099999988,0.022856098000000102,-1.430378584,1.24027341325,1.09927960575,0.32270950475,-0.022599331999999972,-0.604977475,-0.22336113800000001,-0.04562992900000007,-1.290838019,-0.783776687,-0.45689939925,-0.1654425755,0.2555131199999999,0.11100054600000009,-0.39966978200000003,0.043857111000000004,0.661770302,-1.97267183225,-1.84886927925,-0.45324884675,0.05374189400000007,0.06720215100000004,-0.8551475179999999,0.29279092500000004,1.812995387,-2.29262687175,-1.621154346,-0.475150756,-0.03436191299999969,0.4689183200000002,-0.9089911370000001,-0.15261422300000005,1.900603024
1996.0,3202.0,0.0,0.0,0.0,0.0,0.0,0.0,0.0,0.0,0.0,0.0,1.34267467925,1.0917430965000001,0.398014802,-0.29409053500000004,-0.24825364000000005,-0.6354650619999999,0.061954465999999986,-1.592059208,1.1209559695,-1.4355060692500001,-0.382068876,-0.342295405,-0.873427537,-0.4233510730000001,0.18108270199999987,1.528275504,-0.768545158,-0.39299172925,-0.13680788225,0.32855183599999993,-0.06416517599999993,-0.999883531,-0.09057585599999995,0.547231529,-1.6375856512500002,-0.89296553175,-0.22354025875,0.7777189679999998,0.7306784270000001,1.0706519859999999,-0.791330363,0.894161035,-1.9761599395,-1.5078836672499998,-0.29300148675,0.5095151360000001,0.4146839560000002,0.532971678,-0.262402107,1.172005947
1997.0,2989.0,0.0,0.0,0.0,0.0,0.0,0.0,0.0,0.0,0.0,0.0,2.037901536,2.384117745,0.48896015325,0.5161535179999999,-0.10660885600000003,0.5044695299999997,0.6044386839999998,-1.955840613,-1.8876403039999998,-1.92549104575,-0.50512541875,0.03534645199999997,0.16931110399999993,0.0945789330000002,0.22634153400000012,2.020501675,-0.8452578115,-0.718874562,-0.1916228665,0.142977574,-0.153588858,0.19256046599999999,0.017876793999999974,0.766491466,-2.4024234625,-2.203566466,-0.51672095675,0.231512704,-0.5932930000000001,0.37859177399999977,-0.08508695600000027,2.066883827,-2.3327148537499998,-2.67273729475,-0.56824927125,0.3601216919999999,0.4253239969999998,-0.02058884900000013,-0.1327780139999999,2.272997085
1998.0,3341.0,0.0,0.0,0.0,0.0,0.0,0.0,0.0,0.0,0.0,0.0,1.80772888825,1.7222545475,0.15549386575,-0.33058415100000005,-0.37686160600000007,-0.06288192799999992,0.31644683799999984,-0.621975463,1.2045332725,1.0433151765,0.34508342175,-0.13834064000000001,-0.3369062119999999,-0.13922574600000004,-0.0028819380000000283,-1.380333687,-0.7050034405000001,-0.573818403,0.119677156,0.16921831900000006,0.645712915,0.28169029599999995,0.49028369600000005,-0.478708624,-1.46079096375,-1.485002457,0.16938232625,0.017620706999999847,1.0009271240000002,0.6526340190000002,0.26297523300000014,-0.677529305,-1.95248006475,-1.6848147947499998,-0.0521596755,1.7991250249999997,1.6517993080000002,0.36565862300000007,0.10805894199999999,0.208638702
1999.0,3582.0,0.0,0.0,0.0,0.0,0.0,0.0,0.0,0.0,0.0,0.0,2.4304985025,2.21649880325,0.428329919,-0.10928431900000035,-0.576654097,-0.05111065700000017,0.7193342639999998,-1.713319676,1.282420841,1.16653986625,0.14371817,-0.13834064000000001,-0.20230238000000011,-0.17528118000000004,-0.7775767069999999,-0.57487268,-0.8215498175,-0.76137714975,0.75904894975,0.09793566899999995,-0.006130784999999972,0.0072389019999999915,-0.018169698999999984,-3.036195799,-2.13359181275,-1.8246591365,-0.28398988725,-0.2162214229999999,0.8508593960000002,0.0228659120000001,0.34860224400000006,1.135959549,-2.37525010575,-2.24811918525,-0.422529856,0.9758502979999997,0.7422391210000001,-0.26626550000000004,-0.03050169500000033,1.690119424
2000.0,3454.0,0.0,0.0,0.0,0.0,0.0,0.0,0.0,0.0,0.0,0.0,1.80772888825,1.7222545475,0.15549386575,-0.33058415100000005,-0.37686160600000007,-0.06288192799999992,0.31644683799999984,-0.621975463,1.2045332725,1.0433151765,0.34508342175,-0.13834064000000001,-0.3369062119999999,-0.13922574600000004,-0.0028819380000000283,-1.380333687,-0.7050034405000001,-0.573818403,0.119677156,0.16921831900000006,0.645712915,0.28169029599999995,0.49028369600000005,-0.478708624,-1.46079096375,-1.485002457,0.16938232625,0.017620706999999847,1.0009271240000002,0.6526340190000002,0.26297523300000014,-0.677529305,-1.95248006475,-1.6848147947499998,-0.0521596755,1.7991250249999997,1.6517993080000002,0.36565862300000007,0.10805894199999999,0.208638702
2001.0,3397.0,0.0,0.0,0.0,0.0,0.0,0.0,0.0,0.0,0.0,0.0,2.4304985025,1.7079279567499999,0.14538882675,-0.10928431900000035,-0.576654097,-0.23368821399999984,-0.5859211210000002,-0.581555307,1.2464429907499999,1.297097937,0.17727904525,0.00557076099999998,-0.20230238000000011,0.003920986000000015,-0.17554779799999998,-0.709116181,-0.8215498175,-0.32462861174999996,-0.01817843875,0.09793566899999995,-0.006130784999999972,0.032509184999999996,-0.023147304000000007,0.072713755,-2.13359181275,-1.0587859427500002,0.1633373635,-0.2162214229999999,0.8508593960000002,-0.11937115899999995,1.854397204,-0.653349454,-2.37525010575,-1.77839372375,-0.1047805755,0.9758502979999997,0.7422391210000001,-1.2129976580000001,1.630369719,0.419122302
2002.0,3535.0,0.0,0.0,0.0,0.0,0.0,0.0,0.0,0.0,0.0,0.0,1.6884736459999998,2.113869146,0.60011558225,-1.8858396169999998,0.22879285699999996,-0.34218841300000014,-0.3753261710000002,-2.400462329,1.48093446225,1.41625377475,0.4457660475,-0.753908115,-0.4673432419999999,-0.08240068099999998,0.12515280200000012,-1.78306419,-0.87556536,-0.7274797982500001,-0.2022586095,0.219805303,-0.050871082999999984,0.08557677899999994,-0.23209698199999995,0.809034438,-1.9900102982499999,-2.42903282325,-0.56810314075,0.16693276299999993,0.14726172599999998,-0.024467989000000134,0.11595568999999983,2.272412563,-2.1613155080000004,-2.74526788025,-0.52979553675,1.2392458440000003,-0.18415435199999974,-0.32566040800000007,-0.1886181790000001,2.119182147
2004.0,3607.0,0.0,0.0,0.0,0.0,0.0,0.0,0.0,0.0,0.0,0.0,1.7251908955,1.45228276825,0.377804724,0.4784908349999999,0.02731040699999987,-0.9003844379999999,0.8199265809999999,-1.511218896,1.62248287,1.5120905007499998,0.300335588,-0.042720825000000184,0.11038429300000008,-0.172001764,0.42543492699999996,-1.201342352,-0.7988844079999999,-0.5933791847500001,-0.073811557,0.14149020299999993,0.23739801699999996,0.147555337,0.05379096,0.295246228,-2.417550381,-1.4027791192499999,-0.232607703,-0.8489499469999997,0.003339458999999767,1.5510879679999998,-0.04310645099999999,0.930430812,-2.1529084327500003,-1.4631795495000002,-0.467055233,-1.0118923420000001,0.2261241110000003,1.9453799410000001,0.45798287700000007,1.868220932
2005.0,3220.0,0.0,0.0,0.0,0.0,0.0,0.0,0.0,0.0,0.0,0.0,1.461264618,0.9738754995,0.31717449,-0.429972271,0.3619878510000001,-0.5535401900000001,-0.23083643199999992,-1.26869796,1.6529338732499999,1.3356806285,0.32270950475,-0.778053908,0.2884671349999999,-0.22445427600000012,-0.3065118499999999,-1.290838019,-0.778133851,-0.37914281224999996,-0.2022586095,0.5687680589999999,-0.09163436300000005,0.14124614,0.11830032700000004,0.809034438,-1.951201749,-0.964457251,-0.3444395155,0.524971683,-0.3274185329999999,0.20438582600000002,0.332034964,1.377758062,-1.86059418,-0.9164247045,-0.28085820225,0.8204504449999999,-0.8226419370000002,0.93366072,0.31541520199999995,1.123432809
2006.0,3245.0,0.0,0.0,0.0,0.0,0.0,0.0,0.0,0.0,0.0,0.0,1.818225621,1.90553665275,0.347489607,0.20672736199999986,0.6038910160000002,0.5772389690000002,-1.00480539,-1.389958428,1.77826656,1.5792635125,0.34508342175,-0.04674512399999986,-0.33160301000000003,0.31643163899999993,0.1236881449999998,-1.380333687,-0.81162321625,-0.6124295934999999,-0.16789697775,0.2524691579999999,0.11406554499999999,0.14116467100000007,-0.018705980999999983,0.671587911,-2.7620012459999996,-1.87307163525,-0.426046514,-0.6828259459999999,0.11821550999999975,1.0320113309999999,-1.42413864,1.704186056,-2.27445621125,-1.85465662125,-0.3658611945,0.2508766590000002,-0.5220212420000001,0.0048025479999997955,0.1265865989999999,1.463444778
2007.0,3899.0,0.0,0.0,0.0,0.0,0.0,0.0,0.0,0.0,0.0,0.0,1.461264618,0.9738754995,0.31717449,-0.429972271,0.3619878510000001,-0.5535401900000001,-0.23083643199999992,-1.26869796,1.6529338732499999,1.3356806285,0.32270950475,-0.778053908,0.2884671349999999,-0.22445427600000012,-0.3065118499999999,-1.290838019,-0.778133851,-0.37914281224999996,-0.2022586095,0.5687680589999999,-0.09163436300000005,0.14124614,0.11830032700000004,0.809034438,-1.951201749,-0.964457251,-0.3444395155,0.524971683,-0.3274185329999999,0.20438582600000002,0.332034964,1.377758062,-1.86059418,-0.9164247045,-0.28085820225,0.8204504449999999,-0.8226419370000002,0.93366072,0.31541520199999995,1.123432809
2008.0,3835.0,0.0,0.0,0.0,0.0,0.0,0.0,0.0,0.0,0.0,0.0,1.5393374309999999,1.2698390800000001,0.25654425575,-1.085503246,0.431965264,-0.6171541950000001,0.368342681,-1.026177023,1.64194733125,1.20708222725,0.0765964195,-0.8220000759999999,0.2884671349999999,-0.13594633099999998,-0.821998592,-0.306385678,-0.70446553925,-0.13578476750000001,-0.2022586095,0.05237915000000004,0.594325571,0.907472497,-0.018169698999999984,0.809034438,-1.951201749,-0.964457251,-0.3444395155,0.524971683,-0.3274185329999999,0.20438582600000002,0.332034964,1.377758062,-1.86059418,-0.9164247045,-0.28085820225,0.8204504449999999,-0.8226419370000002,0.93366072,0.31541520199999995,1.123432809
2009.0,3246.0,0.0,0.0,0.0,0.0,0.0,0.0,0.0,0.0,0.0,0.0,2.06670242825,1.4566188755,0.26664929475,-0.004849835000000358,-0.6495285820000001,-0.2241158350000001,0.053156203000000124,-1.066597179,1.6529338732499999,1.3356806285,0.32270950475,-0.778053908,0.2884671349999999,-0.22445427600000012,-0.3065118499999999,-1.290838019,-0.7987895195000001,0.34751215375000005,-0.135989748,0.0880641900000001,0.263674042,-0.6333913339999999,-1.4489430030000001,0.543958992,-1.9614491645,-0.95027681425,-0.37466432975,0.356113581,-0.3836466650000001,0.485194759,0.10641906400000001,1.498657319,-1.83120984925,-0.942098755,-0.264667156,0.8044483139999998,-0.610411429,0.8482138269999999,-0.031249522999999946,1.058668624
2010.0,3830.0,0.0,0.0,0.0,0.0,0.0,0.0,0.0,0.0,0.0,0.0,1.50817343925,1.304334028,0.26664929475,-1.299418578,0.43124099699999996,-0.39230628200000006,0.598133842,-1.066597179,2.39190095425,2.1716791837500002,0.11015729475,-0.29094287800000007,0.028350674999999992,0.07167743699999995,-0.8253463779999999,-0.440629179,-0.864614935,0.04815192750000008,-0.2022586095,0.06731205500000004,-0.05086823699999998,0.15203049999999996,-0.149817258,0.809034438,-1.9614491645,-0.95027681425,-0.37466432975,0.356113581,-0.3836466650000001,0.485194759,0.10641906400000001,1.498657319,-1.83120984925,-0.942098755,-0.264667156,0.8044483139999998,-0.610411429,0.8482138269999999,-0.031249522999999946,1.058668624
2011.0,3937.0,0.0,0.0,0.0,0.0,0.0,0.0,0.0,0.0,0.0,0.0,1.6530901949999999,1.40174570175,0.448539997,0.36144044,-0.3126783340000001,0.2878860780000001,-0.3976278550000001,-1.794159988,1.17881998975,1.02490261675,0.25558775425,0.14143356399999996,-0.0703501489999998,-0.0015447060000000068,-0.04479298300000001,-1.022351017,-0.76818187825,-0.5764148345,-0.2022586095,-0.19930429000000005,0.038555444999999966,-0.15138757000000003,-0.562861472,0.809034438,-3.12243979875,-2.9389854779999998,-0.97009317,-0.22344500899999975,1.27526792,-0.355258026,-0.09440702199999995,3.88037268,-0.976668876,-1.04748799425,-0.2869298445,0.026545698000000062,0.5187244440000001,-0.24719699900000003,0.016343126000000097,1.147719378
2012.0,3904.0,0.0,0.0,0.0,0.0,0.0,0.0,0.0,0.0,0.0,0.0,1.99410902575,1.25067136875,0.48896015325,-0.4967440710000002,0.1975461999999999,-0.00842335499999991,0.06035478200000011,-1.955840613,1.0382671835,0.82738207925,0.12134425325,-0.13834064000000001,-0.028765139999999967,0.07931126899999996,-0.30274559,-0.485377013,-0.64362121975,-0.6410893905,-0.11635452975,0.11755109999999991,0.9791596810000001,0.551565647,-0.018169698999999984,0.465418119,-4.30539987925,-3.3859716505,-1.00636294725,1.2497601869999997,0.546812128,-0.9648519799999997,-0.44768457800000006,4.025451789,-1.5387428154999998,-0.7948799539999999,-0.09668505225,1.00899871,0.5430763439999999,-0.16810266399999996,0.023784600000000156,0.386740209
2014.0,3889.0,0.0,0.0,0.0,0.0,0.0,0.0,0.0,0.0,0.0,0.0,1.9873460022499998,1.020954404,0.31717449,-0.09783747700000012,0.16485100799999985,0.274806887,-0.4271281189999999,-1.26869796,1.03613603325,1.07764969575,0.3115225465,-0.17021391200000002,0.016986671000000175,0.12848436499999982,-0.04583916599999993,-1.246090186,-0.70258362825,-0.4902218785,-0.2022586095,0.07900152399999993,0.235063201,-0.10958407400000003,0.561791886,0.809034438,-3.4880310427500003,-2.356101363,-0.59530547375,-1.3696683600000004,2.055850971,-0.597911581,2.068877751,2.381221895,-1.6925775492500001,-0.9606051475,-0.08454176775,0.03301873799999999,1.218215605,-0.904078405,0.6865421110000001,0.338167071
2018.0,4256.0,0.0,0.0,0.0,0.0,0.0,0.0,0.0,0.0,0.0,0.0,1.4681536925,1.7388793589999998,0.458645036,-0.45268090900000013,0.765194173,0.18592547299999995,-0.6729161229999998,-1.834580144,0.9358176284999999,0.8979239612500001,0.26677471275,-0.03837540699999997,0.01471387099999999,0.026858758000000038,0.0394475809999999,-1.067098851,-0.8225079202500001,-0.72786224025,-0.19898607325,0.16299741199999995,-0.319908733,-0.11658548400000002,-0.007934447000000011,0.795944293,-0.55648250075,-0.75452833975,-0.10264100175,0.03152801100000002,0.05491708000000001,-0.5266288620000001,0.424164365,0.410564007,0.23627588,-0.06255999050000005,0.06320152825,0.198384404,-0.8752165660000001,-0.421838664,0.7670196859999999,-0.252806113
2019.0,4571.0,0.0,0.0,0.0,0.0,0.0,0.0,0.0,0.0,0.0,0.0,1.7245773844999999,1.302081639,0.337384568,-0.2651664650000001,0.16195393699999983,-0.18184548,-0.05054158799999997,-1.349538272,1.58038154075,1.33855913925,0.24440079575,-0.3583926020000001,0.06576888300000006,-0.043065833,-0.21955120999999989,-0.977603183,-0.7648936392500001,-0.34112998775000003,-0.170760447,0.17288164400000006,0.22272892700000002,0.128025454,-0.135778067,0.683041788,-2.5875624509999997,-1.67446919975,-0.5016085495,0.03872009399999987,0.22834505799999993,0.2225239619999999,0.13578770100000015,2.006434198,-1.79121333875,-1.075005144,-0.26669103675,0.4351948130000003,-0.1684358880000001,0.5112499989999999,0.22107099100000005,1.066764147
2021.0,2715.0,0.0,0.0,0.0,0.0,0.0,0.0,0.0,0.0,0.0,0.0,0.3873964125,0.06158634874999999,0.0241283585,0.17546515600000007,0.590854196,-0.3082396,0.576631999,-0.096513434,-0.03670111799999999,-0.02586471125,-0.0240862065,0.010237299999999998,0.140605298,0.142677028,-0.127150417,0.096344826,-0.80789237725,-0.582418536,-0.16462444125,0.14370441499999997,-0.08101029999999998,0.22589908299999995,-0.12832197899999997,0.658497765,-0.12944579125,0.15268164725,0.06964043925,0.08125343699999998,0.039743954000000005,-0.02047441400000001,0.176711677,-0.278561757,-0.41429253,-0.033299588750000005,0.05105824375,-0.280716367,-1.109742761,-0.025342441,-0.838654256,-0.204232975
1990.0,1667.0,1.0,0.0,0.0,0.0,0.0,0.0,0.0,0.0,0.0,0.0,-0.670352002,-0.49726487900000005,-0.0162917975,-0.40320129000000005,0.3109445420000001,-0.010205302000000027,0.35563910200000004,0.06516719,-0.28710079374999997,-0.620919264,-0.11358187375,-0.001514477000000014,0.095232288,0.137211335,-0.165504439,0.454327495,-0.8249973915,-0.06386458499999992,-0.11553639575,0.08786928299999996,-0.0066535229999999945,-0.17406445999999998,0.29316924600000005,0.462145583,0.5155568640000001,0.6276154585,0.15124743775,0.133173094,-0.12437715199999999,0.23943972599999996,-0.06594562799999998,-0.604989751,0.37583660325,0.06713566124999998,0.004508986,0.266698322,-0.011622729000000054,0.21493886500000003,-0.09941433,-0.018035944
1991.0,1557.0,1.0,0.0,0.0,0.0,0.0,0.0,0.0,0.0,0.0,0.0,-0.705164696,-0.1864435685,0.0140233195,-0.16657732000000003,-0.05860089800000001,0.6948375200000001,-0.7861181239999999,-0.056093278,-0.2256495815,-0.6067153915000001,-0.0240862065,-0.337307747,-0.171702575,-0.31625977299999997,-0.16780604299999996,0.096344826,-0.8074835895,-0.16980537575,-0.12044520025,-0.22290820700000002,-0.05902373900000002,0.16385752599999992,2.084879409,0.481780801,0.7116297985000001,0.54766231075,0.160314882,0.14941041099999997,-0.04543440099999996,-0.5046850599999999,0.6936301970000001,-0.641259528,0.5542631367499999,0.07858852624999998,0.2008254205,0.093143643,-0.385076082,-0.537185236,0.06922761099999997,-0.803301682
1993.0,2248.0,1.0,0.0,0.0,0.0,0.0,0.0,0.0,0.0,0.0,0.0,-0.6967745332499999,-0.3454700725,-0.13755226575,0.5116622930000001,-0.023732902,-0.435050666,0.545532052,0.550209063,-0.2708417455,-0.5269781605,-0.1023949155,-0.333283448,-0.172081374,-0.13159191500000006,0.392730295,0.409579662,-0.555899062,-0.6878020792499999,-0.11226385925,-0.15719246199999998,-0.238382172,0.230766645,0.18653534000000005,0.449055437,0.62108324675,0.574760406,0.217742029,-0.09607852800000005,0.02196490299999998,-0.03082785499999996,-0.29298390100000005,-0.870968116,0.33849652775,0.07074645125000001,0.075344813,-0.44165599299999997,-0.22833714000000005,0.09199671999999998,-0.319340551,-0.301379252
1994.0,1801.0,1.0,0.0,0.0,0.0,0.0,0.0,0.0,0.0,0.0,0.0,-0.57360018925,-0.9322513597500002,0.1150737095,0.460029585,-0.124956972,0.156677226,0.062048360999999996,-0.460294838,-0.23697295599999998,-0.85579261275,-0.2366384165,-0.4651219529999999,0.00675906699999998,0.184198154,-0.7224837529999999,0.946553666,-0.8036869565,0.267067412,-0.02676884675,0.06540752500000002,-0.411218481,-2.666414156,-1.301733394,0.107075387,0.576156172,0.64457346125,0.16938232625,-0.41205445399999996,0.13376968599999994,-0.347035509,0.04896881200000003,-0.677529305,0.2812051185,0.12016221075,-0.4609835905,-0.555582815,0.267507341,-0.3222063380000001,-1.124735827,1.843934362
1995.0,1481.0,1.0,0.0,0.0,0.0,0.0,0.0,0.0,0.0,0.0,0.0,0.20979511474999998,-0.44170686025,-0.05671195375,0.103832039,0.760607144,0.21202677300000006,0.35563910200000004,0.226847815,-0.15868007575,-0.2892148395,-0.06883404,-0.07765503700000001,0.09447468799999997,-0.6145596249999999,-0.16864298899999997,0.27533616,-0.676324025,-0.7450829434999999,-0.19407726875,0.843744846,-0.20577154799999997,0.22909148099999999,-0.018169698999999984,0.776309075,0.14067261975,0.519025356,0.05150555075,0.08310984500000002,-0.30935442599999996,-0.212316768,0.14784423399999996,-0.206022203,-0.4940278995,-0.017373096000000005,0.083440336,-0.8363654380000001,-0.2234196519999999,-1.298404062,0.114297,-0.333761344
1996.0,2001.0,1.0,0.0,0.0,0.0,0.0,0.0,0.0,0.0,0.0,0.0,-0.42863296775,-0.26836409825,-0.0061867585,0.28513105099999997,0.07990539400000002,0.518799557,-0.059245956000000016,0.024747034,-0.183213631,-0.40586162174999996,-0.04646012325,-0.109528309,-0.037856343000000015,0.09241079299999999,-0.469134352,0.185840493,-0.8363211724999999,0.08622573774999998,-0.2022586095,-0.07242696800000004,-0.11038547200000004,0.05615806900000009,3.2255252,0.809034438,0.404342089,0.41343348874999997,0.102887735,-0.028663465,0.20405412100000003,0.03740083999999999,-0.150597321,-0.41155094,0.22052489749999998,0.06580701375,0.15630004375,-0.010862735000000012,0.151098915,0.248705075,-0.396664052,-0.625200175
1997.0,1988.0,1.0,0.0,0.0,0.0,0.0,0.0,0.0,0.0,0.0,0.0,-0.50446342575,0.22991975025,0.0039182805,0.21466700099999997,-0.42790491399999997,0.635147271,-0.00024542999999999093,-0.015673122,-0.13675338175,-0.58295714475,-0.147142749,-0.24941541099999998,0.09598988799999998,-0.31188721900000005,0.09119274799999999,0.588570996,-0.815600581,-0.55399797,0.0881789935,0.060604769,-0.13577509099999996,-0.566396519,0.23771159900000005,-0.352715974,0.51320458025,0.18720979599999998,0.05150555075,-0.097395067,0.20293729600000004,-0.393085038,0.08257749799999997,-0.206022203,0.456344648,-0.65899226475,-0.12299550225,-0.04440250100000004,0.675029799,-0.6206395389999999,0.00834092799999997,0.491982009
1998.0,2302.0,1.0,0.0,0.0,0.0,0.0,0.0,0.0,0.0,0.0,0.0,0.07365343799999999,-0.32864571124999997,-0.11734218775,-0.235872302,0.151814188,0.12052952100000003,0.133846362,0.469368751,0.052340302750000005,-0.04604658174999999,-0.0017122895,0.010237299999999998,0.319824541,0.144863305,-0.38489378799999996,0.006849158,-0.783776687,-0.45689939925,-0.1654425755,0.2555131199999999,0.11100054600000009,-0.39966978200000003,0.043857111000000004,0.661770302,0.264077252,0.5059236325,0.20867458475,0.265032316,-0.24353729,0.0013599329999999799,-0.17993888900000005,-0.834698339,-0.06379173025000001,0.369567674,0.136061236,0.927663433,1.235383262,-0.06396205700000002,-0.529512311,-0.544244944
1999.0,2438.0,1.0,0.0,0.0,0.0,0.0,0.0,0.0,0.0,0.0,0.0,-0.31743564750000003,-0.37625882975,0.0847585925,-0.23199500500000003,0.014997855000000001,-0.724820503,0.661227474,-0.33903437,-0.27072274475,-0.57841290975,-0.05764708175,-0.11757690599999998,-0.21783318500000004,0.047610251999999964,-0.6828743110000001,0.230588327,-0.768545158,-0.39299172925,-0.13680788225,0.32855183599999993,-0.06416517599999993,-0.999883531,-0.09057585599999995,0.547231529,0.09095858899999999,0.04606255900000001,0.13311254925,0.417754123,0.072792125,0.362865474,-0.024276828,-0.532450197,0.005050878250000002,-0.37507426,0.01462839,-0.035325088000000004,0.12843780500000002,0.017755792999999992,-1.203566275,-0.05851356
2000.0,2282.0,1.0,0.0,0.0,0.0,0.0,0.0,0.0,0.0,0.0,0.0,-0.08711874925000007,-0.18041974375000003,0.0948636315,-1.286617622,-0.866944923,0.827297207,0.039652782,-0.379454526,-0.359873169,-0.32500021425,0.02066162725,0.37822496000000005,0.27293633,-0.708533263,0.218181304,-0.082646509,-0.8452578115,-0.718874562,-0.1916228665,0.142977574,-0.153588858,0.19256046599999999,0.017876793999999974,0.766491466,0.048100787499999964,0.25066178575,0.1210226235,0.85110734,0.430362682,-0.015149010000000018,0.571658033,-0.484090494,-0.33558601975,0.01463142974999998,-0.12299550225,2.081819548,0.7877037229999999,-0.706372232,0.523787775,0.491982009
2001.0,1050.0,1.0,0.0,0.0,0.0,0.0,0.0,0.0,0.0,0.0,0.0,-0.47235349475,0.13393225125,-0.05671195375,0.022106192000000024,0.11139347300000002,0.56499367,-0.22203816899999998,0.226847815,-0.20617070050000003,-0.51762133825,-0.04646012325,-0.061557842,0.095232288,-0.26599354000000003,0.564559209,0.185840493,-0.7050034405000001,-0.573818403,0.119677156,0.16921831900000006,0.645712915,0.28169029599999995,0.49028369600000005,-0.478708624,0.318335911,-0.03453051224999998,0.10893269775,-0.08530941100000002,-0.020858408999999967,-0.18518801800000004,0.345568009,-0.435730791,0.26067656300000003,-0.6210924642500001,-0.003586537,0.192076879,-0.35053628099999995,-0.9108650770000001,1.08978295,0.014346148
2002.0,589.0,1.0,0.0,0.0,0.0,0.0,0.0,0.0,0.0,0.0,0.0,-0.5358537365,0.13024366475,0.19591402175,-1.421145244,0.04286459600000003,-0.641587712,0.418638839,-0.783656087,-0.1482860345,-0.71984092225,-0.13595579075,-0.24941541099999998,-0.304033605,0.221346726,-0.2945853610000001,0.543823163,-0.8215498175,-0.76137714975,0.75904894975,0.09793566899999995,-0.006130784999999972,0.0072389019999999915,-0.018169698999999984,-3.036195799,0.20136933825,-0.24653644724999998,-0.20238288875,0.820252311,-0.04217699600000002,0.24575213699999998,-0.5487542679999999,0.809531555,0.25562381500000003,-0.7806372500000001,-0.28490596375,1.185443926,-0.501955202,0.14384455399999996,-0.76462501,1.139623855
2003.0,751.0,1.0,0.0,0.0,0.0,0.0,0.0,0.0,0.0,0.0,0.0,-0.04506236400000002,-0.138692677,-0.0162917975,-0.23218005199999997,-0.731335702,-0.02762519499999999,0.27584267900000004,0.06516719,-0.15006460475,-0.601692482,-0.12476883225,0.022310196000000004,0.13984769900000002,-0.086791373,0.04907246700000001,0.499075329,-0.7050034405000001,-0.573818403,0.119677156,0.16921831900000006,0.645712915,0.28169029599999995,0.49028369600000005,-0.478708624,0.059884464750000005,0.27373153175,0.04848306925,-0.119337388,0.10453733300000001,0.275746999,-0.145381954,-0.193932277,-0.32459146075,-0.12862809175,-0.16752087925,0.012771540999999997,0.40606907400000003,-0.07208073100000001,-0.5482151940000001,0.670083517
2004.0,1991.0,1.0,0.0,0.0,0.0,0.0,0.0,0.0,0.0,0.0,0.0,-0.6963759015000001,-0.17211613125,0.0241283585,0.339286941,-0.12471554900000004,0.01595307900000001,0.660427632,-0.096513434,-0.432393531,-0.78823536725,-0.05764708175,0.002509821999999995,-0.040129144000000005,0.5229259940000001,0.178153389,0.230588327,-0.8215498175,-0.32462861174999996,-0.01817843875,0.09793566899999995,-0.006130784999999972,0.032509184999999996,-0.023147304000000007,0.072713755,0.45105218,0.16957944600000002,0.060572995,0.143266562,0.080892028,0.071781554,-0.37431672400000005,-0.24229198,0.412022875,-0.25342083575,-0.0258492255,-0.379273204,-0.215306518,0.5573277000000001,0.154027631,0.103396902
2005.0,2566.0,1.0,0.0,0.0,0.0,0.0,0.0,0.0,0.0,0.0,0.0,-0.62620288525,-0.45256801900000004,-0.228497617,-0.010510127999999952,0.07918112700000002,-0.518700403,-0.5339313830000001,0.913990468,-0.39435079875,-0.24119000675,-0.225451458,-0.241366813,-0.48514684799999996,0.45081512599999995,0.0038136350000000374,0.901805832,-0.87556536,-0.7274797982500001,-0.2022586095,0.219805303,-0.050871082999999984,0.08557677899999994,-0.23209698199999995,0.809034438,0.512834704,0.5612782565000001,0.19053969625,-0.029980005000000032,-0.03361174899999997,0.545372393,0.22775468300000007,-0.762158785,0.49667357149999997,0.5923704972499999,0.06927317075,-0.03794441600000009,-0.818399632,0.396229716,0.22197029099999988,-0.277092683
2006.0,1563.0,1.0,0.0,0.0,0.0,0.0,0.0,0.0,0.0,0.0,0.0,-0.7738110287500001,-0.11231603774999993,-0.06681699275,-0.02934147000000009,0.48407740700000007,0.9366883800000001,-1.343799341,0.267267971,-0.467744107,-0.51865982825,-0.1807036245,0.05450458699999999,-0.39553722700000005,0.171080491,-0.383847604,0.722814498,-0.7988844079999999,-0.5933791847500001,-0.073811557,0.14149020299999993,0.23739801699999996,0.147555337,0.05379096,0.295246228,0.45162723525,0.36354333475,0.160314882,0.16720107099999998,-0.36781620800000003,-0.539175229,0.5134219520000001,-0.641259528,0.46017469525,0.06738555074999997,-0.05013579475,0.10867914199999995,-1.106200247,-1.0869573959999999,0.06318794699999997,0.200543179
2007.0,1684.0,1.0,0.0,0.0,0.0,0.0,0.0,0.0,0.0,0.0,0.0,-0.32372631775,-0.4798269455,-0.238602656,-0.341475854,0.149641385,-0.11085798699999994,-1.118007391,0.954410624,-0.16212983199999997,-0.09108979175,-0.06883404,0.114226831,0.18408430900000003,-0.16655420899999998,-0.169479936,0.27533616,-0.778133851,-0.37914281224999996,-0.2022586095,0.5687680589999999,-0.09163436300000005,0.14124614,0.11830032700000004,0.809034438,0.42540183499999995,0.5409055220000001,0.1996071405,0.305980814,-0.05437192399999996,0.08802412999999998,-0.327039642,-0.798428562,0.25868322600000004,0.581244041,0.14618063975,0.15391564900000004,0.229425027,-0.10743508000000002,0.15658593599999993,-0.584722559
2008.0,1436.0,1.0,0.0,0.0,0.0,0.0,0.0,0.0,0.0,0.0,0.0,-0.524254295,-0.23299552025000003,-0.08702707075,-0.858601911,0.924807373,-0.17881269500000002,0.259939732,0.348108283,-0.506109368,-0.36099984775000005,-0.37088191775,-0.281288683,-0.530898659,0.184198154,-0.03830664699999997,1.483527671,-0.81162321625,-0.6124295934999999,-0.16789697775,0.2524691579999999,0.11406554499999999,0.14116467100000007,-0.018705980999999983,0.671587911,0.3538029365,0.390492881,0.139157512,0.21199816299999996,-0.299579285,0.568569568,0.14215474199999995,-0.556630048,0.21711708475,0.2420045515,-0.25454775225,0.62440564,-0.760641309,1.14736694,-0.22875806200000004,1.018191009
2009.0,1282.0,1.0,0.0,0.0,0.0,0.0,0.0,0.0,0.0,0.0,0.0,0.12476481275000001,-0.03581848725000003,0.0241283585,0.033367988,-0.5918637210000001,-0.501280509,0.11944920400000003,-0.096513434,-0.28542326525,-0.19046053924999998,-0.1023949155,-0.09745541200000002,0.0060014669999999826,-0.038711416,0.175014839,0.409579662,-0.778133851,-0.37914281224999996,-0.2022586095,0.5687680589999999,-0.09163436300000005,0.14124614,0.11830032700000004,0.809034438,0.26042075375,0.2981702745,0.22983195475,-0.229794158,0.38372355300000005,-0.09814799800000001,-0.13971953199999998,-0.919327819,-0.2975454075,0.3040011485,0.2534463205,0.09892421199999996,1.3279786439999999,0.43173237700000006,0.09235807499999998,-1.013785282
2010.0,2087.0,1.0,0.0,0.0,0.0,0.0,0.0,0.0,0.0,0.0,0.0,0.014358216749999986,-0.585160751,0.0645485145,0.680160349,-0.321852392,-0.186243265,-0.24354001100000006,-0.258194058,-0.24104777575,-0.31812836025,-0.04646012325,-0.009563076000000004,0.18408430900000003,0.05198280600000002,0.09056503900000001,0.185840493,-0.70446553925,-0.13578476750000001,-0.2022586095,0.05237915000000004,0.594325571,0.907472497,-0.018169698999999984,0.809034438,0.10659810074999998,0.62868335775,0.13009006775,-0.009657289,0.42952506399999996,0.015942314999999985,0.13362050400000003,-0.520360271,-0.006383750750000028,0.11201746174999999,0.01058062825,-0.5947376360000001,0.120169791,0.288281905,-0.823841398,-0.042322513
2011.0,2699.0,1.0,0.0,0.0,0.0,0.0,0.0,0.0,0.0,0.0,0.0,0.059975236749999994,-0.585160751,0.0645485145,0.497692269,-0.321852392,-0.186243265,-0.24354001100000006,-0.258194058,-0.24104777575,-0.31812836025,-0.04646012325,-0.009563076000000004,0.18408430900000003,0.05198280600000002,0.09056503900000001,0.185840493,-0.7987895195000001,0.34751215375000005,-0.135989748,0.0880641900000001,0.263674042,-0.6333913339999999,-1.4489430030000001,0.543958992,0.13596767899999998,0.62868335775,0.13009006775,-0.12713560200000001,0.42952506399999996,0.015942314999999985,0.13362050400000003,-0.520360271,-0.02348105000000003,0.11201746174999999,0.01058062825,-0.5263484390000001,0.120169791,0.288281905,-0.823841398,-0.042322513
2012.0,1703.0,1.0,0.0,0.0,0.0,0.0,0.0,0.0,0.0,0.0,0.0,0.12476481275000001,-0.03581848725000003,0.0241283585,0.033367988,-0.5918637210000001,-0.501280509,0.11944920400000003,-0.096513434,-0.28542326525,-0.19046053924999998,-0.1023949155,-0.09745541200000002,0.0060014669999999826,-0.038711416,0.175014839,0.409579662,-0.864614935,0.04815192750000008,-0.2022586095,0.06731205500000004,-0.05086823699999998,0.15203049999999996,-0.149817258,0.809034438,0.26042075375,0.2981702745,0.22983195475,-0.229794158,0.38372355300000005,-0.09814799800000001,-0.13971953199999998,-0.919327819,-0.2975454075,0.3040011485,0.2534463205,0.09892421199999996,1.3279786439999999,0.43173237700000006,0.09235807499999998,-1.013785282
2013.0,2682.0,1.0,0.0,0.0,0.0,0.0,0.0,0.0,0.0,0.0,0.0,0.014358216749999986,-0.585160751,0.0645485145,0.680160349,-0.321852392,-0.186243265,-0.24354001100000006,-0.258194058,-0.24104777575,-0.31812836025,-0.04646012325,-0.009563076000000004,0.18408430900000003,0.05198280600000002,0.09056503900000001,0.185840493,-0.76818187825,-0.5764148345,-0.2022586095,-0.19930429000000005,0.038555444999999966,-0.15138757000000003,-0.562861472,0.809034438,0.10659810074999998,0.62868335775,0.13009006775,-0.009657289,0.42952506399999996,0.015942314999999985,0.13362050400000003,-0.520360271,-0.006383750750000028,0.11201746174999999,0.01058062825,-0.5947376360000001,0.120169791,0.288281905,-0.823841398,-0.042322513
2014.0,3096.0,1.0,0.0,0.0,0.0,0.0,0.0,0.0,0.0,0.0,0.0,0.01649499674999999,-0.44099798425,0.18580898275,-0.006817878000000055,0.693285379,0.468681688,0.091548625,-0.743235931,-0.20363452975,-0.4161834865,-0.05764708175,-0.333283448,0.362167151,0.049796529000000034,0.048026283,0.230588327,-0.64362121975,-0.6410893905,-0.11635452975,0.11755109999999991,0.9791596810000001,0.551565647,-0.018169698999999984,0.465418119,0.5120046975,0.35066091224999996,-0.04219137325,0.10977845399999997,-0.076621198,-0.340159367,0.036248664000000014,0.168765493,-0.04993463199999998,0.47332435975000003,-0.02382534475,-0.109329338,-0.22788500000000006,-0.40002799600000005,-0.06467200500000003,0.095301379
2015.0,660.0,1.0,0.0,0.0,0.0,0.0,0.0,0.0,0.0,0.0,0.0,0.41295797850000004,0.37987369575,0.398014802,-0.407078586,0.119843264,0.837343614,0.08115067700000003,-1.592059208,-0.21689523175,-0.39804139625,-0.012899248,-0.149450178,0.22869971900000002,-0.00046970499999998694,0.0036043980000000087,0.051596992,-0.70258362825,-0.4902218785,-0.2022586095,0.07900152399999993,0.235063201,-0.10958407400000003,0.561791886,0.809034438,-0.0026860010000000004,0.015950092500000006,-0.383731774,0.326742376,0.20731152600000002,-0.40830960699999996,-0.105162597,1.534927096,-0.31541413399999996,-0.45076103524999994,-0.54801046375,1.349228719,0.15851225700000002,-0.593285214,-0.256444411,2.192041855
2016.0,1846.0,1.0,0.0,0.0,0.0,0.0,0.0,0.0,0.0,0.0,0.0,-0.40456225025000003,-0.201254616,-0.12744722675,0.358118283,0.18185373200000002,0.06214719099999999,-1.151506865,0.509788907,-0.36608913675,-0.5301473265000001,-0.06883404,0.09040215800000001,-0.12822356499999998,-0.8418417490000001,0.047817047,0.27533616,-0.8225079202500001,-0.72786224025,-0.19898607325,0.16299741199999995,-0.319908733,-0.11658548400000002,-0.007934447000000011,0.795944293,0.42938283775,0.35623882850000005,0.15124743775,0.188941348,0.450936719,-0.487909752,0.20457673200000004,-0.604989751,0.27053848925,-0.06123885400000001,0.19070601675,-0.070249797,-0.34587894399999997,-0.872935712,1.014772438,-0.762824067
2017.0,2410.0,1.0,0.0,0.0,0.0,0.0,0.0,0.0,0.0,0.0,0.0,0.49867740825,0.78645292575,0.15549386575,0.06598430799999999,-0.016007378999999988,1.261772033,-0.64172228,-0.621975463,-0.11626842575,0.2322168,-0.13595579075,-0.06558214,0.362924751,0.33718313299999997,-0.772136555,0.543823163,-0.7648936392500001,-0.34112998775000003,-0.170760447,0.17288164400000006,0.22272892700000002,0.128025454,-0.135778067,0.683041788,-0.16344490124999997,0.25774113775,0.096842772,-0.11494892400000001,0.030713362999999994,0.49584556600000007,-0.345449281,-0.387371088,-1.1512418660000001,-0.9242037542500001,0.06927317075,-0.34156365299999997,-1.351892841,-2.110012059,0.47791234399999993,-0.277092683
2018.0,2655.0,1.0,0.0,0.0,0.0,0.0,0.0,0.0,0.0,0.0,0.0,-0.5957729285,0.08571366124999996,0.15549386575,-0.29624362400000004,0.17702527999999995,0.40375976299999994,-0.30503396,-0.621975463,-0.27192043075,-0.8984786730000001,-0.13595579075,-0.197420645,-0.127844764,-0.49327566199999995,0.7393174360000001,0.543823163,-0.80789237725,-0.582418536,-0.16462444125,0.14370441499999997,-0.08101029999999998,0.22589908299999995,-0.12832197899999997,0.658497765,0.35976849675,0.07937822849999998,0.096842772,0.012184009999999995,-0.245491733,-0.69066928,0.08832112999999997,-0.387371088,0.44578560824999997,-0.44397713250000004,0.06927317075,0.5879454279999999,-0.29504471499999996,-1.020746154,1.3163446040000002,-0.277092683
2019.0,2637.0,1.0,0.0,0.0,0.0,0.0,0.0,0.0,0.0,0.0,0.0,-0.4580449375,-0.5625292977499999,-0.0263968365,-0.17783911600000002,0.318911488,-1.167976733,0.13464620399999994,0.105587346,-0.11911078625,-0.0466643375,-0.0240862065,0.162197298,-0.303654805,0.100062763,-0.083565479,0.096344826,-0.31615814200000003,-0.329481693,-0.08444730025,-0.054197302,0.05463667,-0.08879826899999999,0.12469946300000001,0.337789201,0.3230828955,0.57029927525,0.18751721475,0.18289852000000006,-0.38727342,0.343067143,0.12182153600000001,-0.750068859,0.400280611,0.45419744075,0.03689107825,0.378231655,-0.203130569,1.228079077,0.11699548599999998,-0.147564313
2021.0,2715.0,1.0,0.0,0.0,0.0,0.0,0.0,0.0,0.0,0.0,0.0,-0.04977793975,-0.32735539824999993,-0.17797242175,0.6360971870000001,0.31818722,-0.526547917,0.403535734,0.711889687,-0.21480826074999998,-0.026036193250000006,-0.04646012325,-0.205469243,-0.08322935399999998,-0.12175366700000001,-0.21306487400000002,0.185840493,-0.31615814200000003,-0.329481693,-0.08444730025,-0.054197302,0.05463667,-0.08879826899999999,0.12469946300000001,0.337789201,0.159866403,0.4192035262499999,0.11195517925,-0.17368808,-0.10901788800000001,0.5445422959999999,0.05133943299999999,-0.447820717,-0.03195782750000001,0.10053687450000001,0.075344813,-0.272256145,-0.342076279,0.002880110000000005,-0.6959464,-0.301379252
1985.0,2200.0,0.0,1.0,0.0,0.0,0.0,0.0,0.0,0.0,0.0,0.0,-0.39153851424999997,-0.72642359925,-0.279022812,-0.23334912,0.17919808300000006,-0.18755118400000004,-0.27623964300000003,1.116091248,-0.37025098725,-0.47421220475,-0.12476883225,-0.4651219529999999,0.0044862660000000165,-0.13377819099999994,0.176479496,0.499075329,-0.29558532400000004,-0.28372009600000003,-0.02881418175,-0.255865313,-0.874519267,0.113734479,0.837306001,0.115256727,-0.7066486475,-1.2675239685,-0.1147309275,-1.3644717210000001,-1.220550917,1.849987583,-0.5571260849999999,0.45892371,-0.71474640675,-0.9369338795,-0.1918074485,-1.413782253,-0.633803386,0.496867754,-0.4585320039999998,0.767229794
1986.0,2322.0,0.0,1.0,0.0,0.0,0.0,0.0,0.0,0.0,0.0,0.0,-0.45123745525000003,-0.5239174772499999,-0.0061867585,-0.36923085600000005,-0.260324769,0.258220885,0.705924738,0.024747034,-0.29262542950000003,-0.473259932,-0.147142749,-0.42117578499999997,0.005622667000000026,-0.08788451100000005,0.305978891,0.588570996,-0.03149927975,-0.5160094465,-0.1916228665,-0.305369332,1.3792229010000001,-0.05665594000000007,-0.12028661600000001,0.766491466,0.11960476875000003,-0.6870976375000001,0.17240480775,0.9997437480000001,-0.865493215,0.607148222,2.3088937339999998,-0.689619231,0.05278990299999997,-0.310531683,0.25142243975,0.9554226319999999,-0.20695178800000003,0.551231279,1.659808333,-1.005689759
1987.0,2062.0,0.0,1.0,0.0,0.0,0.0,0.0,0.0,0.0,0.0,0.0,-0.509852966,-0.5757989322500001,-0.16786738275,-0.029526516000000003,-0.22859526800000007,0.43556676600000005,0.13704573100000006,0.671469531,-0.28223551925,-0.34332421675,-0.147142749,-0.245391112,-0.21707558500000002,-0.26271412400000005,0.13289455700000002,0.588570996,-0.07063905825,0.017328305749999995,-0.17321484925,-0.19662279900000001,0.262779962,-0.378409329,0.567229652,0.692859397,0.23250094799999993,-0.854662895,-0.018011522,-0.718577804,0.65108712,-1.009664591,1.899330735,0.072046088,-0.008495646499999954,-0.76919213875,-0.15335371375,-1.1414598519999999,-0.35948553200000005,-0.64170063,0.23065022700000004,0.613414855
1988.0,2244.0,0.0,1.0,0.0,0.0,0.0,0.0,0.0,0.0,0.0,0.0,-0.35873038425000003,-0.50272738775,-0.238602656,-0.36923085600000005,-0.698157665,0.32837448500000005,0.5519307880000001,0.954410624,-0.31550767725,-0.31913294225,-0.0800209985,-0.245391112,-0.17321777500000002,0.006089126,0.047189337,0.320083994,-0.059644825250000005,0.25981482925,0.0787704515,-0.04324149399999999,1.043645631,-0.650900768,1.012692467,-0.315081806,-0.15568033399999998,0.31653029675,0.09079780925,-0.5479643169999999,-0.351340119,-0.549074395,-0.559239142,-0.363191237,-0.32570098724999996,-0.11492543724999998,0.02879555525,-0.950834172,-0.328574963,-0.35060686599999996,0.059928736999999996,-0.115182221
1989.0,2351.0,0.0,1.0,0.0,0.0,0.0,0.0,0.0,0.0,0.0,0.0,-0.15548984725,-0.48944321425000004,-0.268917773,-0.23334912,-0.290364313,-0.5714341110000001,-0.9967130739999999,1.075671092,-0.30428121375,-0.39661223349999997,-0.03527316475,-0.28933728000000003,-0.172838975,-0.217913582,-0.03872512,0.141092659,-0.3587738325,-0.20265278825,0.08245205475,-0.050545366000000036,0.006072876000000005,0.298676324,1.289387217,-0.329808219,0.20965452399999998,-0.8816778412499999,0.14822495625,-0.365164151,-0.289338801,-1.609437835,1.7394556939999999,-0.592899825,-0.22245945625000002,-0.672608156,0.075344813,-1.304853293,-0.17828942,-0.6178973730000001,1.0581946990000002,-0.301379252
1990.0,2235.0,0.0,1.0,0.0,0.0,0.0,0.0,0.0,0.0,0.0,0.0,-0.39137596524999996,-0.348375993,-0.228497617,-0.029526516000000003,0.0433474410000001,-0.097778796,0.05884899199999999,0.913990468,-0.22658938750000002,-0.28713599624999997,-0.13595579075,-0.113552607,0.22756331900000001,-0.08241881899999998,0.08993732800000004,0.543823163,0.2720447977499999,-0.16785512625,0.05504456275,-0.06434156800000002,-0.05755368299999997,0.13351049000000004,-0.344327865,-0.220178251,0.21135758224999998,-1.4113006295,-0.2658549985,-0.121430598,0.036951891000000014,0.18942762199999996,0.09227654400000018,1.063419994,0.2677605615,-0.5644560347500001,-0.203950733,0.07491353700000003,-0.24813697499999998,0.21118016,0.24500749700000013,0.815802932
1993.0,2660.0,0.0,1.0,0.0,0.0,0.0,0.0,0.0,0.0,0.0,0.0,-0.5449564415,-0.7440096432500001,-0.289127851,-0.980698669,-0.22569819700000004,-0.210202753,-0.26744137999999995,1.156511404,-0.337101961,-0.34052863099999997,-0.20307754125,-0.333283448,0.18219030800000002,-0.03761827699999998,0.09056503900000001,0.812310165,0.2028477555,-0.0840101215,-0.12903560825,1.788407206,0.509807998,0.258797485,0.08393689900000001,0.516142433,-0.3167793244999999,-0.8156725822500001,-0.28096740575,-1.3400983649999998,-0.8118710069999999,1.137063577,-1.019235674,1.123869623,0.03742358075000002,-0.51220130175,-0.06430296,-0.8328277980000001,-0.03904644900000004,0.33975495,0.339597025,0.25721184
1994.0,2461.0,0.0,1.0,0.0,0.0,0.0,0.0,0.0,0.0,0.0,0.0,-0.18025563500000003,-0.28074167175,0.0241283585,0.242236957,-0.393761187,0.012029321999999981,-0.398333803,-0.096513434,-0.4479491555,-0.5611006274999999,-0.0240862065,-0.4651219529999999,0.04758647699999996,-0.22337927399999996,0.004859818000000016,0.096344826,-0.38831583575,-0.40323572425000004,-0.1392622845,-0.38165421400000005,0.421199581,-0.05000905,0.418607153,0.557049138,-0.009730852750000019,-0.94757383875,-0.10264100175,-1.3644717210000001,0.10276902800000004,-0.20233914699999997,-0.669249918,0.410564007,-0.08993240525000001,-0.4174568355,-0.04608803325,-1.73149172,-0.729030947,-0.625344632,-0.11102619199999997,0.184352133
1995.0,2267.0,0.0,1.0,0.0,0.0,0.0,0.0,0.0,0.0,0.0,0.0,0.06446819300000001,-0.32202633875000003,-0.19818249975,0.038414352,-0.28819151,-0.21935818699999998,-0.21483959,0.792729999,-0.127034925,-0.2353628835,-0.05764708175,-0.06960643899999999,-0.037477543,-0.04199083200000003,0.26092929600000003,0.230588327,-0.52357410975,-0.110446679,0.083679256,-0.32403478199999997,0.026363455000000036,0.129659452,0.77497851,-0.334717024,-0.6388918075000001,-0.5481679265,-0.27492244275,-1.011058068,-0.28915558799999996,-0.292026368,-1.162624642,1.099689771,-0.22473563625,0.0841824045,0.07736869375,-0.769285905,-0.791483716,-0.822034266,-0.657512444,-0.309474775
1996.0,2344.0,0.0,1.0,0.0,0.0,0.0,0.0,0.0,0.0,0.0,0.0,-0.23988347625,-0.367101723,-0.248707695,-0.23334912,-0.224008239,0.546682804,-0.211640222,0.99483078,-0.3590971345,-0.483127076,-0.12476883225,-0.4651219529999999,0.04910167700000001,0.17763932300000002,0.176897969,0.499075329,-0.3392112335,-0.43805943849999995,-0.08444730025,-0.271284598,0.161575758,-0.598098633,0.330311113,0.337789201,0.13920679000000002,-0.14979195774999998,0.08777532775,-0.63327106,0.30524614600000005,0.612395171,-0.725223658,-0.351101311,0.362329806,0.3551244842499999,0.28582841275,0.13845543,0.08372865799999996,1.051897771,-0.591287002,-1.143313651
1997.0,2518.0,0.0,1.0,0.0,0.0,0.0,0.0,0.0,0.0,0.0,0.0,-0.2562836545,-0.38227748175000004,-0.10723714875,-0.09746738399999999,0.11308343200000004,-0.419355637,0.29103968,0.428948595,-0.44778184499999996,-0.47342578275,-0.05764708175,-0.509068121,0.09220188699999998,-0.00046970499999998694,0.04739857400000003,0.230588327,-0.23021408625000003,-0.12005695174999997,0.0272280035,0.017624102999999974,-0.6158555520000001,0.35609817,0.6354591430000001,-0.108912014,0.013289282749999964,-0.7179515195000001,-0.39279921825,0.219796377,0.16504662800000003,-1.220663089,-0.2516538749999999,1.571196873,0.02830428275000002,-0.043451460250000004,-0.03596862925,0.256461804,0.770938599,0.298649306,0.477702073,0.143874517
1998.0,2404.0,0.0,1.0,0.0,0.0,0.0,0.0,0.0,0.0,0.0,0.0,-0.07127728524999999,-0.8422812605,-0.0263968365,-0.23334912,-0.5594099509999999,-1.3213631259999998,-0.085546852,0.105587346,-0.35892982399999995,-0.58119957225,-0.0800209985,-0.509068121,0.09371708700000003,-0.26490040099999995,-0.12359339400000002,0.320083994,-0.34605948325,0.10049158275000003,-0.144989223,-0.194999716,0.361176681,1.170131379,-0.026191848000000018,0.579956892,-0.10453813274999998,-0.18892787349999995,0.081730365,-0.608897705,0.544959528,0.08470374199999997,0.09205998400000001,-0.32692146,0.2153085355,0.18023920850000003,0.06320152825,-0.10663472999999998,0.18612796400000003,-0.24011370099999998,-0.45927983099999997,-0.252806113
1999.0,2376.0,0.0,1.0,0.0,0.0,0.0,0.0,0.0,0.0,0.0,0.0,-0.628189252,-0.48554349274999997,-0.13755226575,-0.4711421579999999,0.3455711159999999,0.08218292299999999,-1.073310128,0.550209063,-0.3369346505,-0.30818158274999996,-0.19189058275,-0.377229617,0.22680571900000002,0.182011876,-0.34068113899999997,0.767562331,0.13585441,-0.000665453000000038,-0.19571353675,0.30247509699999997,-0.246806573,0.121467624,0.04995868999999997,0.782854147,-0.51094847,-1.423799528,0.0424381065,-0.803884548,-0.705467134,-0.2914936360000001,-0.8390274280000001,-0.169752426,0.011337702249999998,-0.3661781505,0.15225228225,-0.006783183999999998,0.229703733,-0.09550920099999999,-0.29680585700000006,-0.609009129
2000.0,2646.0,0.0,1.0,0.0,0.0,0.0,0.0,0.0,0.0,0.0,0.0,-0.4173969915,-0.18140542725,-0.339653046,-0.131437818,-0.564721248,0.44341428000000005,-0.253937959,1.358612184,-0.3263269085,-0.203092653,-0.06883404,-0.333283448,-0.12860236400000002,-0.04199083200000003,0.303677288,0.27533616,-0.22211376300000002,-0.13130257,-0.065630216,-0.08706472400000004,0.40498248400000003,-0.26115200699999996,0.626941533,0.262520864,-0.269714491,-0.550960905,-0.02405648475,-0.706391126,1.10817154,-0.526895228,0.9600478579999999,0.096225939,0.22119071575,0.10593310225000001,0.136061236,0.038603883000000005,1.195034192,-0.272785208,0.415401701,-0.544244944
2001.0,2393.0,0.0,1.0,0.0,0.0,0.0,0.0,0.0,0.0,0.0,0.0,-0.21396761425,-0.004206263000000002,-0.0162917975,0.140325655,-0.15741074199999994,0.314878349,0.430636471,0.06516719,-0.31565289825,-0.27833898925,0.00947466875,-0.157498776,-0.084744555,0.090224517,0.304304998,-0.037898675,-0.37000208475,-0.30522927325000004,0.1053598095,-0.41086970000000006,-0.042124259,0.03988108000000001,0.927482515,-0.421439238,-0.16394650125000002,-0.4007880575,0.102887735,-0.523590961,-0.025793976000000024,1.0610191859999998,1.025233384,-0.41155094,0.010694165749999998,-0.24085971624999997,0.241303036,-0.22464110399999998,0.736206809,-0.918865101,1.359544718,-0.965212144
2002.0,2066.0,0.0,1.0,0.0,0.0,0.0,0.0,0.0,0.0,0.0,0.0,-0.60313243025,-0.537608561,-0.07692203175,-0.607023894,0.24507131300000007,0.14448900899999995,-0.470931645,0.307688127,-0.281711498,-0.331525203,-0.091207957,-0.333283448,0.04985927800000001,-0.04089769300000001,0.04677086300000005,0.364831828,-0.09216229025,-0.390433712,-0.17280578225,0.08092432399999999,-0.15466761899999998,-0.135519726,0.012831939999999986,0.691223129,0.21329758825,-1.12790189025,-0.3444395155,-0.03612385399999998,-0.19829419099999998,0.8282647970000001,-0.6446766639999999,1.377758062,0.16472286625,-0.60252070175,-0.16752087925,-0.03401542399999999,-0.756925361,0.556489137,-0.06887743800000001,0.670083517
2003.0,2086.0,0.0,1.0,0.0,0.0,0.0,0.0,0.0,0.0,0.0,0.0,-0.40872960375,-0.27211192599999995,-0.319442968,-0.4711421579999999,0.21358323300000004,0.123145359,-0.32173674899999993,1.277771872,-0.2598110245,-0.22264221325,-0.05764708175,-0.201444944,0.09409588800000002,0.26942668300000006,0.08889114599999999,0.230588327,-0.134714834,-0.16834060574999998,0.20435403475,0.212394013,-0.634075385,0.043544762000000015,-0.244440615,-0.817416139,-0.40716422649999995,-1.4437600747499997,-0.583215548,-0.718577804,0.908486484,-0.65794876,-0.3366714129999999,2.332862192,-0.33640070749999995,-0.6166975084999999,-0.18573580625,-1.1414598519999999,1.583698204,-0.190199132,-0.06304804600000002,0.742943225
2004.0,2569.0,0.0,1.0,0.0,0.0,0.0,0.0,0.0,0.0,0.0,0.0,-0.5101858375,-0.6823012085000001,-0.238602656,-0.57305346,0.24627842600000005,-0.05509149599999996,0.47213436599999997,0.954410624,-0.31507835575,-0.47491288600000003,-0.11358187375,-0.333283448,0.004865067000000001,-0.13487132999999996,0.348517646,0.454327495,-0.0022615337500000027,0.23972100124999998,0.12744943,0.5686606409999999,-0.574665998,0.034325452000000006,0.04188730299999999,-0.50979772,-0.036788211249999994,-1.22990890375,0.118000142,-0.218924019,-0.520210654,0.7423212400000001,-1.1437138089999999,-0.472000568,-0.24843307125000003,-0.43801531675,0.03689107825,-1.6770272400000001,-0.732276201,1.4805720629999999,-0.327377796,-0.147564313
2005.0,2715.0,0.0,1.0,0.0,0.0,0.0,0.0,0.0,0.0,0.0,0.0,-0.087377171,-0.35994981449999996,0.0241283585,0.140325655,-0.25694485300000003,0.29264372499999997,0.091548625,-0.096513434,-0.34820529275,-0.53729617875,-0.06883404,-0.42117578499999997,-0.03975034399999999,0.04433083700000007,-0.42554941399999996,0.27533616,-0.42284783949999993,-0.22850476525000002,-0.07953849575,-0.46118526099999996,0.235421179,-0.374083641,-0.42595146800000006,0.318153983,-0.5950494449999999,-0.47169275424999996,-0.41395658825,-1.1207381669999998,-1.400871831,0.996001424,-0.8278379349999999,1.655826353,-0.33200879975,-0.12255532024999999,-0.05013579475,-0.8328277980000001,-0.711640249,0.759245529,-0.04213731,0.200543179
2006.0,2649.0,0.0,1.0,0.0,0.0,0.0,0.0,0.0,0.0,0.0,0.0,-0.11318158050000002,-0.44322074675,0.0443384365,-0.131437818,-0.357686078,0.21464261099999993,0.35723878600000003,-0.177353746,-0.30401920325,-0.39649306075,-0.05764708175,-0.333283448,-0.03937154300000001,0.04651711399999997,0.13331303100000003,0.230588327,-0.39590927800000003,-0.0987057855,0.0632259035,-0.35162718600000004,0.19611513200000003,-0.048556538,0.391915958,-0.252903614,-0.35968732775,-0.8060438867499999,-0.2930573315,-0.852631258,-1.470970127,-1.064783187,-1.0203463419999999,1.172229326,-0.09029737574999999,-0.5103222467499999,-0.11692386,-0.37895713099999995,-0.472753976,-0.586498542,-0.247460945,0.46769544
2007.0,2773.0,0.0,1.0,0.0,0.0,0.0,0.0,0.0,0.0,0.0,0.0,-0.518525156,-0.5371004845,-0.238602656,-0.30128998799999995,-0.058842320000000004,0.43556676600000005,-0.16774280000000003,0.954410624,-0.2932725825,-0.45140341475,-0.091207957,-0.201444944,-0.03975034399999999,0.0006234340000000338,0.219645961,0.364831828,0.06691323925,-0.19597434950000003,0.03377307625,0.02655105699999999,0.39252102,-0.7589513800000001,0.42615402599999996,-0.135092305,-0.3933702254999999,-0.1209268885,-0.039168892,0.12230295600000002,1.023920948,0.262073169,-0.5662968669999999,0.156675568,-0.38341701000000006,0.11739713275000001,0.117846309,-0.043092836999999995,1.170923889,0.170913079,0.470856368,-0.471385236
2008.0,2649.0,0.0,1.0,0.0,0.0,0.0,0.0,0.0,0.0,0.0,0.0,-0.23150860749999996,-0.13166009875,-0.279022812,-0.674964762,0.385750408,-0.01977768099999999,-0.51562891,1.116091248,-0.5140357182499999,-0.3533265955,-0.11358187375,-0.684852794,0.0029710670000000494,0.04651711399999997,-0.039352830000000005,0.454327495,-0.39516546025000004,-0.08327745050000002,-0.04517686375,0.361717611,-0.18977868399999998,-0.7235032530000001,-0.279046613,0.180707455,0.007252941500000026,0.023570266250000027,-0.404889144,0.00043617900000000875,-0.923861929,-0.551643141,-0.7696559940000001,1.619556576,0.1192592965,-0.234686392,-0.361813433,0.32908111,-0.8736124940000001,0.466711938,-0.48556436999999997,1.447253732
2009.0,2766.0,0.0,1.0,0.0,0.0,0.0,0.0,0.0,0.0,0.0,0.0,-0.34956609025,-0.304124905,-0.0263968365,-0.199378686,-0.158135009,0.038604647999999964,-0.09994401,0.105587346,-0.40361784525,-0.461734203,-0.1023949155,-0.4651219529999999,-0.04050794400000002,0.045423975000000005,0.219855197,0.409579662,-0.074654796,-0.216148786,0.2293071245,0.07362045199999998,-0.044723146000000005,-0.053151048000000006,0.885685084,-0.917228498,-0.20796836074999997,-0.05201039824999999,0.16938232625,-0.852631258,0.9607126610000001,0.28371960399999996,0.690866661,-0.677529305,-0.3055282385,0.07502333425000002,0.18665825525,-0.887292279,1.007626279,0.5267674330000001,1.321391124,-0.746633021
2010.0,2784.0,0.0,1.0,0.0,0.0,0.0,0.0,0.0,0.0,0.0,0.0,-0.42586182325,-0.28208647875,-0.16786738275,-0.4711421579999999,-0.056910938999999994,0.123145359,-0.13184379999999996,0.671469531,-0.47018424999999997,-0.49500901525,-0.1583297075,-0.509068121,-0.08588095500000004,-0.00046970499999998694,0.133731504,0.63331883,0.18428259825,0.10569069025,-0.091810507,0.359282987,-0.6235190420000001,0.564013433,-0.0006570300000000029,0.367242028,0.08483178200000002,0.038859155249999985,0.07266292075,-0.5845243499999999,-0.411570206,-0.12988150999999998,-0.723327161,-0.290651683,0.14620824949999994,0.396304008,-0.03192086775,-0.805595558,0.21468506199999998,0.150434413,-0.521369931,0.127683471
2011.0,2926.0,0.0,1.0,0.0,0.0,0.0,0.0,0.0,0.0,0.0,0.0,-0.3492039565,-0.1237212,-0.12744722675,-0.199378686,0.24724411599999996,0.34799327199999996,-0.172541852,0.509788907,-0.54714056525,-0.6495256467499999,-0.2366384165,-0.7287989619999999,0.09144428700000007,-0.271459232,0.13414997699999998,0.946553666,0.07470251225000002,-0.2549849025,-0.1494889605,0.43232170400000003,-0.210366905,-0.11591424500000003,1.1395715929999999,0.597955842,-0.17927658925,-0.19310158775,-0.039168892,-0.962311358,0.937346563,0.312508549,-0.424885606,0.156675568,-0.31144411799999994,0.07444453750000002,0.14618063975,-0.950834172,1.13315739,0.408274245,0.415506837,-0.584722559
2012.0,2392.0,0.0,1.0,0.0,0.0,0.0,0.0,0.0,0.0,0.0,0.0,-0.40911654325,-0.4810631735,-0.19818249975,-0.640994328,0.045278821000000025,-0.133509556,-0.12464522,0.792729999,-0.31469321375,-0.37407672825,-0.1583297075,-0.509068121,-0.08322935399999998,-0.172019902,0.004441345000000041,0.63331883,0.19334271275000003,0.08401384500000003,0.066907507,0.8397154330000001,-0.320927734,0.16867633099999998,-0.47636688699999996,-0.267630028,-0.39802464775,-0.36735454175000004,-0.404889144,-0.9501246799999999,-1.526825985,0.9361211549999999,-0.7696559940000001,1.619556576,-0.21580216924999998,-0.26916776475000004,-0.38002836,-0.37895713099999995,0.10445132799999995,0.644017608,-0.49335629700000005,1.52011344
2013.0,2897.0,0.0,1.0,0.0,0.0,0.0,0.0,0.0,0.0,0.0,0.0,-0.2481950175,-0.27056883625,-0.08702707075,-0.26731955399999996,-0.021318676000000036,0.08087500400000003,0.318940259,0.348108283,-0.33695674,-0.539097137,-0.06883404,-0.42117578499999997,0.09371708700000003,-0.0900707879999999,0.39231182200000003,0.27533616,-0.35062448675,-0.3010986205,0.19617269375,-0.220969038,-0.11701231099999998,-0.149139462,0.652655746,-0.784690775,-0.65159904225,-0.5880812124999999,-0.00894407775,-1.2791649770000002,-1.2884155659999998,0.193922928,0.17015514600000003,0.035776311,-0.36308191525,-0.43831335475,-0.0157298215,-0.8328277980000001,-0.647496691,-0.02947593500000001,0.05863206200000001,0.062919286
2014.0,2703.0,0.0,1.0,0.0,0.0,0.0,0.0,0.0,0.0,0.0,0.0,-0.22263054525,-0.11498330300000001,0.0039182805,-0.23334912,0.18161230900000003,0.05299175800000001,0.468934998,-0.015673122,-0.30375719275,-0.3413122375,-0.0240862065,-0.377229617,0.09409588800000002,0.004995987000000035,0.13331303100000003,0.096344826,-0.25684593624999996,-0.55203180375,0.2387156665,0.13529758999999997,-0.403074073,0.045672739999999934,-0.30147108499999997,-0.954862666,-0.21119764700000002,-0.7402847029999999,-0.2144728145,-0.352977474,0.132743006,-0.074950824,-0.017977861999999956,0.857891258,-0.27119157225,-0.70417590875,-0.22418954075,-0.496963504,-0.273188667,-0.272785208,-0.466429067,0.896758163
2015.0,4240.0,0.0,1.0,0.0,0.0,0.0,0.0,0.0,0.0,0.0,0.0,-0.41751324599999995,-0.06343916825000001,-0.09713210975,-0.8448169329999999,0.417479909,-0.375777363,0.016551255999999986,0.388528439,-0.392296682,-0.42005202525,-0.0017122895,-0.509068121,0.048722877,0.08694510099999997,0.26197548,0.006849158,-0.07313605374999993,-0.29333101675,0.0260008025,1.294990099,-0.37790043800000006,0.309636301,1.06575472,-0.10400321,-0.63166677775,-1.93830599175,-0.483473661,-0.803884548,-0.5800713909999999,1.3447416870000002,-0.42706673800000017,1.933894644,-0.13999505575,-0.63979068575,-0.203950733,-0.469731264,-0.289551259,0.581880535,-0.57355351,0.815802932
2016.0,2744.0,0.0,1.0,0.0,0.0,0.0,0.0,0.0,0.0,0.0,0.0,-0.24764552925,0.2241611385,-0.03650187575,0.10635522,0.01113509299999993,0.09526211300000001,-0.03454474499999999,0.146007503,-0.14865129875,0.026603451249999993,-0.012899248,-0.201444944,0.184841909,-0.167647348,0.04446926100000001,0.051596992,-0.20440104800000003,-0.2074906365,-0.038222724,-0.31348474500000006,0.208202409,0.065563013,1.219289743,0.152890896,-1.3983142427500002,-2.19421524975,-0.2930573315,-1.8519388280000002,-0.7287430890000002,-0.4944720740000004,0.07239039299999983,1.172229326,-0.6250528052500001,-0.50441795275,-0.08049400625,-1.350240359,0.243867732,-0.04397683000000008,0.089379227,0.321976025
2017.0,2773.0,0.0,1.0,0.0,0.0,0.0,0.0,0.0,0.0,0.0,0.0,-0.13785923599999997,-0.381187132,-0.238602656,0.038414352,0.114290544,0.446030118,-0.509230172,0.954410624,-0.1266782145,-0.14574292275,-0.06883404,-0.113552607,0.184841909,0.184198154,0.04572468099999999,0.27533616,-0.281206424,0.015801886749999966,0.05504456275,-0.319165534,-0.36726755,-0.266076699,-0.14170839799999999,-0.220178251,-0.40462058175000004,0.15966457674999998,-0.1721580745,-1.2913516550000002,0.9958083440000001,-0.804117407,-0.541723612,0.688632298,-0.46369344149999997,-0.34323086399999997,-0.08454176775,-1.976581881,0.8818164610000001,-0.967941106,2.073376236,0.338167071
2018.0,2532.0,0.0,1.0,0.0,0.0,0.0,0.0,0.0,0.0,0.0,0.0,-0.408334891,-0.25042577675,-0.18807746075,-0.165408252,0.178715238,0.37456859800000003,-0.210840379,0.752309843,-0.34835051375,-0.37740432875,-0.03527316475,-0.333283448,0.048722877,-0.309700943,0.391056402,0.141092659,-0.22208539075,-0.2850332035,0.02109199775,-0.23314215700000002,-0.012990392000000003,-0.08660979499999993,1.148414141,-0.084367991,0.005446502249999999,-0.08167116799999999,0.1210226235,-0.182363986,0.017680817,-0.098335909,-0.40642182699999996,-0.484090494,-0.5382560555,0.5623567992499999,-0.1391865485,-1.849498094,-0.21160912399999998,-2.784530151,-0.199482798,0.556746194
2019.0,2649.0,0.0,1.0,0.0,0.0,0.0,0.0,0.0,0.0,0.0,0.0,-0.65382185325,-0.25779050724999997,-0.04660691475,-0.640994328,0.2782493509999999,-0.14397290899999993,0.125048098,0.186427659,-0.42532891875,-0.38481321925,-0.11358187375,-0.596960458,0.09295948700000001,0.003902848999999986,-0.12484881399999997,0.454327495,0.1332136705,-0.32483986175,-0.16748791075,-0.04567611799999999,-0.31032899399999997,0.135270488,-0.03552361100000001,0.669951643,-0.663539942,-0.10407983400000001,0.039415625,-1.401031754,-0.22305924600000004,-0.19977040000000001,-0.050299526000000004,-0.1576625,0.1975106665,0.5761863705000001,0.03689107825,-0.10663472999999998,-0.073499532,-0.031724662999999986,-0.5985182050000001,-0.147564313
2021.0,2715.0,0.0,1.0,0.0,0.0,0.0,0.0,0.0,0.0,0.0,0.0,-0.8996709494999999,-1.6287257565000002,-0.39017824125,-1.116580405,-0.027595662999999826,-0.2572878390000002,0.651723263,1.560712965,-0.7906407275,-0.78869187275,-0.20307754125,-1.124314476,-0.1331479659999999,0.08147940799999998,-0.338379537,0.812310165,-0.6014649215,-0.6266624697500001,-0.19407726875,-0.581293372,0.04869376400000003,0.06689289099999995,-0.199185092,0.776309075,-0.4150579685,-0.42035327675,-0.2144728145,-0.828257903,1.009120097,0.12285912000000002,-0.943673553,0.857891258,-0.315957783,-0.24141674324999998,-0.1654969985,-0.7965181450000001,-0.03278503899999996,0.294230012,-0.911199723,0.661987994
1990.0,2173.0,0.0,0.0,1.0,0.0,0.0,0.0,0.0,0.0,0.0,0.0,-0.14653142575,0.2013481675,0.1150737095,-0.23334912,0.284043493,-0.228930565,0.15774773100000003,-0.460294838,0.44889637299999996,1.010451699,0.2891486295,0.501693748,-0.07451695000000003,0.035603865999999984,-0.1321720959999999,-1.156594518,0.75257447175,0.01885824125000002,-0.18671406175,1.878488289,-0.05054581400000002,1.2270743499999999,-0.04889346700000008,0.746856247,0.5473761260000001,0.5849347,0.0273256995,0.548836674,-0.14532346399999996,0.2628248099999999,-0.07445279599999999,-0.109302798,0.6987698487499999,0.31021418675,-0.03192086775,0.7466421249999999,-0.052355776000000076,0.40030388400000005,-0.372622411,0.127683471
1991.0,1377.0,0.0,0.0,1.0,0.0,0.0,0.0,0.0,0.0,0.0,0.0,0.17480397474999998,0.41470246450000003,0.0241283585,0.344148259,-0.15258228999999998,0.10964922299999996,0.0037537810000000116,-0.096513434,0.6473959825,1.108034258,0.34508342175,1.072993934,0.05970808000000005,-0.09551834300000006,-0.4772945809999999,-1.380333687,0.6683886277500001,-0.53080607875,-0.03167765125,0.14341300299999998,0.46729924199999995,-0.05809671399999994,0.562069033,0.126710605,0.44830657275,0.19210781875000002,0.21169706625,0.25635641,0.539375405,-0.441781769,0.260415122,-0.846788265,0.526429563,0.26898755099999994,0.1846343745,0.28369404400000003,-0.14172445999999994,-0.10995077099999999,-0.009182293000000008,-0.738537498
1993.0,2132.0,0.0,0.0,1.0,0.0,0.0,0.0,0.0,0.0,0.0,0.0,0.38673373350000007,0.12287377149999998,0.0443384365,0.785763901,0.05155580900000001,-0.203663158,0.07875114999999999,-0.177353746,0.49259627825,0.64739198325,0.18846600375,0.94115543,0.368606753,-0.19823708900000003,0.29949255600000013,-0.753864015,0.18975355524999998,-0.30136155975,-0.0701299535,-0.12033791700000002,-1.312302094,-0.54453119,-0.24748588299999996,0.280519814,0.23714228774999999,0.56562492175,0.1210226235,-0.24329737499999998,-0.121026678,0.12361076199999999,-0.375739097,-0.484090494,0.3473828065,0.30617818700000005,0.038914959,-0.22464110399999998,-0.024095940000000038,0.15086852699999997,0.146796429,-0.155659836
1994.0,2108.0,0.0,0.0,1.0,0.0,0.0,0.0,0.0,0.0,0.0,0.0,0.29293290250000004,0.35181060099999995,0.1150737095,0.853704769,-1.064806033,-0.042429251,-0.11114179899999999,-0.460294838,1.06764684425,1.3511780070000001,0.40101821375,1.644294121,-0.1576869700000001,0.4442744329999999,-0.3056749029999999,-1.604072855,0.43192907849999995,0.36203457949999995,-0.19898607325,-0.07651468700000003,0.546871153,-1.273124395,-0.407331659,0.795944293,0.48805524275,0.29971012625000004,0.04848306925,0.134489633,0.43725269199999994,0.17597270199999998,-0.538404743,-0.193932277,0.19129041999999996,-0.015037733249999963,-0.01168206,-0.596815051,0.528844181,-0.05711605999999997,-0.280661279,0.04672824
1995.0,2125.0,0.0,0.0,1.0,0.0,0.0,0.0,0.0,0.0,0.0,0.0,0.5135563402500001,0.18288248749999997,0.1049686705,0.887675203,0.05300434400000009,0.9645716259999999,0.0029539399999999882,-0.419874682,0.8717800247499999,1.590039067,0.42339213075,0.281962907,0.15575730399999999,0.6245697379999999,0.20939336600000003,-1.693568523,-0.14083318974999998,0.90311973475,-0.17362391625,-0.052168449000000006,0.080498236,-3.086808205,-0.643278012,0.694495665,0.25749542425,0.5852507225,0.18751721475,0.219796377,-0.052138273999999984,-0.31292116200000003,0.28498837600000004,-0.750068859,0.2678540225,0.502948132,0.08546421675,-0.14294438399999998,0.09000862199999998,-0.7018639499999999,0.171644112,-0.341856867
1996.0,2289.0,0.0,0.0,1.0,0.0,0.0,0.0,0.0,0.0,0.0,0.0,0.17514759075,0.33956521900000003,0.0443384365,0.547970863,-0.08574337,-0.038505493,0.08115067700000003,-0.177353746,0.7143254405,1.4037597115,0.32270950475,0.8972092620000001,-0.11610196000000006,0.04653525099999989,0.21064878500000006,-1.290838019,0.3271105235,0.06218602225000003,0.38557073625,0.653872477,0.492926743,-0.276079786,-2.070370111,-1.542282945,0.49800562849999996,0.6128235815,0.19356217775,0.061369567000000014,0.2573040550000001,0.06592341899999998,0.157746705,-0.774248711,0.529854293,0.42142829400000004,0.09963138225,0.13845543,8.252599999991617e-05,-0.05064485099999999,-0.214330701,-0.398525529
1997.0,2217.0,0.0,0.0,1.0,0.0,0.0,0.0,0.0,0.0,0.0,0.0,0.29333207225,0.60473445125,0.15549386575,0.446059561,0.017653503999999987,0.29222678,-0.041743325,-0.621975463,0.891978961,1.664536736,0.378644297,0.9851015980000001,0.06425368199999992,0.094615208,-0.09256265399999997,-1.514577188,0.8496218555,0.29462543025,0.10904141275,1.513294707,1.470817503,-2.181415447,0.9917084899999999,-0.436165651,0.6291054819999999,0.7664262725,0.217742029,0.585396707,0.16756240700000002,-0.33116875300000004,0.24145014900000006,-0.870968116,0.59537030275,0.31436833200000003,0.03689107825,0.5106293770000001,0.215453016,0.05776673600000004,0.05252230799999999,-0.147564313
1998.0,2220.0,0.0,0.0,1.0,0.0,0.0,0.0,0.0,0.0,0.0,0.0,0.41120551675000006,0.20616231675000002,0.0241283585,0.446059561,-0.386035664,-0.0027747329999999737,0.5790315260000001,-0.096513434,1.167441228,1.3716247152499998,0.3674573385,1.600347953,-0.422349031,0.0028278479999999107,0.211067259,-1.469829354,-0.07090886425000001,1.83996921175,0.35407257375,0.510229668,1.151138327,0.01687901700000005,-4.942455548,-1.416290295,0.26633502124999997,0.37572607925,0.19053969625,0.24416973200000003,0.003903720999999999,0.302797294,-0.17332821900000006,-0.762158785,0.2578693465,0.3971408685,0.19070601675,0.174765083,0.41758234099999997,-0.226796494,-0.9148212619999999,-0.762824067
1999.0,2276.0,0.0,0.0,1.0,0.0,0.0,0.0,0.0,0.0,0.0,0.0,0.41191903975,0.3324124715,0.13528378775,0.785763901,-0.11699002599999997,0.24995642499999998,0.269443943,-0.541135151,1.02403529725,1.36064555525,0.4457660475,1.380617112,-0.06845614900000019,0.04653525099999989,0.2971909519999998,-1.78306419,-0.03065520599999999,0.150953954,-0.19898607325,0.691203376,-0.40478115,-0.24433149999999998,-1.89567244,0.795944293,0.47224388824999997,0.5948125575000001,0.118000142,0.451343253,0.12473909600000005,-0.075029279,-0.590477207,-0.472000568,0.5296945172499999,0.44605389175,0.1846343745,0.5287842039999999,-0.39088535100000005,0.04970738700000005,-0.560925336,-0.738537498
2000.0,2355.0,0.0,0.0,1.0,0.0,0.0,0.0,0.0,0.0,0.0,0.0,0.1570511665,0.21118368800000004,0.1150737095,0.310177825,-1.064806033,0.285687185,-0.256337485,-0.460294838,0.9240578552500001,1.5475064192499999,0.41220517225,1.248778607,-0.42500063199999993,0.36123218,-0.048140769000000194,-1.648820689,0.47065334549999993,-0.273794629,0.02436453425,0.329255959,3.0222457609999998,-0.30295299800000003,-0.276618092,-0.097458137,0.3666427425,0.36759884374999996,0.202629622,0.378223187,0.496365955,-0.25991703499999996,0.040962838,-0.810518488,0.45355659175,0.430984683,0.1320134745,0.16568767,0.678361769,-0.06841101299999996,0.338183337,-0.528053898
2001.0,2410.0,0.0,0.0,1.0,0.0,0.0,0.0,0.0,0.0,0.0,0.0,0.46267807725000004,0.62973371525,0.0645485145,0.717823033,0.08666522600000004,0.15061165900000006,0.14894946799999997,-0.258194058,0.9909746290000001,1.5774696929999998,0.2891486295,1.42456328,0.28619433399999994,-0.038693278,0.295726296,-1.156594518,0.14442728950000003,-0.364604615,0.2211257835,0.09958977299999999,-0.746629839,-0.19758984899999998,1.173254643,-0.884503134,0.51215542825,0.3517705925,0.17240480775,0.32947647599999996,-0.13443149899999995,-0.25368308,0.37061538800000005,-0.689619231,0.4338512205,0.236138815,0.07736869375,0.28369404400000003,-0.35786290600000004,0.009755769999999997,-0.02560723399999998,-0.309474775
2002.0,2503.0,0.0,0.0,1.0,0.0,0.0,0.0,0.0,0.0,0.0,0.0,0.30990554425,0.46682076725,0.22622913875,0.174296089,0.08642380400000005,-0.469890453,0.23034557400000005,-0.904916555,0.8472909397499999,1.4047497387499999,0.40101821375,1.029047766,-0.06997134900000002,-0.172001764,-0.09026105099999993,-1.604072855,0.27316495925,-0.11034291374999994,-0.2022586095,1.071816243,0.06464765400000003,2.400736164,0.18035691499999995,0.809034438,0.6017297782500001,0.25146579925,0.05150555075,0.62195674,0.224255883,0.614243276,-0.316581837,-0.206022203,0.52402911225,0.4239964345,0.0348671975,0.5015519639999999,-0.215009259,0.631657616,-0.08871364600000001,-0.13946879
2003.0,2670.0,0.0,0.0,1.0,0.0,0.0,0.0,0.0,0.0,0.0,0.0,0.53884384025,0.453588016,0.13528378775,1.091497808,-0.318955321,0.03426394599999999,0.07635162400000006,-0.541135151,1.1674569755,1.3176694494999999,0.378644297,1.820078794,0.15424210399999994,0.17875059799999993,0.3405666540000001,-1.514577188,-0.003019154249999989,0.362541806,-0.1139001275,0.446117906,0.591647293,-0.588277032,-0.81232802,0.45560051,0.624488868,0.778144825,0.07266292075,0.634143418,0.14540620199999998,0.21495817799999994,-0.05743845999999997,-0.290651683,0.4026913425,0.6566135295,0.15630004375,-0.07032507699999999,0.9164800869999999,-0.171100967,-0.252694567,-0.625200175
2004.0,2456.0,0.0,0.0,1.0,0.0,0.0,0.0,0.0,0.0,0.0,0.0,0.42886241900000005,0.5250735715000001,0.18580898275,0.6498821650000001,0.15398699100000002,-0.03196589800000005,0.15294867800000006,-0.743235931,0.93510432375,1.5126893792499998,0.3898312555,1.600347953,0.41776776400000004,0.00501412499999998,0.3393112340000002,-1.559325022,0.04522643599999998,-0.5557700047499999,-0.161351905,-0.09923784400000002,-0.011941782000000012,-0.107316635,-0.325648498,0.64540762,0.40302312725,0.24154776,0.08777532775,0.219796377,0.23710229199999994,0.290141471,-0.08438233699999997,-0.351101311,0.33723818274999995,0.32769440775,0.170467209,0.102145777,-0.408591864,0.12622670600000002,-0.29277565099999997,-0.681868836
2005.0,2614.0,0.0,0.0,1.0,0.0,0.0,0.0,0.0,0.0,0.0,0.0,0.5639873085,0.40093117375,0.1150737095,0.887675203,-0.216524139,-0.6908146079999999,0.269443943,-0.460294838,1.05742424425,1.62092268875,0.3898312555,1.42456328,0.10962669300000005,-0.4342461830000002,0.08052167999999993,-1.559325022,-0.121552069,0.6771687255000001,-0.14703455825,0.194540105,-0.439650045,2.748863697,-1.393469517,0.588138233,0.3371746255,0.5584386145,-0.04219137325,0.134489633,-0.09868433500000001,0.733283172,-0.580547666,0.168765493,0.2843085905,0.6905184464999999,0.038914959,0.11122319000000003,-0.338168342,0.592603887,-0.33156005899999996,-0.155659836
2006.0,2760.0,0.0,0.0,1.0,0.0,0.0,0.0,0.0,0.0,0.0,0.0,0.57216259225,0.48139749574999996,0.1251787485,0.6498821650000001,-0.14799525999999996,0.34365256899999996,0.389138576,-0.500714994,1.09093632325,1.5255480995,0.3898312555,1.336670944,0.06614768300000007,0.44864698599999997,0.12410661800000011,-1.559325022,-0.0024021714999999944,0.8957682910000002,0.3074389305,1.0198776,-0.61392111,-0.922200928,-3.547823594,-1.229755722,0.2766999405,0.34779629050000005,0.07266292075,0.32947647599999996,-0.24269967199999998,-0.190591877,0.29539204100000005,-0.290651683,0.27854006475,0.5396021445,0.0348671975,0.22015215,-0.401649217,0.218115145,-0.11763845700000009,-0.13946879
2007.0,2471.0,0.0,0.0,1.0,0.0,0.0,0.0,0.0,0.0,0.0,0.0,0.57216259225,0.48139749574999996,0.1251787485,0.6498821650000001,-0.14799525999999996,0.34365256899999996,0.389138576,-0.500714994,1.09093632325,1.5255480995,0.3898312555,1.336670944,0.06614768300000007,0.44864698599999997,0.12410661800000011,-1.559325022,-0.0024021714999999944,0.8957682910000002,0.3074389305,1.0198776,-0.61392111,-0.922200928,-3.547823594,-1.229755722,0.2766999405,0.34779629050000005,0.07266292075,0.32947647599999996,-0.24269967199999998,-0.190591877,0.29539204100000005,-0.290651683,0.27854006475,0.5396021445,0.0348671975,0.22015215,-0.401649217,0.218115145,-0.11763845700000009,-0.13946879
2008.0,2673.0,0.0,0.0,1.0,0.0,0.0,0.0,0.0,0.0,0.0,0.0,0.35358198750000003,0.708057057,0.22622913875,0.717823033,0.862072637,-0.167041424,0.07555178200000001,-0.904916555,0.95796448175,1.600567829,0.300335588,1.380617112,0.4635195750000001,-0.1239218070000001,0.210021075,-1.201342352,0.3275677242499999,-0.08325310999999999,-0.2022586095,1.052339252,-2.100036771,1.124468472,-0.21083585800000001,0.809034438,-0.64967246775,-0.85447517875,-0.4018666625,-0.182363986,-1.048329909,0.362943929,-0.733148422,1.60746665,-0.6267493572499999,-1.186946082,-0.40229104825,-0.233718517,-0.09143514199999991,-0.29505965200000006,0.31212094600000007,1.609164193
2009.0,2401.0,0.0,0.0,1.0,0.0,0.0,0.0,0.0,0.0,0.0,0.0,0.6064658977499999,0.5726137392499999,0.0645485145,1.329290846,-0.622868955,-0.508237051,-0.0026449560000000316,-0.258194058,1.1230593965,1.6416233277499999,0.40101821375,1.6882402890000001,-0.15692936899999999,-0.03978641699999996,0.0365182679999998,-1.604072855,0.24036991200000002,0.73858378425,0.0619987025,-0.16984193600000003,1.263174328,0.004802495999999934,-0.27685921499999994,-0.24799481,-0.64967246775,-0.85447517875,-0.4018666625,-0.182363986,-1.048329909,0.362943929,-0.733148422,1.60746665,-0.6267493572499999,-1.186946082,-0.40229104825,-0.233718517,-0.09143514199999991,-0.29505965200000006,0.31212094600000007,1.609164193
2010.0,2601.0,0.0,0.0,1.0,0.0,0.0,0.0,0.0,0.0,0.0,0.0,1.5790587819999997,2.19488000475,0.428329919,1.8388473559999998,0.1323972379999998,0.3088127829999998,-0.3809250660000001,-1.713319676,0.50275260925,0.90815141475,-0.20307754125,1.029047766,-0.297972803,-0.6156346260000001,-1.033018475,0.812310165,-0.7036946365000001,-0.76579944925,-0.2022586095,-0.6786783270000001,-0.050871082999999984,0.02492810000000001,-0.018169698999999984,0.809034438,-0.64967246775,-0.85447517875,-0.4018666625,-0.182363986,-1.048329909,0.362943929,-0.733148422,1.60746665,-0.6267493572499999,-1.186946082,-0.40229104825,-0.233718517,-0.09143514199999991,-0.29505965200000006,0.31212094600000007,1.609164193
2011.0,2837.0,0.0,0.0,1.0,0.0,0.0,0.0,0.0,0.0,0.0,0.0,1.5790587819999997,2.19488000475,0.428329919,1.8388473559999998,0.1323972379999998,0.3088127829999998,-0.3809250660000001,-1.713319676,0.50275260925,0.90815141475,-0.20307754125,1.029047766,-0.297972803,-0.6156346260000001,-1.033018475,0.812310165,-0.3498626325,-0.76579944925,-0.2022586095,0.736649689,-0.050871082999999984,0.02492810000000001,-0.018169698999999984,0.809034438,-0.64967246775,-0.85447517875,-0.4018666625,-0.182363986,-1.048329909,0.362943929,-0.733148422,1.60746665,-0.6267493572499999,-1.186946082,-0.40229104825,-0.233718517,-0.09143514199999991,-0.29505965200000006,0.31212094600000007,1.609164193
2012.0,2747.0,0.0,0.0,1.0,0.0,0.0,0.0,0.0,0.0,0.0,0.0,1.4267661232500002,2.2761337302499998,0.51927527025,1.7709064879999998,-0.07222370500000008,0.1458540110000004,0.27094973199999983,-2.077101081,0.590376593,0.873495426,0.065409461,1.600347953,0.012062269000000014,-0.047438386000000055,-0.60344619,-0.261637844,-0.5651255537500001,-0.77274877725,-0.2022586095,-0.655955171,-0.5824242580000001,0.05272541200000003,-0.018169698999999984,0.809034438,-0.1442429345,-0.9055791262499999,-0.27492244275,0.061369567000000014,0.301613541,-0.12485347299999994,-0.23463953999999987,1.099689771,-0.7156872412500002,-1.119436677,-0.31526417525,-0.950834172,-0.1069430629999999,-0.7130510800000001,-0.953909202,1.261056701
2013.0,2934.0,0.0,0.0,1.0,0.0,0.0,0.0,0.0,0.0,0.0,0.0,1.7319675732500002,2.1637402365,0.51927527025,2.654137773,-0.13857978000000015,0.4238525770000001,-0.45192322500000026,-2.077101081,0.81396826125,0.6768796505000001,0.0765964195,1.1169401030000001,0.1512117019999999,-0.9325178330000001,-0.42931567299999995,-0.306385678,-0.6659561042500001,-0.7409765225,-0.2022586095,-0.529354729,-0.052501613999999974,0.212665797,-0.018169698999999984,0.809034438,-0.41058742324999997,-0.6486832905,-0.2295852215,-1.242604944,-0.42851456299999996,-1.4821279680000001,-0.5586567379999998,0.918340886,-0.666572379,-1.15166225,-0.38610000225,-1.232233986,0.3023940099999999,-0.4905655969999999,-0.49001511900000017,1.544400009
2014.0,2761.0,0.0,0.0,1.0,0.0,0.0,0.0,0.0,0.0,0.0,0.0,0.4536622715,0.51315558525,0.24643921675,0.242236957,0.18957925499999995,0.43514982,-0.418329855,-0.985756867,0.94698428175,1.3704877142499998,0.42339213075,1.160886271,0.020017071999999914,0.17656432199999994,0.038192161,-1.693568523,0.559424186,0.17332088900000003,-0.090992373,1.932861556,1.555232344,1.677455826,-0.815962882,0.363969492,0.5680999277500001,0.7856940765,0.11195517925,0.62195674,0.202378885,-0.09822645399999996,-0.10663910999999993,-0.447820717,0.42571009275,0.389399363,0.09558362075,0.492474551,0.274449988,-0.46011315399999997,0.18768355399999997,-0.382334483
2015.0,2867.0,0.0,0.0,1.0,0.0,0.0,0.0,0.0,0.0,0.0,0.0,0.7499841734999999,1.08848532625,0.347489607,0.921645637,-0.04508123300000011,0.14103928099999985,-0.11994006199999996,-1.389958428,1.09074692325,1.4056336405,0.378644297,1.336670944,-0.11155635899999994,0.18203001399999996,0.2542337239999999,-1.514577188,-0.06326024374999997,0.31165528925,-0.13353534575,0.686334129,-0.27923024599999996,-0.360913355,-1.040787782,0.534141383,0.572187584,0.6907187095,0.118000142,0.536649997,0.033694486999999995,-0.06879532299999991,0.14070529899999995,-0.472000568,0.305759283,0.24339234299999998,0.091535859,0.07491353700000003,0.24646885699999999,-0.061190228,0.15613034800000003,-0.366143436
2016.0,3375.0,0.0,0.0,1.0,0.0,0.0,0.0,0.0,0.0,0.0,0.0,0.750584759,0.4237497325,0.0443384365,1.397231714,-0.11433437800000001,0.46172514800000003,-0.23083643199999992,-0.177353746,1.15702288625,1.281774856,0.41220517225,1.556401785,0.11076309400000017,-0.22445427600000012,-0.1768032180000001,-1.648820689,-0.04910470824999999,0.05855861850000002,-0.02799604775,-0.04324149399999999,0.065093559,-0.019875431,0.600913425,0.111984191,0.518176903,0.77142756025,0.254011806,0.36603650899999995,0.16849309499999998,-0.242577995,0.33179133400000005,-1.016047224,0.31673873075000003,0.69710468925,0.25951796275,0.038603883000000005,0.12112973399999999,-0.573318823,0.260369202,-1.038071851
2017.0,2947.0,0.0,0.0,1.0,0.0,0.0,0.0,0.0,0.0,0.0,0.0,0.56379698275,0.8749117822500001,0.25654425575,0.989586505,-0.588483804,0.44561317300000003,0.21674825800000008,-1.026177023,0.9235054025,1.15233058525,0.25558775425,1.468509448,-0.38152162200000006,-0.04853152500000002,0.16873774000000008,-1.022351017,0.04726454050000001,-0.4276528895,0.0104562545,-0.03593762300000003,1.207985821,-0.963472646,0.12682970400000004,-0.041825018,0.62225257625,0.66007355,0.1421799935,0.512276641,-0.034542435999999954,-0.16792743300000001,0.06411371900000001,-0.568719974,-0.49309837050000005,0.13386549975,0.030819436,-0.006783183999999998,-1.496821256,-0.405719966,-0.082183349,-0.123277744
2018.0,3154.0,0.0,0.0,1.0,0.0,0.0,0.0,0.0,0.0,0.0,0.0,0.22657831350000002,0.8749117822500001,0.25654425575,0.6159117310000001,0.657934539,0.44561317300000003,0.21674825800000008,-1.026177023,0.73603017175,1.15233058525,0.25558775425,1.204832439,0.19393311200000007,-0.04853152500000002,0.16873774000000008,-1.022351017,0.451697504,-0.4276528895,0.0104562545,0.760995928,-1.6203447260000001,-0.963472646,0.12682970400000004,-0.041825018,0.644112647,0.66007355,0.1421799935,0.341663154,-0.04683043199999992,-0.16792743300000001,0.06411371900000001,-0.568719974,0.65078527675,0.13386549975,0.030819436,0.34723593700000005,-0.41019593600000004,-0.405719966,-0.082183349,-0.123277744
2019.0,3022.0,0.0,0.0,1.0,0.0,0.0,0.0,0.0,0.0,0.0,0.0,0.11575968675000001,0.38961823624999997,0.21612409975,0.310177825,-0.018180182000000003,-0.482969643,0.03645341400000002,-0.864496399,0.6366051825,1.204991923,0.33389646325,0.853263093,-0.20609038099999988,-0.05071780200000009,0.12473432799999995,-1.335585853,2.13979836975,1.7218359085,0.22317111875,3.426097536,1.687563209,0.5895406400000001,-0.707630794,-0.892684475,0.5474672835,0.81568025375,0.1572924005,0.42696989799999996,0.13460730599999993,0.32867267099999986,-0.33509975599999997,-0.629169602,0.49930397825000006,0.818815328,0.13808511675,0.592326098,-0.13059517100000007,0.6667854900000001,-0.38631382000000003,-0.552340467
2021.0,2715.0,0.0,0.0,1.0,0.0,0.0,0.0,0.0,0.0,0.0,0.0,0.49649522125,0.52876731675,0.15549386575,0.547970863,0.391785972,-0.479045885,0.298144364,-0.621975463,0.9469558499999999,1.2765789575,0.35627038,1.292724775,0.33043094500000003,-0.145784578,-0.006438960000000105,-1.42508152,-0.1701246115,0.3087413360000001,-0.00222482375,0.425017832,-0.72745332,0.336265809,-0.804998739,0.008899295,0.43090849574999995,0.71462267475,0.181472252,0.32947647599999996,-0.21160594300000002,0.040799684,-0.185628381,-0.725889008,0.0434021825,0.30454002325,0.0449866015,-0.251873344,-0.339128286,0.380574794,-0.428287349,-0.179946406
1998.0,3443.0,0.0,0.0,0.0,1.0,0.0,0.0,0.0,0.0,0.0,0.0,0.36908757574999995,0.14267658325,-0.06681699275,0.242236957,0.05324576599999997,0.24864850599999996,0.655628579,0.267267971,0.38251936774999995,0.34726143075000004,0.065409461,0.45774757899999996,0.05781407999999999,0.15579469,-0.04207290700000002,-0.261637844,-0.48817951825,-0.66825792675,0.39906994875,-0.467677591,0.561055904,-0.02756318400000002,-0.319313489,-1.596279795,0.11990447625,0.09217343825000002,0.19053969625,-0.182363986,0.520569673,-0.019832226999999994,-0.861920746,-0.762158785,-0.5125090145000001,-0.563300576,0.004508986,-0.10663472999999998,0.99218652,-0.07058157899999995,-1.2504930630000002,-0.018035944
1999.0,3484.0,0.0,0.0,0.0,1.0,0.0,0.0,0.0,0.0,0.0,0.0,0.2929110685,0.33066173224999995,0.20601906075,0.208266523,-0.08284629900000001,-0.042429251,0.7234273699999999,-0.824076243,0.09444797425,0.06131024225000001,0.08778337775,0.150124402,-0.07906255300000001,-0.163274794,0.001930504999999999,-0.351133511,-0.671585684,-0.64070347425,0.242806337,-0.5967126570000001,-0.09734122300000003,0.09129871,-0.22222341499999998,-0.971225348,-0.36004886125,-0.55766847225,-0.054281299,-0.645457738,0.145217139,-0.15639907399999997,-0.482065159,0.217125196,-0.6987055787500001,-0.9954263325,-0.2444283485,-1.005298652,-0.018813029000000148,-0.05206584199999997,-1.04102221,0.977713394
2000.0,3725.0,0.0,0.0,0.0,1.0,0.0,0.0,0.0,0.0,0.0,0.0,-0.13885121774999998,-0.04898430349999994,0.0746535535,0.10635522,-1.102088255,0.22379804399999997,-0.260336696,-0.298614214,-0.05998867799999999,0.0926093225,0.065409461,-0.201444944,0.008653068,-0.076953126,0.130383718,-0.261637844,-0.42033383125,-0.4864463525,0.391297675,-0.007533677000000016,0.313595616,0.05822891799999996,0.491875254,-1.5651907,0.12892814824999999,0.36622124375,0.1572924005,-0.145803953,0.632746732,-0.578881346,0.632156455,-0.629169602,-0.06582786474999999,-0.53811885175,-0.23228506375,-0.6149698779999999,1.7797581089999999,-1.100994514,0.6391597330000001,0.929140255
2001.0,3579.0,0.0,0.0,0.0,1.0,0.0,0.0,0.0,0.0,0.0,0.0,0.09061770400000001,0.697010176,-0.04660691475,0.276207391,0.251831145,0.29615053799999996,0.03245420200000004,0.186427659,0.01722330625,0.13703196125,0.02066162725,0.150124402,0.408297761,0.013741096000000001,0.302631105,-0.082646509,-0.6500280922499999,-0.5197479115,0.0448178865,-0.6251166020000001,-0.180001187,0.07596264499999994,0.567777701,-0.179271546,0.1665352045,-0.41036049274999997,0.05150555075,0.00043617900000000875,-0.37684679899999995,-0.36833712499999993,0.40330289599999997,-0.206022203,-0.3888491165,-1.51238030725,0.0449866015,-1.096072786,-0.40166777200000003,-0.45682905099999993,1.054094402,-0.179946406
2002.0,3114.0,0.0,0.0,0.0,1.0,0.0,0.0,0.0,0.0,0.0,0.0,-0.10454048375,0.8036703432500001,0.296964412,-0.40320129000000005,0.285250605,-0.643312576,-0.3473316970000001,-1.187857648,0.02843402199999999,0.05211927024999999,0.09897033625,-0.113552607,-0.167914573,-0.11628797599999999,0.08868190899999999,-0.395881345,-0.574416517,-0.557494508,-0.19121379925,-0.36136568100000005,-0.010863308999999988,0.168224378,-0.794769732,0.764855197,-0.1265335305,-0.6484275825000001,-0.24167514725,-0.596711027,0.354677337,0.32882958100000004,0.162623297,0.966700589,-0.06750544275,-1.7319531335,-0.5925358405,-0.09755731699999999,0.60467444,-0.024336727999999974,-0.37583469999999997,2.370143362
2003.0,3305.0,0.0,0.0,0.0,1.0,0.0,0.0,0.0,0.0,0.0,0.0,0.495819079,0.45555590125,0.14538882675,1.125468242,-1.265564216,0.17718698599999996,0.150549151,-0.581555307,0.027401727,-0.04718029075,0.0542225025,0.281962907,-0.125193163,-0.120660529,0.131848374,-0.21689001,-0.5093112182499999,-0.7290836515000001,-0.20021327425,-0.6575782539999999,0.6224054250000001,0.018458470000000005,0.05177118999999997,0.800853097,-0.06334073374999999,-0.729390693,-0.2718999615,-0.097057242,0.378136505,-0.21325632,0.21419456800000003,1.087599846,-0.38987941825,-1.5419827747500001,-0.44681642525,-1.586253106,1.1122241769999999,-0.26692608900000003,-0.56371708,1.787265701
2004.0,3261.0,0.0,0.0,0.0,1.0,0.0,0.0,0.0,0.0,0.0,0.0,-0.036652198,0.31818033625,0.1049686705,0.004443917999999998,0.014515009999999995,-0.36792984799999995,0.8766214769999999,-0.419874682,-0.37046881875000004,-0.39802965725000006,-0.03527316475,-0.333283448,0.13719609700000002,0.08803824000000005,0.434222867,0.141092659,-0.59666378675,-0.65516424025,0.0885880605,-0.48390841700000004,-0.18601764799999998,0.397395087,-0.1822469,-0.354352242,0.048773013000000004,-0.04435216374999998,-0.02103400325,-0.401724184,0.004834407999999998,0.268495036,-0.7564346529999999,0.084136013,0.025400834250000004,-0.7217437800000001,-0.17156864075,-0.624047291,-0.398701224,0.729720638,-0.38360345799999995,0.686274563
2005.0,3323.0,0.0,0.0,0.0,1.0,0.0,0.0,0.0,0.0,0.0,0.0,-0.0790889495,-0.07855442224999998,0.0241283585,-0.23334912,0.149882808,-0.40235268900000004,-0.052847220000000084,-0.096513434,-0.126889704,0.0298264335,-0.04646012325,-0.157498776,-0.125950764,-0.029966306999999998,-0.169898409,0.185840493,-0.60986289275,-0.06495684400000001,-0.19898607325,-0.5228623990000001,-0.10365874799999997,1.1192992940000002,-0.19376606200000002,0.795944293,0.16381030175,0.3276977995,-0.054281299,-0.121430598,-0.08565178899999998,0.08738194400000004,-0.564901564,0.217125196,0.028862843249999992,-0.24511844125,-0.388123883,0.05675870999999999,-0.363306751,0.869245256,-0.822790039,1.552495532
2006.0,3545.0,0.0,0.0,0.0,1.0,0.0,0.0,0.0,0.0,0.0,0.0,0.10734595174999999,0.6536387257499999,-0.0162917975,0.072384786,0.387923211,1.1532718329999998,-0.9010137039999999,0.06516719,-0.20470466175,-0.1444956725,-0.05764708175,-0.201444944,-0.304791205,0.362307181,-0.126313471,0.230588327,-0.623226353,-0.46883642775,-0.2010314085,-0.46686605,-0.16093194,0.16255284699999994,-1.10440063,0.804125634,-0.10947238825000001,-0.34841282825,-0.04823633625,-0.47484425,-0.239628403,-0.5202069960000001,0.416998361,0.192945345,-0.28555575349999995,-0.95188011325,-0.18573580625,-0.48788609099999997,-0.9735530549999999,-1.628384406,0.185125249,0.742943225
2007.0,3212.0,0.0,0.0,0.0,1.0,0.0,0.0,0.0,0.0,0.0,0.0,0.182627869,-0.07726327750000003,-0.09713210975,-0.23334912,0.05228007599999995,-0.268585083,-1.3102998670000001,0.388528439,-0.082252204,-0.001930659749999994,-0.0017122895,-0.113552607,0.185599509,0.014834234000000002,-0.34172732299999997,0.006849158,-0.5878259045,-0.16889973549999993,-0.1838505925,-0.39220425100000006,0.12612976900000006,0.027673552999999962,-0.499525771,0.73540237,0.06462617275,0.211664438,0.018258255,-0.157990631,0.207497664,0.066189784,0.21642984,-0.07303302,-0.36411310375000006,0.03201368475000001,0.0793925745,-0.03401542399999999,0.862190061,-0.230466212,0.784986619,-0.317570298
2008.0,3492.0,0.0,0.0,0.0,1.0,0.0,0.0,0.0,0.0,0.0,0.0,-0.09570277349999998,0.177469726,0.1150737095,-0.40320129000000005,0.724532036,-0.536120296,0.6253284739999999,-0.460294838,-0.12686761424999998,-0.1339495405,-0.11358187375,-0.113552607,0.007137868000000019,0.054169083,0.132266847,0.454327495,-0.5246202515,-0.19649839925000007,-0.2022586095,-0.375973425,-0.10361037100000003,-0.764965692,-0.06091288700000008,0.809034438,0.05170923175,0.17019621699999998,-0.08450611325,-0.157990631,-0.857951724,0.23649515799999998,0.072675026,0.338024453,0.20002602800000002,-0.1274111805,-0.2343089445,0.32000369700000003,-1.055384571,0.6641511480000001,-0.491674124,0.937235778
2009.0,3577.0,0.0,0.0,0.0,1.0,0.0,0.0,0.0,0.0,0.0,0.0,0.33547481875,-0.02824262150000001,-0.0061867585,0.819734335,-0.65870264,-0.535703351,0.34764068099999995,0.024747034,-0.12729693575,-0.07044709299999999,-0.012899248,-0.025660271,-0.17094497400000003,-0.123939945,0.045306207,0.051596992,-0.13777931374999997,-0.33127860175,0.0362274785,-0.6575782539999999,0.691601421,0.026846888999999985,0.9562170139999999,-0.144909914,0.09232600800000001,0.14917870075,0.06964043925,-0.5845243499999999,0.474488956,-0.055873134000000005,0.033878043,-0.278561757,-0.36116518100000006,-0.19227029899999998,-0.021801464,-1.304853293,1.579511561,0.072553431,0.02753444500000002,0.087205856
2010.0,3550.0,0.0,0.0,0.0,1.0,0.0,0.0,0.0,0.0,0.0,0.0,0.343908557,-0.027394708249999983,0.15549386575,0.6159117310000001,-0.3538233169999999,-0.09647087700000001,0.19764594200000002,-0.621975463,0.016749806,-0.067955408,0.065409461,0.150124402,-0.035962341999999994,0.05635536,-0.21243716399999998,-0.261637844,-0.43065386025,-0.27301915675,-0.10940039,-0.6048280699999999,0.424474871,0.021159392000000055,1.521012085,0.43760156,-0.31055875725,-0.040608744499999974,-0.154023186,-1.242604944,0.467226671,0.16486761900000002,-0.27304360899999996,0.616092744,-0.583496553,0.031805382250000014,-0.19787909075,-1.45916932,1.307026878,-0.18002854199999996,-0.556112257,0.791516363
2011.0,3717.0,0.0,0.0,0.0,1.0,0.0,0.0,0.0,0.0,0.0,0.0,0.38612240375,0.07844717399999998,0.17570394375,0.6498821650000001,-0.42090365999999996,0.269992156,-0.373632592,-0.702815775,0.050021963749999995,-0.06749739575000001,-0.12476883225,0.150124402,-0.079820153,-0.074766849,-0.169061462,0.499075329,-0.5749748539999999,-0.7120915194999999,-0.2022586095,-0.652709006,0.421733414,0.07267868300000002,-0.011002524999999985,0.809034438,-0.25558131824999997,-0.25809616125,-0.20540537025,-0.877004614,0.434178499,-0.092744139,0.236370132,0.821621481,-0.5369217685,-0.3178703655,-0.57836867525,-1.014376065,0.6031385309999999,-0.44853240099999997,0.034380149000000026,2.313474701
2012.0,3978.0,0.0,0.0,0.0,1.0,0.0,0.0,0.0,0.0,0.0,0.0,0.276210597,0.009256067500000006,0.16559890475,0.10635522,0.28887194399999994,0.161491957,0.38753889100000005,-0.662395619,-0.01644974125,-0.143251238,-0.0800209985,0.106178234,-0.036341143,0.364493458,-0.21201869,0.320083994,-0.49610154425,-0.5389835625,-0.1482617595,-0.365423388,0.39124191100000005,-0.475249607,-0.09386704499999998,0.593047038,-0.32833192675,-0.5398566252499999,-0.09961852025,-0.487030928,-0.35944002300000005,-0.13603701099999999,-0.28813437799999997,0.398474081,-0.5558872640000001,-0.436876061,-0.43467314075,0.08399095000000001,-0.05717404800000003,0.025410690999999985,-2.102324495,1.738692563
2013.0,3787.0,0.0,0.0,0.0,1.0,0.0,0.0,0.0,0.0,0.0,0.0,-0.09516402974999996,0.09063331800000002,0.0039182805,0.310177825,0.215273192,-0.43546761200000006,-0.323336434,-0.015673122,-0.25959319275,-0.07066806849999999,-0.11358187375,-0.333283448,-0.038613942999999984,-0.212447889,-0.040817487,0.454327495,-0.6402089927500001,-0.32591189225,-0.2022586095,-0.6786783270000001,-0.028463939999999965,0.47188192599999995,-0.6585345850000001,0.809034438,-0.11305007800000003,0.034393958749999995,-0.1510007045,-0.5114042830000001,-0.194850649,0.291880121,-0.09760367799999999,0.604002818,0.07546977,-0.629352602,-0.32538357925,-0.37895713099999995,0.413011721,0.15340305500000007,0.240299553,1.301534317
2014.0,3691.0,0.0,0.0,0.0,1.0,0.0,0.0,0.0,0.0,0.0,0.0,0.28463507675000005,-0.25337502425,0.23633417775,0.004443917999999998,0.424481165,0.43818260400000003,-0.557126805,-0.945336711,-0.1713157145,-0.24431118649999997,-0.0017122895,-0.157498776,-0.12670836400000002,0.137211335,0.132266847,0.006849158,-0.37029914275,-0.5955353795,0.084088323,-0.524485482,0.836652961,-0.12416993399999998,-0.08830319600000003,-0.336353292,-0.07531594450000001,-0.06370834975,-0.111708446,-0.157990631,-0.05940055899999999,-0.383640149,0.27938009399999997,0.446833784,-0.4139683715,-0.33495317725,-0.40229104825,-0.27910558399999996,-0.08571258999999998,-0.541140753,0.5994641479999999,1.609164193
2015.0,4135.0,0.0,0.0,0.0,1.0,0.0,0.0,0.0,0.0,0.0,0.0,0.5470469005,0.41808852550000003,0.21612409975,0.547970863,0.257383865,0.3410367300000001,-0.17814074800000002,-0.864496399,0.1274076005,0.08444181025,-0.0017122895,0.281962907,-0.07906255300000001,-0.11628797599999999,0.045306207,0.006849158,-0.53871506825,-0.3897101025,-0.04517686375,-0.5366586010000001,0.253427876,0.996400728,-0.12410856600000009,0.180707455,-0.1130755585,-0.18190674299999998,-0.10868596475,-0.365164151,-0.070850937,0.19943624199999999,0.20465794200000004,0.434743859,-0.5245295725000001,-0.602094377,-0.264667156,-0.44249902399999996,-0.10760574600000006,0.13693923200000002,0.11296528,1.058668624
2016.0,3422.0,0.0,0.0,0.0,1.0,0.0,0.0,0.0,0.0,0.0,0.0,0.54703764175,-0.08818480499999992,-0.16786738275,0.6498821650000001,0.08811376199999998,0.21814942199999998,0.630927368,0.671469531,0.027808958749999998,-0.39813475175000007,0.03184858575,0.150124402,-0.080198953,0.7032212990000001,-0.169479936,-0.127394343,-0.673974426,-0.5912922125,-0.1662607095,-0.670562914,0.04848062799999997,0.07600381,-0.21135485199999998,0.665042838,-0.26065723949999997,-0.08199309275,0.09079780925,-0.730764482,0.019821398000000046,-0.45847862100000003,0.236790116,-0.363191237,-0.6520793335,-0.6540226487499999,0.0976075015,-1.277621053,0.559928185,0.12642351699999999,0.6807828100000001,-0.390430006
2017.0,3680.0,0.0,0.0,0.0,1.0,0.0,0.0,0.0,0.0,0.0,0.0,0.5047156589999999,0.5048836924999999,0.25654425575,1.36326128,-1.1311621079999998,1.103570909,-1.871274349,-1.026177023,0.09334941075,-0.6433700595,0.02066162725,0.413801411,-0.435607036,0.180918739,1.0833937370000002,-0.082646509,-0.643451054,-0.27270396975,-0.13844415025,-0.651897465,0.15516972900000003,0.7422352919999999,0.25380033700000004,0.553776601,-0.2585839685,-0.37638986575,0.0001233665,-0.47484425,0.22276385999999998,0.18017064300000002,0.416551306,-0.000493466,-1.6747195717499999,-0.25369661725000003,-0.4974134445,-2.067356014,-0.15418517099999995,0.390912533,-0.902461574,1.989653778
2018.0,3187.0,0.0,0.0,0.0,1.0,0.0,0.0,0.0,0.0,0.0,0.0,-0.20487144925,0.49896592575,0.25654425575,0.174296089,0.518221134,0.24341682899999997,-0.3856302239999999,-1.026177023,-0.148913309,-0.014719700499999998,0.02066162725,-0.157498776,0.051374478,0.011554819,0.045306207,-0.082646509,-0.61085580575,-0.7330352142500001,-0.13844415025,-0.613755024,-0.13576655300000007,-0.08626114400000007,-0.031213892999999993,0.553776601,0.23928536025,-0.10863876825000002,0.0001233665,0.012622857000000015,0.014609548000000028,-0.40143346500000004,-0.09899898000000001,-0.000493466,0.26826286899999996,-1.719436381,-0.4974134445,-0.351724891,-0.43618901699999996,-1.454945266,0.3636505419999998,1.989653778
2019.0,3514.0,0.0,0.0,0.0,1.0,0.0,0.0,0.0,0.0,0.0,0.0,0.54671254375,0.3243302189999999,-0.10723714875,0.242236957,0.3598150480000001,-0.19361675099999998,-0.319337223,0.428948595,0.38179960475,0.22818570275,-0.0017122895,0.7214245890000001,0.05667768000000001,0.02248620400000001,-0.127150417,0.006849158,-0.64819402375,-0.307240075,-0.18507779375,-0.5796702890000001,0.036251643999999916,1.34850616,-0.27483392399999995,0.740311175,-0.17728904325,-0.10295240124999994,0.06964043925,0.04918289000000001,-0.5167671110000001,1.080284786,0.182374099,-0.278561757,0.15261689275,0.10887811549999998,-0.003586537,0.37446817700000007,-0.13460838000000003,-0.617433597,-0.01588781699999997,0.014346148
2021.0,2715.0,0.0,0.0,0.0,1.0,0.0,0.0,0.0,0.0,0.0,0.0,0.30228123474999996,-0.31704912125,-0.11734218775,0.547970863,0.422791206,-0.288203868,0.507233525,0.469368751,-0.29253072975,-0.2897106065,-0.0017122895,-0.42117578499999997,0.09447468799999997,-0.21900672100000002,0.218390541,0.006849158,-0.48632550950000003,-0.597494481,-0.178532721,-0.563439464,0.31856119599999994,-0.36445604600000003,0.0010591639999999458,0.714130884,-0.4767892085,-0.34046061325,-0.090551076,-1.169484878,-0.09058735600000001,0.205028012,-0.420591417,0.362204304,-0.98653970925,-0.5609578765,-0.1837119255,-2.139975321,-0.3780838260000001,0.2397775,-0.6764606439999999,0.734847702
2002.0,1602.0,0.0,0.0,0.0,0.0,1.0,0.0,0.0,0.0,0.0,0.0,-0.8241407842500001,-0.33287842375000004,-0.0061867585,-1.283909393,0.514841218,-1.0093586650000002,0.24634241599999998,0.024747034,-1.43252457575,-1.72997967175,-0.33732104225,-0.32861691000000004,-0.49348045100000015,-0.07806440200000009,0.397542737,1.349284169,-0.744274365,-0.5156990582500001,-0.091810507,0.2628142630000001,-0.37859647499999993,0.18995110799999992,0.08279708499999999,0.367242028,0.465947483,0.363330209,0.04848306925,0.25635641,-0.246143214,0.35791588999999996,-0.40081354599999997,-0.193932277,0.22978187375,-0.015039055499999981,-0.0521596755,0.610947557,-0.702672444,0.8479280269999999,-0.506627163,0.208638702
2003.0,1937.0,0.0,0.0,0.0,0.0,1.0,0.0,0.0,0.0,0.0,0.0,-0.31204453224999995,-0.575732841,-0.15776234375,-0.350399515,-0.631560168,-0.006281545999999971,0.51283242,0.631049375,-0.9062945975,-1.1037336955,-0.247825375,0.13064514699999996,0.3995853589999999,-0.187323841,0.0515833069999998,0.9913015,-0.6693099954999999,-0.7390295665,-0.161351905,0.068581742,-0.11103568999999996,0.03585951300000001,-0.08399347899999998,0.64540762,0.10203375075,0.0632295205,0.0273256995,-0.056209767,0.295284868,0.12323494200000001,-0.19784733399999999,-0.109302798,-0.24031016650000003,-0.057913749,-0.03596862925,0.051926362000000004,0.990706274,0.062126704000000005,-0.539897588,0.143874517
2004.0,2085.0,0.0,0.0,0.0,0.0,1.0,0.0,0.0,0.0,0.0,0.0,-0.881602742,-0.4136854075,-0.09713210975,0.03102985200000008,0.177508126,-0.06597179400000003,0.741023896,0.388528439,-1.32422210525,-1.259573563,-0.13595579075,0.07897150099999983,0.08538348400000006,0.507622054,0.3089082040000001,0.543823163,-0.6548075287499999,-0.66757267275,-0.16298817325,-0.39929773299999993,-0.24326807399999995,0.05599340900000005,-0.29282114600000003,0.651952693,0.31589880825,0.21083855475000002,0.09079780925,-0.36462428300000005,-0.546275746,0.19017926400000001,-0.40505359500000004,-0.363191237,0.532742528,0.047252701499999994,0.0348671975,-0.16718089800000002,-0.6407089239999999,0.866848215,-0.678890645,-0.13946879
2005.0,2399.0,0.0,0.0,0.0,0.0,1.0,0.0,0.0,0.0,0.0,0.0,-0.53570451975,-0.5383775147500001,-0.05671195375,0.5796031610000001,0.552606284,-0.779279076,0.5272295770000001,0.226847815,-0.8250456305,-0.5589812142499999,-0.326134084,-0.23702139499999997,-0.08777495499999999,0.22025358699999997,-0.25330202599999996,1.304536336,-0.63211698575,-0.296410568,-0.2022586095,-0.5489136920000001,-0.17479145500000004,-0.826769494,-0.49406592,0.809034438,-0.07211287799999999,0.128956354,-0.0512588175,-0.255922899,0.02978267499999998,0.6481697129999999,-0.35205995100000004,0.20503527,0.1587116615,0.78373297625,0.109750786,0.068530731,0.39083985899999996,-0.079212528,-0.22802211099999992,-0.439003144
2006.0,2501.0,0.0,0.0,0.0,0.0,1.0,0.0,0.0,0.0,0.0,0.0,-0.34838160149999997,-0.17449342925000005,-0.13755226575,0.238544706,0.8231004580000001,1.054344013,-0.99511339,0.550209063,-1.1815097175,-1.2569188427500002,-0.37088191775,0.258780472,-0.31236720800000006,0.4245798019999999,0.39607808099999997,1.483527671,-0.7741343875,-0.5052362975,-0.1654425755,0.34085793899999994,-0.19923804099999998,0.673505679,0.09739609100000002,0.661770302,0.1665405395,0.21619631000000006,-0.011966559,0.08091561200000001,-0.01862475999999999,-0.101546842,0.45431883200000006,0.047866236,0.054872749,0.45290535275,0.19880153975,0.13338228800000002,0.06668482800000002,-0.161138017,-0.338335674,-0.795206159
2007.0,2524.0,0.0,0.0,0.0,0.0,1.0,0.0,0.0,0.0,0.0,0.0,0.22958920775000002,-0.705801671,-0.45080847525,-0.146576911,0.321325714,-0.26032062300000003,-1.035011601,1.803233901,-1.1930054172500002,-1.07379540725,-0.1583297075,-0.48460120800000006,0.752720641,-0.19169639500000002,0.007370657999999919,0.63331883,-0.6982519965,-0.38597633974999995,-0.15153429575,0.33038441800000007,0.272298214,0.06579740199999995,-0.37375595699999997,0.606137183,-0.03556259625000002,0.332823767,-0.12379837175,1.082114348,-0.422648309,0.459162471,0.17054806099999997,0.495193487,-0.3177486855,0.7433021360000001,0.2534463205,1.011362289,0.03735977699999998,-0.24002471200000008,-0.6377582020000001,-1.013785282
2008.0,2556.0,0.0,0.0,0.0,0.0,1.0,0.0,0.0,0.0,0.0,0.0,-0.43099963575,-0.33410179025,-0.08702707075,-0.450956702,0.6882155050000001,-0.259429649,0.676424474,0.348108283,-0.79182178225,-0.7967953375,-0.4715645435,0.022631316000000012,-0.221999987,0.13065250399999995,-0.07896227199999994,1.886258174,-0.61231845175,0.29992931,-0.2022586095,0.0371511550000001,-0.439545332,-3.619379377,-0.257238889,0.809034438,-0.05838962875,0.1783592675,-0.16309063025,0.052592639,-0.475805174,-0.019832226999999994,0.16393739100000002,0.652362521,0.33686179475,0.26907215149999997,-0.098708933,0.40862513600000006,-0.40126523900000005,0.603780189,0.203232363,0.394835732
2009.0,2759.0,0.0,0.0,0.0,0.0,1.0,0.0,0.0,0.0,0.0,0.0,-0.7023545867500001,-0.98651906025,-0.248707695,0.125371609,-0.29398565200000004,-0.01543697799999999,0.22164120499999995,0.99483078,-2.793923136,-2.4600262812500002,-0.59462108625,-0.13174738400000008,0.0755346819999998,-0.270384231,0.18631361800000024,2.378484345,-0.5902179922499999,-0.11600452875,-0.0345411205,0.13196939299999988,-0.24872451599999998,-0.018968940000000045,0.6898240409999999,0.138164482,-0.6686494032500001,-0.53687340125,-0.03010144775,-0.35625144200000003,-0.21356331100000003,0.6055974829999999,1.15958692,0.120405791,0.04240619725,0.22422416650000002,0.18665825525,-0.003320824,0.07134216500000001,-0.157932075,0.006787058999999984,-0.746633021
2010.0,3111.0,0.0,0.0,0.0,0.0,1.0,0.0,0.0,0.0,0.0,0.0,-0.48697589775,-0.98002711825,-0.17797242175,0.07626208300000004,-0.359858882,-0.12132133899999997,0.45063252399999987,0.711889687,-1.2389615235,-1.4107521635000002,-0.382068876,-0.30479223600000005,0.4850281780000001,-0.2856700320000001,-0.033494203999999916,1.528275504,-0.20322779975000005,-0.23864616975000003,0.417477966,-0.26409549899999996,1.7158991399999999,0.07224433799999996,1.2164863229999998,-1.669911864,0.31974635,0.36317491475,0.1633373635,0.038751598000000026,0.05864275400000002,0.112505679,0.07783625400000005,-0.653349454,0.4610320135,0.78295115725,0.3141627435,0.17684249800000001,0.10476714200000004,-0.23600986900000004,-0.2115270800000001,-1.256650974
2011.0,3238.0,0.0,0.0,0.0,0.0,1.0,0.0,0.0,0.0,0.0,0.0,-0.48724455925,-0.89863352875,-0.0162917975,0.14672613299999998,0.04552024399999999,-0.018052816999999832,-0.200442432,0.06516719,-1.755031515,-1.834966799,-0.717677629,0.21113112499999986,-0.006877737000000161,-0.02998444499999997,-0.3327301469999999,2.870710516,-0.73542831525,-0.615054837,-0.2022586095,-0.46783062299999995,-0.01889673599999997,0.06102813499999993,-0.09846015500000005,0.809034438,0.020398731500000003,-0.17534829200000002,-0.2507425915,-0.24329737499999998,0.656578175,0.38156734200000003,0.246272602,1.002970366,0.27568259100000003,0.44326424425,-0.187759687,0.042909273000000026,-0.26689014899999997,-0.262614619,0.04564155799999997,0.751038748
2012.0,2921.0,0.0,0.0,0.0,0.0,1.0,0.0,0.0,0.0,0.0,0.0,-0.53587730875,-1.029681481,0.0241283585,-0.980698669,0.483835984,0.08521570599999984,0.6732251060000001,-0.096513434,0.71979088525,0.771122672,0.12134425325,-0.14204381899999996,0.014335070000000005,0.031231310999999984,0.041539946999999966,-0.485377013,-0.7037234217499999,-0.5477082662499999,-0.19407726875,0.383769445,-0.16840847999999997,0.219043002,-0.15310844700000004,0.776309075,-0.08039687999999999,0.29346264624999996,0.05150555075,0.431156318,-0.106225826,-0.20929374499999998,0.17057513000000002,-0.206022203,-0.22409215050000003,0.5496247675,0.180586613,2.1422002,-0.57429861,-0.288006016,0.81095575,-0.722346452
2013.0,3417.0,0.0,0.0,0.0,0.0,1.0,0.0,0.0,0.0,0.0,0.0,-0.42904619825,-0.4619508025,0.0544434755,0.183219749,-0.223766816,-0.42851107000000005,0.17534425799999998,-0.217773902,-0.52500370975,-0.18981216725,0.00947466875,-0.021314853000000022,-0.083986954,-0.03761827699999998,0.089100382,-0.037898675,-0.58046478925,-0.209389424,-0.2022586095,-0.5146832219999999,0.039200259000000015,0.31368306900000004,-0.059917167,0.809034438,-0.25764506275,0.5506002525,0.13311254925,0.36397805800000005,0.554176257,-0.05935043400000006,-0.12744644000000005,-0.532450197,0.10223220500000002,0.75897895075,0.22106422825,0.336397182,0.19631586399999995,0.67235881,0.15858351699999995,-0.884256913
2014.0,3338.0,0.0,0.0,0.0,0.0,1.0,0.0,0.0,0.0,0.0,0.0,0.5135395605,0.46552360400000004,0.337384568,0.005612986000000042,0.255452484,-0.191891886,0.48803731399999994,-1.349538272,-1.24051945925,-0.9344331905000001,-0.225451458,0.3228481350000001,0.132650496,-0.060574185999999974,0.17794415200000002,0.901805832,-0.6763253822499999,-0.70705402425,0.779502302,-0.17129745500000004,0.03239414399999996,0.108288104,-0.018169698999999984,-3.118009208,-0.37094549125,0.012252478749999997,0.039415625,0.17864583599999995,0.445256603,-0.160972836,-0.037525239,-0.1576625,0.444691406,0.49371553225,0.206897063,-0.003938017000000016,0.08849126699999998,0.11094657200000002,-0.016378451000000016,-0.827588252
2015.0,3155.0,0.0,0.0,0.0,0.0,1.0,0.0,0.0,0.0,0.0,0.0,0.41574590299999997,0.428414089,-0.05671195375,-0.281289578,-0.21942121,-0.06377290199999996,-0.181340116,0.226847815,-0.84955709675,-0.102422346,-0.11358187375,-0.22494849800000005,-0.08701735499999996,0.008275403000000014,-0.298979331,0.454327495,-0.64999206525,-0.6022205805,0.0538173615,-0.007380705999999959,-0.044803113000000006,0.800540933,-0.018169698999999984,-0.215269446,-0.34136223275,-0.139204741,0.09079780925,-0.09725928600000006,-0.093844761,-0.15364241700000003,-0.227663025,-0.363191237,0.46590982975,0.75366370575,0.2797567705,0.293463929,0.10562181400000004,-0.011531796999999955,0.14264920999999997,-1.119027082
2016.0,3011.0,0.0,0.0,0.0,0.0,1.0,0.0,0.0,0.0,0.0,0.0,0.36399738000000004,0.38595453375,-0.10723714875,0.23835965999999997,1.028928514,-0.109967013,0.04205230799999998,0.428948595,-1.6501427005,-1.487763012,-0.6281819615,-0.332320089,0.39541855699999995,-1.30077855,-0.03223878400000002,2.512727846,-0.8990777114999999,-0.72475636775,-0.117172664,0.10618952199999998,-0.07043745800000001,0.1716856,-0.12958787699999996,0.468690656,-0.48216261475,-0.29010029775,-0.154023186,-0.11768302399999997,0.5486822769999999,-0.509101912,-0.09093886699999998,0.616092744,0.12532477050000004,0.41290932575,0.21701646675,0.178001603,-0.044087763,0.10245311000000001,0.03883089899999992,-0.868065867
2017.0,3378.0,0.0,0.0,0.0,0.0,1.0,0.0,0.0,0.0,0.0,0.0,1.3066478240000001,0.93319072375,0.0241283585,-0.18460968700000002,-0.484845509,0.6094629180000001,-0.494926909,-0.096513434,-1.95104237975,-1.1047681152499997,-0.0240862065,0.6348167310000001,-0.719966704,0.4934112540000002,-1.460916867,0.096344826,-0.6450063285000001,-0.29466714549999995,-0.08444730025,0.02497346800000011,-0.23039968,0.6570262299999999,-0.573077988,0.337789201,-0.5016232295,-0.4026864815,0.06964043925,0.09499345599999998,0.096995842,-0.04808843899999998,0.42366317100000006,-0.278561757,-0.25820227549999997,-0.1116225415,0.03689107825,1.038985883,0.08439134100000001,-0.28000599299999995,1.7600169810000001,-0.147564313
2018.0,2482.0,0.0,0.0,0.0,0.0,1.0,0.0,0.0,0.0,0.0,0.0,-0.0528462515,0.28085883575,0.0342333975,-0.5379139589999999,0.48576736499999995,0.46564890400000003,-0.790917177,-0.13693359,-0.308642345,-0.07077879425,-0.012899248,-0.005538776999999995,0.005622667000000026,0.050889667,-0.471854428,0.051596992,-0.61049924725,-0.17430236450000003,0.27430449975,0.08210106400000006,0.28413251500000003,-0.42235590700000003,-0.07746993299999999,-1.097217999,-0.12447645525,-0.6041433494999999,0.0212807365,0.598697881,-0.127916688,-1.417110205,1.030028767,-0.085122946,-0.9856106062499999,-1.3859495915,-0.28895372525,0.564807693,-1.1792248939999999,-1.9036452739999998,0.6227698379999999,1.155814901
2019.0,3101.0,0.0,0.0,0.0,0.0,1.0,0.0,0.0,0.0,0.0,0.0,1.332359364,1.4479706845,0.41822488,-1.310680374,0.05952275400000007,-1.238964225,0.737730633,-1.67289952,-1.5249539075,-1.06693308525,-0.225451458,-0.348417285,0.35156074699999995,-0.6823160760000001,0.5232758730000001,0.901805832,0.4453626762499999,-0.22916846525,0.17899187775,3.103458387,-0.81411278,1.679894654,-0.12608534300000002,-0.715967511,-0.91346565375,-0.31309593375,-0.0784611505,-0.49567207599999996,0.02158970299999996,-0.012689719000000044,0.048101772,0.313844602,-0.06036888375,0.05520421824999999,0.049034363,0.334395046,0.074674135,0.646848762,-0.538005143,-0.196137452
2021.0,2715.0,0.0,0.0,0.0,0.0,1.0,0.0,0.0,0.0,0.0,0.0,1.29199189425,1.0417973912499998,0.46875007525,-0.4336645210000001,0.29514893200000003,-0.5626956230000001,1.163013638,-1.875000301,-1.34023931325,-0.638780232,0.08778337775,-0.196457286,0.44495836899999996,-0.534796789,0.780391535,-0.351133511,-0.811502394,0.005027158750000038,-0.16871511175,0.09842204799999998,0.04443275599999996,1.476364713,-1.457455816,0.674860447,-0.6685092994999999,-0.33708730200000003,-0.04823633625,-0.10910813899999994,0.03229553099999993,0.19924833200000003,-0.0034424279999999974,0.192945345,0.07325983025,0.30577580975,-0.003586537,0.38608963799999996,-0.360061499,0.21167359800000002,-0.5138583649999999,0.014346148
1990.0,2504.0,0.0,0.0,0.0,0.0,0.0,1.0,0.0,0.0,0.0,0.0,-2.41919685725,-2.057595769,-0.5417538265,-0.18639268300000023,0.09787380800000012,-0.2834462200000001,0.1618408360000001,2.167015306,-1.78406154275,-1.6938687032500002,-0.4715645435,-0.28837392100000003,-0.09572975800000005,0.10441718,-0.07540524900000012,1.886258174,1.2525977772499999,-0.05339288550000004,-0.13435347975,-0.10181541400000005,-1.4220066669999998,0.792673335,-0.11214318100000009,0.537413919,1.0912121742499998,0.58418054575,0.11195517925,0.219998421,0.006791776000000027,0.12572523300000005,-0.765443016,-0.447820717,1.25620493925,0.94908363375,0.21701646675,0.12013508899999992,0.04692210200000013,0.6385926,-0.141329645,-0.868065867
1991.0,1990.0,0.0,0.0,0.0,0.0,0.0,1.0,0.0,0.0,0.0,0.0,-2.3208354785000003,-1.7488770470000001,-0.46091351425,-0.34245987600000016,-0.0711548719999997,0.5684434,-0.221144432,1.843654057,-1.68400927875,-1.5214483265,-0.34850800075,-0.028721210000000053,-0.05111434700000017,-0.203720919,-0.4643219089999999,1.394032003,1.4417082724999999,-0.09628660924999999,-0.03699552275,-0.246979285,-2.262102447,-0.561111437,-0.720771292,0.147982091,0.9984805615,0.530548257,0.139157512,0.12162730700000002,0.299382817,-0.793200234,0.09105759600000007,-0.556630048,0.5808745375000001,0.811830601,0.29999557825,1.430067454,1.674324092,-0.7961790930000001,-0.1483505770000001,-1.199982313
1993.0,2705.0,0.0,0.0,0.0,0.0,0.0,1.0,0.0,0.0,0.0,0.0,-1.9708354110000001,-2.10561397575,-0.5417538265,0.9031843879999999,0.06686857400000035,-0.8695254910000001,0.275136732,2.167015306,-1.61578964575,-1.5095574644999998,-0.43800366825,-0.29642251899999983,0.039631674000000006,-0.11302669700000001,0.09579595499999982,1.752014673,0.76307993275,0.035673759750000034,-0.092628641,-1.911686311,-0.1455426099999999,0.35021572600000006,-0.46472236699999997,0.370514564,1.02440850775,0.86916460525,0.202629622,0.029838887999999897,-0.23860172299999993,0.233205769,-0.014902622000000032,-0.810518488,1.040528739,0.75943746125,0.28178065125,-0.46851183399999996,-0.033881308,0.61276709,-0.11065257099999992,-1.127122605
1994.0,2938.0,0.0,0.0,0.0,0.0,0.0,1.0,0.0,0.0,0.0,0.0,-2.0195071215,-2.23819942975,-0.289127851,1.025281146,-0.8104871739999999,0.10436046399999999,0.20013936300000013,1.156511404,-1.462119148,-1.5256470055000002,-0.3932558345,0.059171126000000074,-0.047705145999999976,0.11644170300000001,-0.3761058490000002,1.573023338,0.8995558497500001,0.41284316525,-0.135171614,-4.194376931,0.797250738,-0.4657968480000001,-0.10078685100000007,0.540686456,0.93530419325,0.74951394575,-0.169135593,-0.454556293,0.4458179400000001,0.04181769199999996,-1.1230147590000001,0.676542372,1.04412010175,0.9592857612499999,0.15630004375,-0.2618087429999999,0.6230807460000001,-0.131494475,0.1332452,-0.625200175
1995.0,2728.0,0.0,0.0,0.0,0.0,0.0,1.0,0.0,0.0,0.0,0.0,-1.3872280464999998,-2.17273812175,-0.50133367025,0.29036246099999996,0.039967525000000004,0.3305162959999999,-0.8211233870000001,2.005334681,-1.49577644775,-1.59752165575,-0.460377585,0.23495579899999997,0.08424708400000003,-0.11630611200000018,0.18212888500000002,1.84151034,-0.34570096800000005,1.83439627725,-0.117172664,-0.11554061700000001,0.24140349100000003,-2.040821895,0.751536234,0.468690656,0.644989561,0.7953254027500001,0.139157512,-0.04898618099999996,-0.13294239899999993,-0.4839471770000001,0.255199754,-0.556630048,0.82401892625,1.105635447,0.2372552745,-0.35196568500000003,0.072128674,-0.342280554,-0.03052544800000001,-0.949021098
1996.0,2465.0,0.0,0.0,0.0,0.0,0.0,1.0,0.0,0.0,0.0,0.0,-2.11459450675,-2.05402176025,-0.5417538265,-0.016540513000000256,0.4732133900000002,0.535328477,-0.24424595800000004,2.167015306,-1.39538543225,-1.16001245625,-0.326134084,0.059171126000000074,0.042283274999999954,0.5119946080000001,-0.16487672900000006,1.304536336,0.55260822325,0.7430316605,0.355708842,0.557821922,-0.577849939,0.4018887179999999,-0.6109924640000001,-1.422835368,1.0104565027499999,1.0003622189999999,0.338641286,0.08638381299999998,-0.04841260000000003,-0.298150868,0.08391866000000014,-1.354565144,1.15575412925,1.041204156,0.328329909,0.6073196840000001,-0.12391267499999992,0.38467862500000005,-0.17934305900000003,-1.313319636
1997.0,2596.0,0.0,0.0,0.0,0.0,0.0,1.0,0.0,0.0,0.0,0.0,-2.072440068,-1.4516467685,-0.51143870925,0.014906738999999725,-0.4724298130000002,0.725753549,-0.302540539,2.045754837,-1.75404974125,-1.49803173525,-0.42681670975,-0.09649205300000019,0.127726094,0.020281788999999995,0.009672262000000043,1.707266839,1.39251865825,0.16603070350000004,-0.15480683225,-0.13270855199999998,3.129219141,-0.641607582,0.70279474,0.619227329,0.8808183827499999,0.6899926562500001,0.1633373635,0.189920062,0.31176388099999996,-0.43929147699999993,0.37248481400000005,-0.653349454,1.0662652795,0.87254706225,0.2271358705,0.22621888300000004,0.43616208099999987,-0.328243435,0.4261374320000001,-0.908543482
1998.0,2340.0,0.0,0.0,0.0,0.0,0.0,1.0,0.0,0.0,0.0,0.0,-1.46540570725,-2.05261812375,-0.5518588655,-0.7225351280000001,-0.33199214099999996,-0.07994195800000004,1.0459063210000001,2.207435462,-1.3570144207500001,-1.442390084,-0.33732104225,-0.09681317200000006,0.12999889499999995,0.02356120500000003,-0.03328496699999994,1.349284169,0.2836342275,0.68524332325,0.0260008025,0.09072207600000004,1.319231016,0.511268428,-2.208653359,-0.10400321,0.9178999760000001,0.984972417,0.22378699175,0.3044274720000001,0.3800008039999999,0.372419818,-0.6217423420000001,-0.895147967,0.8886719434999999,1.0488309635,0.2271358705,0.5423175669999999,0.42388085899999994,0.04615631999999992,-0.6205272199999999,-0.908543482
1999.0,2675.0,0.0,0.0,0.0,0.0,0.0,1.0,0.0,0.0,0.0,0.0,-1.8058591525,-2.0620172539999997,-0.29923289,0.30180930299999975,-0.13026826899999988,0.12528716899999992,0.6597216850000001,1.19693156,-1.2474068805,-1.16993603375,-0.225451458,0.03904963099999992,-0.17927857700000005,-0.14689585300000008,-0.50832532,0.901805832,0.13433203000000005,-0.25845370525,-0.07626595925,-0.7248559270000001,0.22785926899999998,-0.207876084,-0.47136502500000005,0.305063837,0.85509558075,0.882570998,0.26912421325,-0.003649218999999926,-0.10063877799999998,0.197807049,-0.20361803499999998,-1.076496853,0.8553646887499999,0.8515349395,0.30809110125,0.1829092309999999,0.01996907800000003,-0.33387607900000005,-0.535587019,-1.232364405
2000.0,2643.0,0.0,0.0,0.0,0.0,0.0,1.0,0.0,0.0,0.0,0.0,-1.684463155,-1.930862407,-0.339653046,-0.893741413,-1.4529410129999998,0.7723646069999999,0.460230629,1.358612184,-1.59604020125,-1.39015895825,-0.247825375,-0.06864307999999997,-0.2711609989999999,-0.06713301700000018,0.18108270199999987,0.9913015,1.519257378,0.49668919425,0.0701800435,1.183818017,7.277603599,-1.8734103770000001,0.660732654,-0.280720174,0.43382603624999994,0.511923334,0.18751721475,1.193650854,1.177249007,-0.604459358,-0.10518966600000001,-0.750068859,0.48163253775,0.86804466125,0.1583239245,1.8087897210000001,1.164978294,-0.406410217,0.08687913599999997,-0.633295698
2001.0,2838.0,0.0,0.0,0.0,0.0,0.0,1.0,0.0,0.0,0.0,0.0,-2.21053009475,-1.56939545875,-0.5922790215,0.26531568699999974,-0.10240152800000013,0.970637193,0.22724010000000017,2.369116086,-1.4879997412500001,-1.465887816,-0.3932558345,0.3828914990000001,0.17423550599999982,-0.023425614000000206,0.5262051860000001,1.573023338,0.9153179932500001,-0.05600410400000003,0.05586269675,-0.730623256,1.503624191,-1.65619175,0.534666956,-0.223450787,1.028664033,0.25249275225,0.30237150875,-0.05459016200000011,0.15378531200000012,-0.560445844,0.669084013,-1.209486035,1.20186284075,0.65186494725,0.31821050525,-0.057875538999999865,-0.2686676560000001,-1.091603163,0.5442078759999999,-1.272842021
2002.0,2085.0,0.0,0.0,0.0,0.0,0.0,1.0,0.0,0.0,0.0,0.0,-2.16967200675,-1.6397284810000001,-0.339653046,-0.4758184300000001,-0.0006946130000002881,-0.9492514710000002,0.19693999500000015,1.358612184,-1.6877453464999999,-1.6824315305000002,-0.43800366825,-0.00859971599999998,0.039631674000000006,-0.070412433,-0.11815324099999991,1.752014673,1.2816735382500002,-0.017215051749999988,-0.11144572525,0.8977420609999999,-1.178282378,1.824435116,-0.9832897270000001,0.445782901,0.95744805025,0.33660967525,-0.03010144775,0.1255769240000001,-0.14774325099999996,1.317189661,-0.7578570259999999,0.120405791,1.1988771034999999,0.31874830825,0.13808511675,0.19906192200000006,-0.16816968200000004,1.021741954,-0.47517909300000005,-0.552340467
2003.0,2158.0,0.0,0.0,0.0,0.0,0.0,1.0,0.0,0.0,0.0,0.0,-1.827898353,-2.036284243,-0.48112359225,-0.5552061399999999,-0.675843644,-0.2716749489999999,0.2815354689999998,1.924494369,-1.583549783,-1.7264645277500001,-0.482751502,0.09909299500000013,0.03849527300000011,0.015909235000000077,-0.03202954800000013,1.931006008,1.18972671675,0.028866798,-0.18098712325,1.290874086,3.661653895,0.13015593599999997,-0.8029672019999999,0.723948493,0.8974981557499999,0.79275735925,0.13009006775,0.22209163100000007,0.24334082199999996,0.028973958000000133,-0.07068687100000004,-0.520360271,1.1232966802500002,0.87855029775,0.136061236,0.12490711300000001,0.192531754,-0.04934251099999998,-0.6460057180000001,-0.544244944
2004.0,2565.0,0.0,0.0,0.0,0.0,0.0,1.0,0.0,0.0,0.0,0.0,-2.2375620305,-1.7876059530000001,-0.39017824125,0.20242118299999978,-0.27094736300000033,0.25209823500000006,0.6964205270000001,1.560712965,-1.97058254675,-1.94708601725,-0.382068876,0.2792230870000003,0.16931110399999993,0.006070988000000277,-0.11794400500000002,1.528275504,1.4943425289999999,-0.12800352275,-0.18180525725,-2.739835373,-0.30079536099999993,-0.40041411699999996,-1.3883588599999999,0.727221029,0.5542917245000001,0.38639023274999995,0.1572924005,-0.045036564,-1.36447026,-0.11144600799999999,-0.203590965,-0.629169602,0.77512451,0.39743464925,0.117846309,-0.25550121800000014,-1.479548328,0.11574065300000001,-0.42590427,-0.471385236
2005.0,2611.0,0.0,0.0,0.0,0.0,0.0,1.0,0.0,0.0,0.0,0.0,-2.05939386175,-2.116634708,-0.50133367025,0.20242118299999978,0.6436906060000003,-0.7984809159999999,0.523324262,2.005334681,-1.992745031,-1.68362365625,-0.51631237725,0.1913307500000001,-0.008392938000000072,-0.0725987090000002,-0.118571714,2.065249509,0.9355384557499999,1.1589496085,-0.144171089,-2.439522329,-1.287691036,1.19910651,-1.75122516,0.576684356,0.86331983975,0.9321458559999999,0.04848306925,0.1947473730000001,-0.4720795000000001,0.5689453889999999,-0.10574500100000006,-0.193932277,0.43480291125,0.55540375925,0.1927298975,-1.737197009,0.278165936,0.49900865699999997,0.41041339600000004,-0.77091959
2006.0,2644.0,0.0,0.0,0.0,0.0,0.0,1.0,0.0,0.0,0.0,0.0,-2.07397126825,-2.0199559367499997,-0.6023840605,0.22882207099999974,0.7439489860000001,0.7998309069999998,-0.5051370679999998,2.409536242,-2.0029148985,-1.8699295042500002,-0.52749933575,0.055467946999999906,-0.186096979,0.3174885030000001,-0.03223878400000002,2.109997343,0.49210607274999996,0.39615949925000005,0.12131342425,0.668750755,-2.304267776,-0.523107718,-0.5864034029999999,-0.485253697,0.71958726275,0.7541325935000001,0.20867458475,-0.02680705799999994,-0.39257833700000005,-0.719834044,0.32702301999999994,-0.834698339,0.95576940675,0.9249663275,0.18665825525,0.12421464000000004,-0.787643943,-0.488710494,-0.11525537799999985,-0.746633021
2007.0,2826.0,0.0,0.0,0.0,0.0,0.0,1.0,0.0,0.0,0.0,0.0,-2.07397126825,-2.0199559367499997,-0.6023840605,0.22882207099999974,0.7439489860000001,0.7998309069999998,-0.5051370679999998,2.409536242,-2.0029148985,-1.8699295042500002,-0.52749933575,0.055467946999999906,-0.186096979,0.3174885030000001,-0.03223878400000002,2.109997343,0.49210607274999996,0.39615949925000005,0.12131342425,0.668750755,-2.304267776,-0.523107718,-0.5864034029999999,-0.485253697,0.71958726275,0.7541325935000001,0.20867458475,-0.02680705799999994,-0.39257833700000005,-0.719834044,0.32702301999999994,-0.834698339,0.95576940675,0.9249663275,0.18665825525,0.12421464000000004,-0.787643943,-0.488710494,-0.11525537799999985,-0.746633021
2008.0,2655.0,0.0,0.0,0.0,0.0,0.0,1.0,0.0,0.0,0.0,0.0,-2.3402808029999997,-1.9506566715,-0.5821739825,0.24396116299999981,0.572747503,-0.31305432999999994,0.3342311539999998,2.32869593,-1.54725940125,-1.32174714325,-0.51631237725,-0.17665691100000003,-0.005362536000000029,0.07164116199999992,-0.03370344100000011,2.065249509,0.97133850425,0.42929861524999996,-0.1920319335,-0.28019499999999997,-1.486385921,-0.39088990599999995,-1.937661755,0.768127734,0.2607116175,0.48639738875000005,0.160314882,0.09485767600000002,0.09243547400000002,-0.003135374000000024,0.07356913499999995,-0.641259528,1.1929255374999999,1.43487496675,0.42142842425,0.11521250699999985,-0.03264265899999996,0.09861624199999985,0.14545283100000006,-1.685713697
2009.0,2746.0,0.0,0.0,0.0,0.0,0.0,1.0,0.0,0.0,0.0,0.0,-1.8524031542500001,-2.377784062,-0.6124890995,0.08284760699999971,-0.06415361600000002,-0.6538330109999997,0.2472361529999998,2.449956398,-0.763124457,-1.05604468875,-0.28138625025,0.09072327700000005,-0.13049636499999995,0.1284662270000001,-0.5936120679999999,1.125545001,0.14239086674999998,0.7705472387500001,-0.02799604775,-0.24552198700000002,0.601606624,2.38751626,-0.128598403,0.111984191,0.2607116175,0.48639738875000005,0.160314882,0.09485767600000002,0.09243547400000002,-0.003135374000000024,0.07356913499999995,-0.641259528,1.1929255374999999,1.43487496675,0.42142842425,0.11521250699999985,-0.03264265899999996,0.09861624199999985,0.14545283100000006,-1.685713697
2010.0,2775.0,0.0,0.0,0.0,0.0,0.0,1.0,0.0,0.0,0.0,0.0,-2.48062974225,-1.9609028759999998,-0.5821739825,0.32704112399999996,-0.5089877669999998,-0.581480518,-0.3934408560000002,2.32869593,-1.9456859387499998,-1.8085193445,-0.19189058275,0.09136551700000006,0.0804590839999999,1.4123598560000001,0.52474053,0.767562331,0.7994603889999999,0.6111817315,-0.161760972,-1.4455118310000001,0.16834289699999994,0.46356237499999997,1.711963497,0.647043888,1.0073400315,0.56344789325,0.03639314375,0.07419713500000003,0.018893634999999964,1.023349084,0.270764647,-0.145572575,1.10004033175,0.8803418380000001,0.11177466675,-0.25072919400000004,-0.1878642450000001,0.9072932709999999,0.08915707900000003,-0.447098667
2011.0,3031.0,0.0,0.0,0.0,0.0,0.0,1.0,0.0,0.0,0.0,0.0,-2.13610579675,-2.6382597370000003,-0.53164878725,0.30433248499999976,-0.303642556,-0.03725465700000008,-0.0838532729999999,2.126595149,-1.65526556275,-1.5410718890000001,-0.6281819615,0.299023461,0.03887407399999998,0.06398919199999997,-0.291446812,2.512727846,0.60879779125,1.52759742275,-0.19816793925,0.6204554470000001,0.40139503400000004,-1.3951073150000002,-1.171928836,0.792671757,0.88621324,0.9886284920000001,-0.169135593,0.3148587640000001,-0.02365046999999998,0.08537692899999993,-0.5815229850000001,0.676542372,0.95639258025,1.23792600575,-0.0157298215,0.15352429600000006,0.3233828849999999,-0.04001048600000012,0.21445872700000002,0.062919286
2012.0,2691.0,0.0,0.0,0.0,0.0,0.0,1.0,0.0,0.0,0.0,0.0,-1.73537999925,-2.356455769,-0.359863124,-1.130180336,0.6114782589999999,0.3305162959999999,0.5887235259999999,1.439452496,-1.67142003,-1.6608789145,-0.404442793,-0.20853018299999992,0.17158390499999987,-0.026705029000000158,-0.41990002300000007,1.617771172,0.3043173965,1.04250995,-0.2010314085,3.303815251,-0.07648749099999999,-0.869142649,-0.758324083,0.804125634,0.56254719075,0.8734390247499999,-0.03010144775,0.657200234,-0.23515817900000002,-0.17333129200000008,-0.5937960769999999,0.120405791,0.52023142125,1.00177504375,-0.08454176775,1.335755681,-0.6645034120000001,-0.23831792200000002,-0.858490465,0.338167071
2013.0,2900.0,0.0,0.0,0.0,0.0,0.0,1.0,0.0,0.0,0.0,0.0,-2.48062974225,-1.9609028759999998,-0.5821739825,0.32704112399999996,-0.5089877669999998,-0.581480518,-0.3934408560000002,2.32869593,-1.9456859387499998,-1.8085193445,-0.19189058275,0.09136551700000006,0.0804590839999999,1.4123598560000001,0.52474053,0.767562331,0.7994603889999999,0.6111817315,-0.161760972,-1.4455118310000001,0.16834289699999994,0.46356237499999997,1.711963497,0.647043888,1.0073400315,0.56344789325,0.03639314375,0.07419713500000003,0.018893634999999964,1.023349084,0.270764647,-0.145572575,1.10004033175,0.8803418380000001,0.11177466675,-0.25072919400000004,-0.1878642450000001,0.9072932709999999,0.08915707900000003,-0.447098667
2014.0,3126.0,0.0,0.0,0.0,0.0,0.0,1.0,0.0,0.0,0.0,0.0,-2.0068972137500003,-2.719907788,-0.41038831925,-0.1448527030000002,0.7800240939999998,0.13878330500000002,0.14353836299999978,1.641553277,-1.60308139675,-1.5536210775000001,-0.35969495925,-0.2605249490000001,0.216578116,0.01700237399999982,-0.033494203999999916,1.438779837,0.6211885817499999,0.90420388325,-0.011633366,-1.049306599,0.053739024000000024,0.6134869939999998,-0.344080497,0.046533464,0.6421990875,0.74615558325,-0.1721580745,0.19869699000000007,-0.33290666199999996,-0.04118129700000006,-0.10803441200000002,0.688632298,1.122391157,0.8915534365,0.12998959375,0.208831808,-0.29303811,0.9758422290000001,-0.11658709899999997,-0.519958375
2015.0,3052.0,0.0,0.0,0.0,0.0,0.0,1.0,0.0,0.0,0.0,0.0,-1.54363958375,-1.7052361685,-0.38007320225,-0.5086197959999998,0.10632359899999999,0.40810046600000005,-0.2482451699999999,1.520292809,-1.595201437,-1.6819344550000002,-0.35969495925,-0.11661354700000004,-0.3157764089999999,0.28252620799999995,-0.1183624780000001,1.438779837,0.29295603425000005,0.10994351175000001,0.17326493925,1.07587395,-0.254834307,0.498658486,-0.326708573,-0.693059757,0.50229482275,-0.012833956750000014,-0.090551076,0.7247163190000001,-0.44554906400000005,-0.377406193,-0.44097876199999997,0.362204304,0.91050778525,0.73606280625,0.19880153975,0.558394979,-0.38573876400000007,0.11903558400000003,0.29234295099999985,-0.795206159
2016.0,2548.0,0.0,0.0,0.0,0.0,0.0,1.0,0.0,0.0,0.0,0.0,-1.87270322475,-2.1268204075000003,-0.72364452875,0.16961981599999998,0.5417422689999998,-0.12744399000000017,-0.7764261240000001,2.894578115,-1.6153232235,-1.085677346,-0.2366384165,1.0306533639999997,0.043798476000000086,-0.36980542299999986,-0.03579580699999996,0.946553666,0.43103511575000003,0.016534052999999993,0.225625521,0.263471944,-2.053503739,0.082732169,0.46830137299999997,-0.902502084,0.7833882947499999,0.7503157537499999,0.32352887875,0.15072695000000003,-0.5511153189999999,-0.8245579239999999,1.098004899,-1.294115515,0.9977074505,1.3387745144999998,0.441667232,0.4124638930000001,-0.3045513769999999,-0.166188236,0.4842204939999999,-1.766668928
2017.0,2649.0,0.0,0.0,0.0,0.0,0.0,1.0,0.0,0.0,0.0,0.0,-1.4301790867500002,-2.1268204075000003,-0.72364452875,-0.01167919499999992,-0.63832,-0.12744399000000017,-0.7764261240000001,2.894578115,-1.07513690525,-1.085677346,-0.2366384165,-0.033066629999999986,-0.001195735000000031,-0.36980542299999986,-0.03579580699999996,0.946553666,0.539903095,0.016534052999999993,0.225625521,-0.05640463200000001,1.04688735,0.082732169,0.46830137299999997,-0.902502084,0.45364015925,0.7503157537499999,0.32352887875,0.018327859999999974,0.831221895,-0.8245579239999999,1.098004899,-1.294115515,0.04642263549999992,1.3387745144999998,0.441667232,0.462547703,-0.8083355569999999,-0.166188236,0.4842204939999999,-1.766668928
2018.0,2948.0,0.0,0.0,0.0,0.0,0.0,1.0,0.0,0.0,0.0,0.0,-2.2713983875,-1.4518711882500002,-0.41038831925,-0.26947264400000015,0.06493719400000009,0.9309826760000002,-0.5754292789999998,1.641553277,-1.46826884675,-1.76092817375,-0.404442793,-0.09681317200000006,-0.04959914700000012,-0.4714310300000002,0.571045545,1.617771172,3.013055413,0.11988885425000007,0.128267564,2.865573938,-4.999247016,-2.5442431,0.11373147300000003,-0.513070256,1.0542007897499999,-0.718634742,-0.04823633625,0.2313074060000001,0.05212794300000012,-1.441858119,0.903369499,0.192945345,1.2815752864999999,0.27721335825,0.10367914375,0.15990710200000002,-0.18767225599999993,-1.141172607,0.414805932,-0.414716575
2019.0,2695.0,0.0,0.0,0.0,0.0,0.0,1.0,0.0,0.0,0.0,0.0,-1.90886757125,-2.1895809230000003,-0.339653046,-0.6029615520000002,0.37247216500000024,-0.4316009359999997,0.24163725800000013,1.358612184,-1.523967711,-1.2918945955,-0.404442793,-0.3125197150000001,-0.04922034700000011,-0.06494674000000011,-0.12087331800000012,1.617771172,1.7453567460000001,1.22370440725,-0.1310809435,5.98169392,-0.5010274459999999,3.373974659,-1.260375218,0.524323774,0.71211744025,0.72844578475,-0.28398988725,0.7482119810000001,-0.21356038599999994,0.572344233,-0.775399626,1.135959549,1.00799897,1.204403118,0.18665825525,1.144663369,-0.16045908099999995,0.3601554539999998,-0.352763034,-0.746633021
2021.0,2715.0,0.0,0.0,0.0,0.0,0.0,1.0,0.0,0.0,0.0,0.0,-1.1921092632499999,-0.939330743,-0.208287539,0.5256323169999999,-0.16103208000000002,-0.05247565799999998,0.37083610200000006,0.833150156,-0.9972023550000001,-0.006264825000000029,-0.012899248,0.5425789759999999,-0.263963796,1.019011366,-0.301280934,0.051596992,0.22623421425,-0.49283744975,-0.02881418175,0.7256497529999999,-0.49780110799999994,0.03414568699999998,0.08061448400000004,0.115256727,0.75751150275,0.9291880402499999,0.1572924005,-0.02461282499999995,-9.823399999997484e-05,0.130674815,-0.10100375799999994,-0.629169602,1.0840676265,1.2118909205000001,0.328329909,-0.10257013400000004,0.07812993199999996,0.4693462789999999,-0.37575331700000003,-1.313319636
1990.0,2860.0,0.0,0.0,0.0,0.0,0.0,0.0,1.0,0.0,0.0,0.0,-0.044748608249999995,0.7439624795,0.17570394375,0.038414352,0.352089525,-0.07031249599999995,0.14255073000000007,-0.702815775,-0.39351837675,-0.5081019572500001,-0.06883404,-0.113552607,-0.08625975399999997,-0.04854966199999999,0.305351181,0.27533616,-0.5029719530000001,-0.52046558325,-0.2022586095,-0.054197302,-0.11051893000000002,0.21073691299999997,-0.41897138200000006,0.809034438,-0.06356943175000002,-0.50839488775,-0.28398988725,0.012622857000000015,-0.002800152,0.40733326299999995,-0.72327302,1.135959549,-0.176048317,-1.51072194225,-0.52979553675,-0.011321889999999973,-0.25834343000000004,0.425832769,-0.5476075479999998,2.119182147
1991.0,1968.0,0.0,0.0,0.0,0.0,0.0,0.0,1.0,0.0,0.0,0.0,-0.044748608249999995,0.7439624795,0.17570394375,0.038414352,0.352089525,-0.07031249599999995,0.14255073000000007,-0.702815775,-0.39351837675,-0.5081019572500001,-0.06883404,-0.113552607,-0.08625975399999997,-0.04854966199999999,0.305351181,0.27533616,-0.5029719530000001,-0.52046558325,-0.2022586095,-0.054197302,-0.11051893000000002,0.21073691299999997,-0.41897138200000006,0.809034438,-0.06356943175000002,-0.50839488775,-0.28398988725,0.012622857000000015,-0.002800152,0.40733326299999995,-0.72327302,1.135959549,-0.176048317,-1.51072194225,-0.52979553675,-0.011321889999999973,-0.25834343000000004,0.425832769,-0.5476075479999998,2.119182147
1993.0,3068.0,0.0,0.0,0.0,0.0,0.0,0.0,1.0,0.0,0.0,0.0,0.08154005675,0.26611177799999997,0.1150737095,0.038414352,-0.085260525,-0.11519869000000002,-0.06964390399999998,-0.460294838,0.06217968,0.25742049499999997,0.11015729475,-0.113552607,0.23248772099999998,-0.15890223999999997,0.087008016,-0.440629179,-0.43874275275,-0.48677623025,-0.197349805,-0.054197302,0.066501841,-0.263983155,0.01246400999999997,0.78939922,-0.16741464625000002,-0.3744913205,-0.08450611325,0.012622857000000015,0.07744555999999997,-0.005625665999999974,-0.19639789000000002,0.338024453,-0.4381221555,-0.94798988175,-0.2788343215,-0.011321889999999973,0.714765794,0.06070571400000002,0.11156346899999992,1.115337286
1994.0,3463.0,0.0,0.0,0.0,0.0,0.0,0.0,1.0,0.0,0.0,0.0,0.17392641674999998,0.5356707752500001,0.26664929475,0.038414352,-0.6582197949999999,-0.050276764999999994,0.1417508879999999,-1.066597179,0.216818416,0.70530997575,0.26677471275,-0.113552607,-0.564528865,0.24867518900000002,-0.259997598,-1.067098851,-0.4541823605,-0.643978328,0.154447855,-0.054197302,0.283564246,0.25350653500000003,0.08526787499999999,-0.61779142,-0.01590581525000001,-0.1766062165,-0.090551076,0.012622857000000015,0.007626469999999996,0.58084957,0.025872069999999997,0.362204304,-0.45453738350000006,-0.7163314822500001,-0.48122239825,-0.011321889999999973,1.231543488,0.313584314,-0.2695632189999999,1.924889593
1995.0,3337.0,0.0,0.0,0.0,0.0,0.0,0.0,1.0,0.0,0.0,0.0,0.36014767200000003,0.41474535874999996,0.17570394375,0.038414352,-0.18262183399999998,-0.586238165,-0.188538694,-0.702815775,-0.715464902,-1.0865354305000001,-0.20307754125,-0.113552607,0.04152567499999993,0.244284497,-0.381336765,0.812310165,-0.46829755375000004,-0.4141484475,-0.1564431005,-0.054197302,0.16188222499999994,-0.186855027,0.34926282899999994,0.625772402,0.32618768,0.49150899975,0.13009006775,0.012622857000000015,0.046820101,-0.45406177,0.05513242700000004,-0.520360271,0.29925933175,0.24895614424999998,-0.25859551375,-0.011321889999999973,-0.30999522300000004,-0.20420658799999997,0.036728183,1.034382055
1996.0,3241.0,0.0,0.0,0.0,0.0,0.0,0.0,1.0,0.0,0.0,0.0,0.0643474815,0.13756032875,0.0039182805,0.038414352,-0.42331788600000003,0.13491662999999998,-0.180540273,-0.015673122,-0.7045004495,-1.270978612,-0.27019929175,-0.113552607,-0.09156295700000006,0.06617546899999982,0.09391282499999987,1.080797167,-0.03790517800000001,-0.260019036,0.039909082,-0.054197302,1.276894118,1.243688251,-0.057048667,-0.159636328,0.36554271949999995,-0.030400849,0.13311254925,0.012622857000000015,-0.043573026999999986,0.047754282,0.23207594199999998,-0.532450197,0.296027994,0.4162397175,0.302019459,-0.011321889999999973,0.996131566,0.382162934,0.558249738,-1.208077836
1997.0,3074.0,0.0,0.0,0.0,0.0,0.0,0.0,1.0,0.0,0.0,0.0,0.3348416545000001,0.35217363449999994,0.0847585925,0.038414352,-0.14920237400000003,0.35976454299999994,0.0037537810000000116,-0.33903437,-0.26033504550000003,-0.29974923249999996,-0.06883404,-0.113552607,-0.172838975,-0.217913582,0.003395162000000007,0.27533616,-0.4032048555,-0.50710811375,-0.2022586095,-0.054197302,-0.19897937399999993,0.039703819999999945,0.309853099,0.809034438,0.2953273555,0.42199716975,0.19053969625,0.012622857000000015,0.05854968500000002,0.616624112,-0.205961587,-0.762158785,0.2751598195,0.8523825905,0.26558960525,-0.011321889999999973,0.43300354399999996,0.08682785100000001,0.27679414299999994,-1.062358421
1998.0,3223.0,0.0,0.0,0.0,0.0,0.0,0.0,1.0,0.0,0.0,0.0,0.19105863599999998,0.12387316274999999,-0.17797242175,0.038414352,-0.38772562199999994,0.10310962700000001,0.353239576,0.711889687,-0.12677291425,-0.31824190175,-0.06883404,-0.113552607,0.09598988799999998,0.13939761200000003,-0.254138973,0.27533616,-0.255022434,-0.618606295,-0.11962706625,-0.054197302,-0.010621427999999988,0.2630131379999999,0.42419453599999996,0.478508265,0.261860375,0.43325965225,0.1572924005,0.012622857000000015,-0.12037519700000004,0.358103802,-0.352087021,-0.629169602,-0.148660193,-0.64104524675,0.0085567475,-0.011321889999999973,0.51930041,1.031615918,-0.33678180499999993,-0.03422699
1999.0,3184.0,0.0,0.0,0.0,0.0,0.0,0.0,1.0,0.0,0.0,0.0,0.3519738740000001,0.50898729525,0.23633417775,0.038414352,0.12129179999999995,0.326649621,0.832724056,-0.945336711,-0.18273157750000002,-0.5598227607499999,-0.03527316475,-0.113552607,-0.304791205,-0.08897764899999999,0.048235519999999976,0.141092659,-0.5255565175,-0.72159626675,-0.1302628095,-0.054197302,-0.04758725600000002,-0.07835074000000009,-0.07082872299999998,0.521051238,0.17793698575,0.026701600500000002,0.160314882,0.012622857000000015,-0.320897872,-0.197013744,-0.015769660000000005,-0.641259528,0.03920449949999999,-0.49366479475,-0.1047805755,-0.011321889999999973,-0.32238171600000004,-0.211950475,-0.747744482,0.419122302
2000.0,3187.0,0.0,0.0,0.0,0.0,0.0,0.0,1.0,0.0,0.0,0.0,-0.0368765885,0.4354994785,0.0140233195,0.038414352,-0.289640046,-0.14831361199999998,-0.41593032999999996,-0.056093278,-0.42650643425,-0.7558472725000001,-0.04646012325,-0.113552607,0.22415411800000007,0.038865144000000074,0.006115238000000023,0.185840493,-0.4102532035,-0.428522339,-0.12371773675,-0.054197302,-0.11140505000000006,0.21793827900000007,0.833610857,0.494870947,0.008508037999999996,0.06881074949999993,-0.12077589025,0.012622857000000015,0.803664779,0.10956111100000002,0.36919301499999996,0.483103561,0.02533624625,-0.86152928175,-0.309192533,-0.011321889999999973,0.5300642769999999,0.34573272000000005,0.6848949830000001,1.236770132
2001.0,3373.0,0.0,0.0,0.0,0.0,0.0,0.0,1.0,0.0,0.0,0.0,-0.06206189474999999,0.47896274674999995,-0.03650187575,0.038414352,-0.12109421100000001,0.7950732589999999,-0.34333248599999994,0.146007503,-0.2934178035,-0.38803338624999995,-0.0800209985,-0.113552607,0.048722877,0.04214456,0.003185925000000006,0.320083994,-0.5256793765000001,-0.5613539710000001,-0.126581206,-0.054197302,-0.05623134800000007,-0.623213491,-0.04531888500000003,0.506324824,-0.34952786325000007,-0.95691758275,-0.08450611325,0.012622857000000015,-0.08779529399999997,-0.9947063870000001,0.419477262,0.338024453,0.32560079524999996,-0.149105575,0.1502284015,-0.011321889999999973,0.531984163,-0.250540427,1.112387735,-0.600913606
2002.0,2860.0,0.0,0.0,0.0,0.0,0.0,0.0,1.0,0.0,0.0,0.0,0.014097580500000002,0.77454052075,0.20601906075,0.038414352,0.04890016,-0.34961898199999986,-0.155039221,-0.824076243,-0.27148889825,-0.38410361525000003,-0.06883404,-0.113552607,-0.217454386,-0.08241881899999998,0.22006443399999998,0.27533616,-0.486834247,-0.34989293949999994,-0.12944467525,-0.054197302,-0.24815397799999994,0.135154585,-1.535926081,0.517778701,0.21961947399999998,-0.06466605375000001,0.0212807365,0.012622857000000015,0.04858840699999997,-0.102831215,0.288361386,-0.085122946,-0.2253466375,-1.000225822,-0.0784701255,-0.011321889999999973,-0.18144795599999997,0.7844292879999999,-0.15504422399999995,0.313880502
2003.0,3153.0,0.0,0.0,0.0,0.0,0.0,0.0,1.0,0.0,0.0,0.0,0.09873263175,0.40902881175,-0.07692203175,0.038414352,0.252796835,-0.39319725600000005,-0.143841431,0.307688127,-0.28245335075,-0.39740908575,0.03184858575,-0.113552607,-0.08436575400000002,0.30876153199999995,0.046561626999999994,-0.127394343,-0.4317334605,-0.7088526829999999,-0.12944467525,-0.054197302,0.006490324000000047,-0.02020388900000003,-0.018169698999999984,0.517778701,0.21961947399999998,-0.06466605375000001,0.0212807365,0.012622857000000015,0.04858840699999997,-0.102831215,0.288361386,-0.085122946,-0.2253466375,-1.000225822,-0.0784701255,-0.011321889999999973,-0.18144795599999997,0.7844292879999999,-0.15504422399999995,0.313880502
2004.0,3319.0,0.0,0.0,0.0,0.0,0.0,0.0,1.0,0.0,0.0,0.0,0.09873263175,0.40902881175,-0.07692203175,0.038414352,0.252796835,-0.39319725600000005,-0.143841431,0.307688127,-0.28245335075,-0.39740908575,0.03184858575,-0.113552607,-0.08436575400000002,0.30876153199999995,0.046561626999999994,-0.127394343,-0.5318805172500001,-0.5940539549999999,-0.144989223,-0.054197302,-0.11364653499999999,0.08557677899999994,-0.36321377899999996,0.579956892,0.21961947399999998,-0.06466605375000001,0.0212807365,0.012622857000000015,0.04858840699999997,-0.102831215,0.288361386,-0.085122946,-0.2253466375,-1.000225822,-0.0784701255,-0.011321889999999973,-0.18144795599999997,0.7844292879999999,-0.15504422399999995,0.313880502
2005.0,3119.0,0.0,0.0,0.0,0.0,0.0,0.0,1.0,0.0,0.0,0.0,0.19172254824999999,0.21845102125000004,0.1251787485,0.038414352,0.355469441,-0.43023593500000007,0.356438944,-0.500714994,-0.43813378724999996,-0.32785313125000004,-0.303760167,-0.113552607,-0.264721396,0.053075945,-0.641172502,1.215040668,-0.41552041650000004,-0.41923491650000005,-0.16503350825,-0.054197302,0.423537242,0.005106697000000021,-0.05585554100000001,0.660134033,0.07120590925,0.31487295725,0.0212807365,0.012622857000000015,-0.162081684,0.08160226399999998,-0.235249015,-0.085122946,-0.20764476275,0.002477676250000005,-0.0521596755,-0.011321889999999973,-0.16203209899999993,1.014836632,-0.271747903,0.208638702
2006.0,2886.0,0.0,0.0,0.0,0.0,0.0,0.0,1.0,0.0,0.0,0.0,0.250870515,0.3428903565,0.1049686705,0.038414352,0.390096014,0.3754595719999999,0.08914909800000001,-0.419874682,-0.23783794025,-0.407361971,-0.12476883225,-0.113552607,0.09409588800000002,0.44207001800000006,-0.12547652399999998,0.499075329,-0.39421986,-0.62719416825,-0.118399865,-0.054197302,0.039146479999999984,0.312134765,-0.09205861999999998,0.47359946,0.09594550325,-0.09949234725,-0.04219137325,0.012622857000000015,0.31986086,-0.178766151,0.134175838,0.168765493,-0.093252218,-0.46827723849999997,-0.03799251,-0.011321889999999973,-1.040644606,0.789776134,-0.5312645739999999,0.15197004
2007.0,3146.0,0.0,0.0,0.0,0.0,0.0,0.0,1.0,0.0,0.0,0.0,0.27539190925000007,-0.0011819852500000172,-0.03650187575,0.038414352,-0.521644885,-0.197123563,-1.011110232,0.146007503,-0.471405945,-0.5740032102499999,-0.169516666,-0.113552607,-0.22086358699999997,-0.13924388399999998,0.047189337,0.678066664,-0.39569622975,-0.378330757,-0.0345411205,-0.054197302,0.556641519,0.184219081,-0.738047635,0.138164482,0.112772062,0.17288557124999998,-0.018011522,0.012622857000000015,0.319581655,0.26418764,0.03150742100000001,0.072046088,-0.44568412699999993,0.09777018775000001,0.0186761515,-0.011321889999999973,1.91791731,0.44094575300000005,-0.034135111999999995,-0.074704606
2008.0,3123.0,0.0,0.0,0.0,0.0,0.0,0.0,1.0,0.0,0.0,0.0,0.14135193575,0.49987477025,0.21612409975,0.038414352,0.6925611110000001,-0.31519614099999993,0.310141996,-0.864496399,-0.304666356,-0.19533388275000002,-0.247825375,-0.113552607,-0.084744555,-0.07258057300000001,-0.42575864999999996,0.9913015,-0.39145236775000003,-0.4823579955,-0.2022586095,-0.054197302,-0.042723831000000045,-0.862844329,-0.005444921000000047,0.809034438,0.31773949975,0.27273405325,0.0424381065,0.012622857000000015,0.08061282200000003,-0.057611784,0.09867065500000002,-0.169752426,-0.23638920975,-0.5348402097499999,-0.40229104825,-0.011321889999999973,-0.979362325,-0.517860597,-0.5424558919999999,1.609164193
2009.0,3259.0,0.0,0.0,0.0,0.0,0.0,0.0,1.0,0.0,0.0,0.0,0.20770801049999998,0.23090795374999998,-0.0061867585,0.038414352,-0.6577369500000001,-0.596701518,-0.03534458700000004,0.024747034,-0.09350075675,-0.28904768049999996,-0.04646012325,-0.113552607,0.052132078,0.04651711399999997,0.476761622,0.185840493,-0.26180528875000003,-0.17033723224999997,-0.1654425755,-0.054197302,-0.8970427950000001,0.14229208999999998,-0.18128095899999996,0.661770302,0.1045565535,0.0753073675,0.066617958,0.012622857000000015,0.129020257,-0.11741359800000001,0.18569296999999998,-0.266471832,-0.041450281000000005,-0.34971342375,0.08951197825,-0.011321889999999973,0.451354186,0.18936949199999997,1.264604737,-0.358047913
2010.0,3284.0,0.0,0.0,0.0,0.0,0.0,0.0,1.0,0.0,0.0,0.0,0.12325402574999997,-0.011001154250000006,0.0948636315,0.038414352,-0.658944063,-0.1295858,0.388338733,-0.379454526,-0.10465460925,-0.29787248749999995,0.02066162725,-0.113552607,0.00751666799999999,0.09350393200000001,-0.039352830000000005,-0.082646509,-0.3136028955,-0.38887195524999996,-0.11471826175,-0.054197302,0.819793608,-0.193894236,-0.627708267,0.458873047,0.10693053724999999,-0.17688079850000005,-0.132865816,0.012622857000000015,0.54402884,-0.29414083900000004,-0.43955638900000005,0.531463264,0.0588123455,-0.08990368425000002,0.09963138225,-0.011321889999999973,0.44127155799999995,-0.470283744,0.304036781,-0.398525529
2011.0,3414.0,0.0,0.0,0.0,0.0,0.0,0.0,1.0,0.0,0.0,0.0,0.10678571850000002,-0.04885686075000001,0.22622913875,0.038414352,-0.18624317199999998,-0.128277881,0.087549414,-0.904916555,-0.17119892475,-0.30686877749999997,-0.13595579075,-0.113552607,0.095232288,-0.123939945,-0.641381739,0.543823163,-0.45397932750000003,-0.517506119,-0.2022586095,-0.054197302,-0.38414141800000007,-0.07343950799999999,-0.20046275599999996,0.809034438,0.068482918,-0.20692209425,-0.3444395155,0.012622857000000015,-0.240559091,0.07287801599999996,0.004116491,1.377758062,-0.33869252175,-0.2709326855,-0.414434333,-0.011321889999999973,0.6328290049999999,0.187376902,-0.45299484999999995,1.657737332
2012.0,3511.0,0.0,0.0,0.0,0.0,0.0,0.0,1.0,0.0,0.0,0.0,0.5126476892499999,0.17181716175,0.307069451,0.038414352,0.36005647099999993,0.524031234,0.721027843,-1.228277804,-0.1824474775,-0.42470439325,-0.091207957,-0.113552607,-0.03823514300000003,0.14158388900000002,-0.252674316,0.364831828,-0.46915116375,-0.6076565782500001,-0.108173189,-0.054197302,0.20412265899999993,-0.11252275100000009,-0.14479593599999996,0.432692756,-0.27970804125000004,-0.519731547,-0.0784611505,0.012622857000000015,0.19148399400000005,-0.17207791899999997,-0.28908262700000004,0.313844602,-0.402077402,-0.4399359705,-0.369908956,-0.011321889999999973,0.34502838999999996,-0.35704841200000004,-1.361437442,1.479635824
2013.0,3669.0,0.0,0.0,0.0,0.0,0.0,0.0,1.0,0.0,0.0,0.0,0.10702714100000002,0.27244190975,0.0948636315,0.038414352,0.084009578,-1.082545049,-0.25073859000000004,-0.379454526,-0.160234472,0.147996567,-0.12476883225,-0.113552607,-0.037856343000000015,-0.294397003,-0.12777812700000002,0.499075329,-0.5280023145,-0.507292029,-0.2022586095,-0.054197302,-0.037804068000000024,0.559311392,-0.21631589200000007,0.809034438,-0.20046281725000004,-0.30301132249999996,-0.190292963,0.012622857000000015,-0.505316734,0.9601484269999999,-0.420144363,0.761171852,-0.14606985925,-0.37625233999999996,-0.2869298445,-0.011321889999999973,-0.37825726100000007,2.345349069,0.43130096300000004,1.147719378
2014.0,3556.0,0.0,0.0,0.0,0.0,0.0,0.0,1.0,0.0,0.0,0.0,0.31825263575,0.1519066215,0.14538882675,0.038414352,0.188372141,0.05299175800000001,-0.14864048399999996,-0.581555307,-0.159950372,-0.44961804225,-0.012899248,-0.113552607,0.22869971900000002,-0.172019902,0.30660660100000003,0.051596992,-0.47100898825000004,-0.254578172,0.198627096,-0.054197302,-0.165286567,-0.0037496409999999702,0.471869709,-0.794508384,-0.035618235750000005,-0.50303620625,-0.04823633625,0.012622857000000015,0.086476152,0.29581169500000004,0.02115789600000001,0.192945345,-0.34176282699999994,-0.4252525265,-0.22823730225,-0.011321889999999973,0.3293284799999999,-0.453730934,-0.5900835860000001,0.912949209
2015.0,3574.0,0.0,0.0,0.0,0.0,0.0,0.0,1.0,0.0,0.0,0.0,0.4952136915,0.75170267975,0.22622913875,0.038414352,-0.24825364000000005,-0.16180974800000003,0.342041785,-0.904916555,-0.11628196199999999,-0.25094360974999996,-0.012899248,-0.113552607,-0.481358847,0.628924155,0.21943672400000003,0.051596992,-0.4396780315,-0.6759788805,0.19699082775,-0.054197302,0.10678506799999998,0.453907939,-0.04449921099999998,-0.787963311,-0.18747607449999998,-0.9269130087499999,-0.033123929,0.012622857000000015,0.49282641899999996,0.27480744600000007,-0.18309533900000008,0.132495716,-0.5608446265,-1.3541694825000001,-0.2869298445,-0.011321889999999973,0.874836706,0.07234579299999999,-0.31634982700000003,1.147719378
2016.0,2900.0,0.0,0.0,0.0,0.0,0.0,0.0,1.0,0.0,0.0,0.0,0.394412111,0.5416735085,0.0443384365,0.038414352,0.358366512,0.031648107000000036,-0.421529225,-0.177353746,-0.33793851375,-0.59354515575,-0.03527316475,-0.113552607,-0.04088674400000003,-0.6637327209999999,-0.03746969999999994,0.141092659,-0.4893496185,-0.7321243415,-0.1834415255,-0.054197302,-0.04624640599999996,-0.03572057900000003,-0.09222145100000001,0.733766102,-0.30181771225,-1.090969063,-0.211450333,0.012622857000000015,-0.12223949600000006,-0.854395876,-0.11969803000000012,0.845801332,-0.44043378325000004,-1.24202870725,-0.309192533,-0.011321889999999973,-0.373705195,-1.444893328,-0.15156286500000005,1.236770132
2017.0,3040.0,0.0,0.0,0.0,0.0,0.0,0.0,1.0,0.0,0.0,0.0,0.23319509475,0.45249892525,0.16559890475,0.038414352,-0.488466847,0.22207317900000006,-0.488528172,-0.662395619,-0.2044710825,-0.209806494,-0.1023949155,-0.113552607,0.139090099,-0.079139403,-0.21160021699999998,0.409579662,-0.40521534625,-0.361458322,0.102087273,-0.054197302,-0.40105455100000004,1.72947246,0.015947807999999952,-0.408349092,-0.437943281,-0.6866196905,-0.02405648475,0.012622857000000015,-1.365124667,1.1275876879999998,-0.476456876,0.096225939,-1.5500655680000002,-1.8911243779999998,-0.32538357925,-0.011321889999999973,-3.0477859659999997,2.55560122,-0.8297408799999999,1.301534317
2018.0,3166.0,0.0,0.0,0.0,0.0,0.0,0.0,1.0,0.0,0.0,0.0,0.006044493500000001,1.14003979325,0.16559890475,0.038414352,0.487940168,0.7061918460000001,-0.5867209629999999,-0.662395619,-0.4825597975,-1.03640333425,-0.1023949155,-0.113552607,-0.265478997,-0.994826729,-0.59716909,0.409579662,-0.5110912445,-0.71023822625,0.102087273,-0.054197302,-0.196803626,0.03756324199999994,-0.18481471900000002,-0.408349092,-0.24244777925000005,-1.2811187990000001,-0.02405648475,0.012622857000000015,-0.58314266,-0.696479959,-0.2265794269999999,0.096225939,-0.160156419,-1.8270155087500002,-0.32538357925,-0.011321889999999973,-0.7429533500000001,-1.0621780869999997,-0.20055732400000004,1.301534317
2019.0,3314.0,0.0,0.0,0.0,0.0,0.0,0.0,1.0,0.0,0.0,0.0,0.14074837925,0.29758453250000005,0.1049686705,0.038414352,0.016929235000000042,-0.45116264,0.07555178200000001,-0.419874682,-0.21562493524999998,-0.11323283925,-0.05764708175,-0.113552607,0.09447468799999997,0.14049075099999997,-0.040608250000000005,0.230588327,-0.31215284775,-0.3069618935,0.030909607,-0.054197302,-0.12011430500000003,0.357139895,1.204044937,-0.123638428,-0.060590501500000005,-0.44389775500000006,-0.2144728145,0.012622857000000015,-0.171112275,0.557276574,0.728268342,0.857891258,-0.05063487924999999,-0.265040534,-0.26871491775,-0.011321889999999973,0.27757141500000004,0.509001271,0.160943427,1.074859671
2021.0,2715.0,0.0,0.0,0.0,0.0,0.0,0.0,1.0,0.0,0.0,0.0,0.25916502450000006,0.6771572035,0.0544434755,0.038414352,0.22130875600000005,-0.21977513199999998,0.938821372,-0.217773902,0.08382448475,0.3768218165,0.09897033625,-0.113552607,-0.300245604,0.06291419100000004,0.08596183299999999,-0.395881345,-0.364885166,-0.6506259999999999,-0.0877198365,-0.054197302,0.33747422,0.24666641899999997,-0.10044942300000004,0.350879346,0.28948583075,0.32459938075,0.06964043925,0.012622857000000015,0.282996872,-0.445446978,-0.132634737,-0.278561757,-0.3435031275,-0.90569631,-0.17156864075,-0.011321889999999973,-0.671204462,0.341688214,-0.914669204,0.686274563
1993.0,2819.0,0.0,0.0,0.0,0.0,0.0,0.0,0.0,1.0,0.0,0.0,-0.6133302585,-0.5769356704999999,-0.258812734,-0.299935874,-0.22545677400000003,-0.240701837,-0.30893927499999996,1.035250936,-0.084431664,0.03026556875,-0.12476883225,0.114226831,0.140984099,-0.028873170000000004,0.08868190899999999,0.499075329,0.76330106925,0.09151361600000002,-0.064812082,0.04847008800000019,0.625240789,-0.022766213000000035,0.19014187100000007,0.259248328,1.0305311157500001,0.9787616415,0.281214139,-0.19600298400000005,-0.47394087499999993,0.7375121130000001,-0.30388876100000006,-1.124856556,1.406081167,1.15754058175,0.3667836435,-0.06472497700000002,-0.2369705769999999,0.27069371799999997,0.19038203899999995,-1.467134574
1995.0,2745.0,0.0,0.0,0.0,0.0,0.0,0.0,0.0,1.0,0.0,0.0,0.1470127585,-0.09186655375000002,-0.10723714875,0.215836068,-0.253082092,-0.501280509,-0.181340116,0.428948595,0.2011355295,0.11403562774999998,0.02066162725,-0.10180083000000004,-0.079441352,-0.076953126,0.302421869,-0.082646509,-0.38498906525,-0.08745511475000001,0.04318161825,-0.596043173,0.02620438599999997,0.32233694599999996,0.370607767,-0.172726473,0.94238386125,1.20862058425,0.19053969625,-0.03889271299999986,-0.05707091600000003,-0.03392933300000012,-0.009240200000000032,-0.762158785,1.33144957825,1.42967660875,0.29190005525,-0.010260497000000202,-0.35013375000000013,-0.0017063330000000043,0.13688990800000012,-1.167600221
1996.0,2774.0,0.0,0.0,0.0,0.0,0.0,0.0,0.0,1.0,0.0,0.0,-0.24063374975000001,-0.171733819,-0.228497617,0.44741367499999996,-0.15523793800000002,0.590261077,-0.367233855,0.913990468,-0.029974665250000004,-0.12298925775,-0.0240862065,0.162197298,-0.035583543,0.142677028,0.261347769,0.096344826,0.10902598000000008,-0.283427435,0.02886427175,-1.474517879,0.330600097,-0.752317088,0.702493336,-0.115457087,1.183043507,1.0101426299999998,0.22983195475,0.09779381900000006,-0.22817510099999994,-0.07419918199999997,-0.09297071400000001,-0.919327819,1.43791527775,1.40655698625,0.449762755,0.08259105099999986,-0.21546139799999997,-0.14319387799999994,-0.2012819829999999,-1.79905102
1997.0,2844.0,0.0,0.0,0.0,0.0,0.0,0.0,0.0,1.0,0.0,0.0,-0.13935299075000002,-0.14039324375,-0.04660691475,0.07743115,0.013307897000000013,-0.37446944400000004,0.17214488899999997,0.186427659,-0.1058279945,-0.1022230635,0.02066162725,0.022310196000000004,-0.03709874199999999,0.053075945,0.08868190899999999,-0.082646509,-0.014344180499999998,-0.14251129474999996,-0.0001794885,0.03340591800000001,-0.468857612,0.36657676799999994,0.134402279,0.000717954,1.11194841675,0.7958461837499999,0.19053969625,-0.19468644499999999,0.5233646600000001,-0.766228394,-0.04279474700000008,-0.762158785,1.42411993875,1.12762807725,0.354640359,-0.0668023929999999,0.1383841079999999,-0.2524143670000001,0.4110091659999999,-1.418561436
1998.0,2850.0,0.0,0.0,0.0,0.0,0.0,0.0,0.0,1.0,0.0,0.0,-0.036198802500000016,-0.6657476572500001,0.0342333975,0.30396239199999997,-0.42283504,-1.314823531,-0.20284195800000004,-0.13693359,0.0772148215,-0.13461528225,0.00947466875,-0.221566439,0.097883889,-0.387277502,-0.03977130299999998,-0.037898675,0.008258714999999972,0.45234058725000004,-0.16421537425,-1.3467497709999998,0.539924449,2.008941753,-0.08239495,0.656861497,0.9874882645,1.0861894295,0.25098932475,0.3340669840000001,0.27918105400000004,-0.15701025999999996,-0.2854791219999999,-1.003957299,1.46778336375,1.62170103025,0.48416872825,0.03304915399999997,-0.02664140100000001,0.07810791499999992,-0.07464861599999995,-1.936674913
1999.0,2767.0,0.0,0.0,0.0,0.0,0.0,0.0,0.0,1.0,0.0,0.0,-0.46546976025,-0.40157053425,-0.09713210975,-0.376800402,0.27921504099999994,0.04776008199999998,-1.075709653,0.388528439,0.05787481950000001,0.095853998,-0.12476883225,-0.409424008,0.18597830999999998,0.104435318,-0.385521498,0.499075329,0.49007367725,0.22656228125,-0.1924410005,1.071645002,-0.353589005,0.023609959999999985,0.550262405,0.769764002,1.032366107,0.9263960762499999,0.23285443625,0.13435385200000005,-0.25917576,0.056854350999999914,-0.5682745739999999,-0.931417745,1.3690259455,1.31792538275,0.34249707425,0.087513634,-0.13352460999999982,-0.170982317,-0.7383523479999999,-1.369988297
2000.0,2785.0,0.0,0.0,0.0,0.0,0.0,0.0,0.0,1.0,0.0,0.0,-0.22543193325000005,-0.050159191999999964,-0.258812734,-0.391939495,-0.597175018,0.40899143899999996,-0.22043848500000002,1.035250936,-0.03782398199999999,0.15718039974999998,0.02066162725,0.058207767,-0.08133535299999999,-0.120660529,0.431293554,-0.082646509,-0.29047636575,-0.151902595,-0.04517686375,0.548468613,0.178994842,-0.271456709,0.706846047,0.180707455,0.869655917,0.974624892,0.19356217775,0.945292034,0.376929536,-0.4009481880000001,-0.419277324,-0.774248711,1.08542639625,1.3995580855,0.36071200125,1.423835207,0.21671021999999995,-0.25198025299999993,0.35748198900000006,-1.442848005
2004.0,2649.0,0.0,0.0,0.0,0.0,0.0,0.0,0.0,1.0,0.0,0.0,-0.52287521625,-0.49800379775,-0.17797242175,0.324147849,0.146502892,-0.19278285900000003,0.468934998,0.711889687,-0.088405442,-0.11491030199999999,-0.012899248,0.394001037,-0.036341143,-0.12612622199999998,0.389800982,0.051596992,0.24375429650000002,0.34766126475000003,0.1597657265,-0.142569177,-0.727416039,0.473558732,0.09343701499999998,-0.639062906,1.23111974525,0.5202259135,0.066617958,0.13435385200000005,0.08526918300000008,0.41624542099999995,-0.029072211000000014,-0.266471832,1.44745447625,0.9174853002500001,0.3141627435,0.023971739999999908,-0.2701850109999999,0.11221924900000002,-0.3372843160000001,-1.256650974
2005.0,2722.0,0.0,0.0,0.0,0.0,0.0,0.0,0.0,1.0,0.0,0.0,-0.04058397350000001,-0.2113831635,0.0847585925,0.495169087,-0.255979163,0.29787540199999996,0.088349256,-0.33903437,0.009452941749999999,-0.14442730175000001,0.03184858575,-0.17359597200000002,-0.125193163,0.054169083,-0.34130885,-0.127394343,-0.15795040275,0.01838150049999998,-0.1143091945,-0.934963209,0.181059896,-0.711749403,-0.7494524810000001,0.457236778,1.19232311825,1.030457062,0.10893269775,0.13435385200000005,-0.36278757100000003,0.47521713800000004,-0.17578004999999997,-0.435730791,1.3674296365,1.4775928155,0.03689107825,0.087513634,-0.773740094,0.533850731,-0.011542203000000084,-0.147564313
2007.0,2804.0,0.0,0.0,0.0,0.0,0.0,0.0,0.0,1.0,0.0,0.0,-0.41046869999999996,-0.38866085275,-0.218392578,0.045983897999999995,-0.09153751199999993,0.36802900299999997,-0.24673937999999998,0.873570312,0.054427274250000005,-0.11361355825,-0.0240862065,-0.045781766,0.007895467000000003,-0.123939945,0.21797206800000002,0.096344826,0.2895223894999999,-0.007611661499999978,0.021910132,-0.009224139999999999,0.319880144,-0.897517051,0.601841171,-0.087640528,1.1157543515,1.0486283085,0.374911063,0.13435385200000005,0.457361386,-0.03778245299999994,1.1788906670000001,-1.499644252,1.33414858575,1.6166681942499999,0.441667232,0.14613294499999996,0.2481100380000001,0.08778506599999991,0.20883960700000004,-1.766668928
2008.0,2755.0,0.0,0.0,0.0,0.0,0.0,0.0,0.0,1.0,0.0,0.0,-0.24785402225000003,0.05384825424999999,-0.238602656,-0.06718920000000006,0.386474675,-0.013238085999999996,-0.443830909,0.954410624,-0.18213494575,0.006267469000000012,-0.012899248,-0.245391112,-0.082092953,0.010461679999999994,-0.041235959999999995,0.051596992,0.06197938925000002,-0.12475506725000002,-0.02390537725,-0.684578519,-0.21781585199999998,-0.64645409,0.142738323,0.095621509,1.07781861,0.99901986375,0.217742029,0.13435385200000005,-0.820805604,0.35957608499999993,-0.344609312,-0.870968116,1.3749962467499999,1.380928551,0.257494082,0.087513634,-0.6235598229999999,0.443954882,-0.25600069999999997,-1.029976328
2009.0,2706.0,0.0,0.0,0.0,0.0,0.0,0.0,0.0,1.0,0.0,0.0,-0.31069506125,-0.15588523425,0.0443384365,0.05103026199999999,-0.22473250699999997,-0.02893311500000001,-0.10314337800000001,-0.177353746,-0.10566068399999999,-0.05839930325,-0.0240862065,-0.02163597199999999,0.00751666799999999,-0.033245723000000005,0.34705299,0.096344826,0.27158963425000004,-0.21623133799999997,0.2558964825,0.11748377900000001,-0.028218638000000018,-0.24938219,0.38887765799999996,-1.02358593,0.97518402025,1.0534526005,0.1996071405,0.13435385200000005,0.796219281,0.2228523280000001,-0.164346926,-0.798428562,1.340861356,1.47677727675,0.41333290125,-0.19388618000000002,0.10373903600000012,0.038590410000000075,0.2240730070000001,-1.653331605
2010.0,2706.0,0.0,0.0,0.0,0.0,0.0,0.0,0.0,1.0,0.0,0.0,-0.41754904825,-0.049873849000000005,-0.10723714875,0.17312702000000002,-0.055703826999999984,0.021184755000000003,-0.137442695,0.428948595,-0.28016063975000005,-0.10162700075,-0.05764708175,0.36615206400000005,-0.037856343000000015,0.054169083,0.08889114599999999,0.230588327,0.815172309,0.0015984829999999839,0.01127438875,-0.588893162,-0.533444566,0.20367500800000005,0.521268046,-0.045097555,1.04310154075,1.3196427507500001,0.23285443625,-0.03625963499999996,-0.3610192660000001,0.126743241,-0.2627752940000001,-0.931417745,1.47959174,1.6194774889999999,0.42142842425,-0.10311204699999998,-0.014552168999999893,0.17120970599999996,0.12211209599999995,-1.685713697
2012.0,3055.0,0.0,0.0,0.0,0.0,0.0,0.0,0.0,1.0,0.0,0.0,-0.18121127625,-0.2943859385,-0.12744722675,-0.9430359850000001,0.046485934000000007,-0.018469763,-0.16694295700000006,0.509788907,0.1604475065,0.07370250299999999,-0.012899248,-0.641227745,-0.07906255300000001,-0.11628797599999999,0.002348977999999998,0.051596992,0.5295482535,0.47888205449999993,0.074679781,1.945971904,-0.568731486,-0.12914588700000001,-0.406123871,-0.298719124,0.94886167775,1.389288369,0.096842772,0.000300398000000035,-0.7294817889999999,0.126743241,-0.30204640299999985,-0.387371088,1.375232263,1.486397523,0.23927915525,0.253601682,-0.11391676400000006,0.05554767100000002,-0.5803410010000001,-0.957116621
2013.0,3539.0,0.0,0.0,0.0,0.0,0.0,0.0,0.0,1.0,0.0,0.0,-0.19290921149999998,-0.17740914925,-0.0061867585,0.12149431200000002,-0.02035298599999999,0.156260281,0.468135156,0.024747034,-0.04931466725,-0.21117724,0.02066162725,-0.025660271,0.052510878000000004,-0.125033083,0.347889937,-0.082646509,-0.07135165999999998,-0.24132240600000002,0.15731132425,-0.45563650499999997,-0.256357279,-0.385803057,0.229785755,-0.629245297,1.24372332075,0.7968114902500001,0.25098932475,0.06123378600000007,0.05110418700000019,0.10434516299999996,0.22201105200000004,-1.003957299,1.46313900325,1.4602129355,0.2534463205,-0.0668023929999999,-0.16806441000000016,0.11834533199999986,0.13825667399999997,-1.013785282
2014.0,3513.0,0.0,0.0,0.0,0.0,0.0,0.0,0.0,1.0,0.0,0.0,-0.1941445115,0.043272981,0.0948636315,0.19448154400000003,0.11501481200000001,0.021184755000000003,0.464935787,-0.379454526,-0.10657205875,-0.06806002649999998,0.065409461,0.07028066300000001,0.09636868800000001,0.05635536,-0.040189775999999997,-0.261637844,0.21652550799999998,-0.5099810037500001,0.11313208325,-0.9526430879999999,-0.483427392,0.09769524499999999,-0.451642148,-0.452528333,-0.40304986925,-0.013936631750000001,0.03639314375,0.10552576999999996,0.254788275,0.062336665,0.165860958,-0.145572575,-0.9668447404999999,-0.54905109175,-0.05823131775,0.3545669630000001,0.485893987,-0.405493492,-0.091657449,0.232925271
2015.0,2921.0,0.0,0.0,0.0,0.0,0.0,0.0,0.0,1.0,0.0,0.0,-0.279468976,0.122826128,-0.0061867585,-0.820939226,0.384543294,-0.370545686,0.087549414,0.024747034,-0.1156411515,-0.10362161,0.09897033625,-0.157498776,0.00751666799999999,0.226812418,0.34642528,-0.395881345,0.17222575800000006,-0.39957974775000005,-0.0435405955,1.754503737,-0.36936988499999995,0.38175153799999995,0.7814520930000001,0.174162382,-0.28125163925,-0.053687552750000006,-0.03010144775,0.140870286,0.479700805,0.416511787,0.13322759,0.120405791,-0.47245880675,0.09270072900000001,-0.14525819075,0.239857435,0.364270812,0.365610123,-0.255463143,0.581032763
2017.0,2745.0,0.0,0.0,0.0,0.0,0.0,0.0,0.0,1.0,0.0,0.0,-0.053293799,-0.24123820950000002,-0.16786738275,0.140325655,0.081353929,0.449953876,-0.5507280680000001,0.671469531,0.28182349025,0.22505127725000001,0.03184858575,-0.24571223100000003,0.18787231,0.19294326200000003,0.04384155099999998,-0.127394343,0.20101139374999996,0.16491227300000003,0.12949476525,-1.2651958030000001,-0.566419434,-0.350580086,0.66448328,-0.517979061,-0.18857977499999998,0.177000025,0.102887735,0.634819067,-0.17167068699999996,0.24291702400000004,0.46619900999999997,-0.41155094,-1.40718654075,-0.50205867325,0.1401089975,0.7465065200000001,-0.968548849,0.048286397000000036,1.9968587759999998,-0.56043599
2018.0,2669.0,0.0,0.0,0.0,0.0,0.0,0.0,0.0,1.0,0.0,0.0,-0.25141301750000006,-0.08310978375,-0.13755226575,-0.284981829,0.145778623,0.379800275,-0.139042378,0.550209063,-0.08189328224999999,-0.06105965449999999,0.04303554425,0.014261598,0.140226499,-0.302048972,0.43254897400000003,-0.172142177,0.01143940050000003,-0.265846201,0.014137858,0.13791436899999998,0.00792565700000003,-0.35992453399999996,0.985717154,-0.056551432,0.214327466,-0.19584940625,-0.02405648475,0.438177861,0.013864998999999989,-0.381713589,0.40332996600000004,0.096225939,0.16530902799999997,-0.752717723,-0.17156864075,0.7755001020000001,-0.615205092,-1.003503093,1.000602271,0.686274563
2019.0,2893.0,0.0,0.0,0.0,0.0,0.0,0.0,0.0,1.0,0.0,0.0,-0.48905519899999994,-0.15518320799999996,-0.0061867585,-0.6901038549999999,0.27921504099999994,-0.141357071,0.16014725700000002,0.024747034,-0.11176207325,-0.07874702424999999,-0.0240862065,-0.437272981,0.09598988799999998,0.05635536,-0.169270699,0.096344826,0.48241023224999996,0.11977978550000001,-0.1396713515,0.5038092860000001,-0.340899599,0.837820429,-0.20526096499999996,0.558685406,0.24595252274999999,0.28670069750000005,0.07266292075,-0.0900357,-0.02923751899999999,0.58700507,-0.12172987800000001,-0.290651683,0.6133229109999999,0.73366427525,-0.098708933,0.15960598299999995,-0.07986621299999996,0.09893170500000004,-0.48104353,0.394835732
2021.0,2715.0,0.0,0.0,0.0,0.0,0.0,0.0,0.0,1.0,0.0,0.0,0.44690894675000004,0.13191504025,0.0140233195,-0.06485106399999996,0.592302731,-0.373161525,0.8056233180000001,-0.056093278,0.33714134274999996,0.2150315285,0.03184858575,-0.201766063,0.09977788999999998,0.061821052000000015,-0.38635844399999997,-0.127394343,-0.7200022317499999,-0.44446166725,-0.1916228665,0.07211937899999998,-0.214549098,-0.10950511000000002,-0.6588664909999999,0.766491466,0.47554719274999996,0.5685506155,0.05150555075,0.01964439899999998,-0.279377522,0.00952044799999996,-0.15536563399999992,-0.206022203,0.13741226525,0.51425328875,-0.04608803325,-0.23933357100000002,-0.28906201,0.293105648,-0.8514695330000001,0.184352133
1998.0,2039.0,0.0,0.0,0.0,0.0,0.0,0.0,0.0,0.0,1.0,0.0,-0.19896161824999997,-0.8334635717500001,-0.0162917975,0.243591071,-0.457944458,-1.320055207,-0.12304553600000001,0.06516719,-0.10254775999999999,-0.2543365665,-0.0240862065,-0.297385878,0.09636868800000001,-0.345756375,-0.125267287,0.096344826,0.7354524542499998,1.8707129915,-0.14253482075,-2.372666262,0.868993823,3.8842612589999996,-0.407926051,0.570139283,0.2822716845,0.5482790949999999,0.160314882,0.03787390500000001,0.31706879899999996,-0.01129589000000003,0.138361748,-0.641259528,0.68516927,1.10017930325,0.3404731935,0.299846734,0.19870644599999998,0.07397442099999996,0.3094337519999999,-1.361892774
2000.0,2356.0,0.0,0.0,0.0,0.0,0.0,0.0,0.0,0.0,1.0,0.0,-0.42327199800000004,-0.20949939850000002,-0.319442968,-0.379323584,-0.56496267,0.369336922,-0.21563943200000002,1.277771872,-0.13919485225,0.080656197,0.00947466875,0.022310196000000004,-0.082092953,-0.12284680599999999,0.388545562,-0.037898675,0.385615038,-0.07154065199999998,0.1851278835,1.349193015,0.472940075,-0.657493894,0.684398042,-0.740511534,0.5051654955,0.7644918252499999,0.06964043925,0.792908052,0.5492436139999999,-0.403704846,0.36397764700000007,-0.278561757,0.14900619225,0.46373378774999996,0.08951197825,0.2692423689999999,0.68959633,-0.33029535,0.12401641699999996,-0.358047913
2001.0,2477.0,0.0,0.0,0.0,0.0,0.0,0.0,0.0,0.0,1.0,0.0,-0.20358261949999998,-0.03197325475,0.0039182805,-0.03709606199999999,-0.15741074199999994,0.313570431,0.468934998,-0.015673122,-0.010199591749999987,0.02734930325,0.0765964195,-0.229615036,0.00675906699999998,0.054169083,0.4321305,-0.306385678,0.39017820925,-0.237762145,0.01086532175,-0.40358854499999997,-0.07565172999999997,-0.198046029,0.468288883,-0.043461287,0.70623638125,-0.21310250575,0.066617958,-0.21399568699999993,-0.04636508799999994,-1.264222326,0.843182781,-0.266471832,0.303378441,-0.18081454825000004,0.1320134745,-0.294339964,-0.029242526000000046,-0.33651042100000006,0.35110375,-0.528053898
2002.0,2371.0,0.0,0.0,0.0,0.0,0.0,0.0,0.0,0.0,1.0,0.0,-0.629888879,-0.5654605115,-0.07692203175,-0.60197753,0.2789736180000001,0.1061424110000001,-0.319337223,0.307688127,-0.10439259875000001,-0.05883843825,-0.012899248,-0.157498776,0.140984099,-0.03433886100000001,0.08847267199999999,0.051596992,1.227845377,0.17827484649999997,-0.1568521675,0.71055747,-1.13362745,-0.42987235000000007,0.039692212000000004,0.62740867,0.577846138,-0.06795142375000002,-0.24772011,0.20639418200000004,-0.22333552800000006,0.6824719720000001,-0.21625697100000002,0.99088044,0.626105246,0.2649749045,0.01665227075,0.538012176,-0.21415458599999998,0.326556395,0.052417173,-0.066609083
2003.0,2768.0,0.0,0.0,0.0,0.0,0.0,0.0,0.0,0.0,1.0,0.0,-0.60950484775,-0.2521937015,-0.289127851,0.3317173950000001,0.14602004599999996,0.23164555800000003,-0.360835118,1.156511404,-0.22101423074999998,-0.04782303099999999,-0.012899248,0.218216364,0.13984769900000002,0.230091834,0.04509697,0.051596992,1.3915921685,0.11626457799999995,0.6862350155,-1.4180295729999999,-1.197406269,-0.422169412,1.209169532,-2.744940062,0.70626390825,0.52486466975,0.18751721475,0.042363391000000084,-0.21346731800000007,0.029240324999999956,-0.5233139739999999,-0.750068859,0.275255151,0.3937255035,0.08546421675,0.38893480599999997,0.18356394799999998,0.08396703400000005,-0.411792318,-0.341856867
2004.0,2706.0,0.0,0.0,0.0,0.0,0.0,0.0,0.0,0.0,1.0,0.0,-0.6848694925000001,-0.626967186,-0.218392578,0.22728291099999998,0.21261754300000002,-0.05247565799999998,0.471334524,0.873570312,-0.222881159,-0.21315297175,-0.04646012325,0.31415729800000003,0.051374478,-0.08460509599999999,0.390219455,0.185840493,1.52979825775,0.9579443297499999,0.603194405,0.15785603300000006,-1.510485048,0.321450566,0.142202041,-2.41277762,0.35736416375,0.54764240625,0.160314882,-0.022620637,0.11375406200000004,-0.173895024,0.180924655,-0.641259528,0.50319040175,0.304034873,0.1927298975,-0.20841313299999997,-0.274966174,-0.09464097499999999,0.10155181299999994,-0.77091959
2005.0,2796.0,0.0,0.0,0.0,0.0,0.0,0.0,0.0,0.0,1.0,0.0,-0.20464244425,-0.38751684550000004,0.0342333975,0.507784996,-0.22328397100000003,0.29133580600000003,0.05404993999999999,-0.13693359,-0.12612355025,-0.26460941425,-0.0017122895,-0.161523074,-0.126329563,0.050889667,-0.383847604,0.006849158,0.634749386,0.824140219,-0.117581731,-1.921903891,0.549870415,-1.8526497710000003,-1.440837041,0.470326924,0.95879919375,1.0409485115000001,0.2207645105,0.2430552370000001,-0.024860364000000024,0.26924667700000005,-0.0636562169999999,-0.883058042,0.7036123139999999,0.9308049535,0.1583239245,-0.24095930900000007,-0.5817986690000001,0.8077795970000001,0.3016418249999999,-0.633295698
2006.0,2823.0,0.0,0.0,0.0,0.0,0.0,0.0,0.0,0.0,1.0,0.0,-0.1145375915,-0.47098773825,0.0443384365,-0.05845058600000001,-0.35744465599999997,0.2133346920000001,0.395537313,-0.177353746,-0.08184276099999999,-0.14542014475,0.02066162725,-0.073630738,-0.03709874199999999,0.096783348,0.04593391699999999,-0.082646509,0.12190024599999999,0.54459264175,-0.047222199,0.024604650999999998,1.057877351,-0.5218694849999999,-0.769018772,0.188888796,0.920395652,0.9796076662500001,0.30237150875,0.4310205370000001,-0.19326555499999987,-0.116019769,0.038985130000000146,-1.209486035,0.62343745025,0.87840254925,0.1664194475,0.436083214,-0.5926492529999999,0.10008573200000004,-0.09226509500000013,-0.66567779
2008.0,2468.0,0.0,0.0,0.0,0.0,0.0,0.0,0.0,0.0,1.0,0.0,-0.38594161575,-0.06650942374999999,-0.258812734,-0.05709647100000004,0.317945798,0.018568915999999998,-0.441431383,1.035250936,-0.29549843275,-0.058460535499999994,-0.03527316475,-0.233318216,-0.082850553,0.054169083,-0.083774715,0.141092659,0.712814609,-0.1391439665,0.190036688,-1.906606555,-0.393248489,-0.29475694299999994,0.304760455,-0.760146752,0.6263169015000001,0.5178630725,0.11497766075,0.19245211900000003,0.03341528100000002,-0.11877642700000002,0.08823991899999994,-0.459910643,0.4846982635,0.52013384525,0.1482045205,0.149685538,-0.07881955200000001,0.07992252899999996,0.08610814,-0.592818082
2009.0,2591.0,0.0,0.0,0.0,0.0,0.0,0.0,0.0,0.0,1.0,0.0,-0.46547535225000003,-0.34126656774999997,-0.0061867585,0.09509342399999998,-0.12471554900000004,0.03729672900000003,-0.099144168,0.024747034,-0.27544279800000004,-0.167328971,-0.04646012325,0.03840739100000001,0.0060014669999999826,0.008275403000000014,0.218390541,0.185840493,1.45094363625,0.253983811,0.1069960775,0.23808289699999996,-0.4661289420000001,-0.6253944530000001,0.22525844700000003,-0.42798431,0.690424905,0.47647443724999994,0.11497766075,0.12372051699999997,-0.07913405299999998,-0.10933153699999998,0.056080675999999996,-0.459910643,0.45800752275,0.4476317545,0.1239179515,0.13222318299999997,-0.11431929600000001,0.08474627299999998,0.062136588999999964,-0.495671806
2010.0,2445.0,0.0,0.0,0.0,0.0,0.0,0.0,0.0,0.0,1.0,0.0,-0.58094265925,-0.19811352025,-0.13755226575,0.183219749,-0.09081324400000002,0.088722518,-0.134243325,0.550209063,-0.4260522205,-0.20014295525,-0.0800209985,0.330254493,-0.12822356499999998,0.0071822640000000215,0.089309619,0.320083994,1.9354518425,0.42512365750000003,0.1143592845,-1.5113358839999997,-0.43169428200000004,0.068561325,1.0350206329999998,-0.457437138,0.21364918825,0.61415997275,0.13311254925,0.0856419,0.023826277000000062,-0.07072188300000004,0.09010934599999998,-0.532450197,0.394726708,0.53343061075,0.10367914375,-0.074555188,0.10058050000000007,0.29556201400000004,-0.17463511500000006,-0.414716575
2011.0,2722.0,0.0,0.0,0.0,0.0,0.0,0.0,0.0,0.0,1.0,0.0,-0.51017683075,-0.17958216275,-0.10723714875,0.17312702000000002,0.247002693,0.272607995,-0.095944798,0.428948595,-0.5470999249999999,-0.39836980549999995,-0.169516666,0.022631316000000012,0.137574898,-0.26490040099999995,0.17606102299999998,0.678066664,2.789964276,0.00542140725000001,-0.08894703775,-2.2347669349999997,-0.22176780099999993,-0.480937103,0.825865856,0.355788151,0.420881438,0.64254959175,0.139157512,-0.738022827,0.057153655000000025,-0.09346478199999997,0.2892284249999999,-0.556630048,0.48036184825000006,0.6873392845,-0.125019383,-0.658670883,-0.223574532,-0.433853531,-0.14224082299999996,0.500077532
2012.0,2672.0,0.0,0.0,0.0,0.0,0.0,0.0,0.0,0.0,1.0,0.0,-0.3537453235,-0.45285420075000005,-0.16786738275,-0.930420075,0.045278821000000025,-0.09647087700000001,-0.12544506199999994,0.671469531,-0.009334607749999998,-0.09046311275,-0.05764708175,-0.581184382,-0.080577753,-0.20916847300000002,0.04614315400000002,0.230588327,1.54770157975,1.36129976375,0.39047954075,3.0567196709999997,-0.694775806,0.013500124000000002,-0.337139783,-1.561918163,0.15350067,0.55666892325,0.096842772,1.1979382969999999,0.20424025899999998,-0.44012157399999996,0.11755441700000002,-0.387371088,0.19863973699999998,0.48025977774999995,0.038914959,1.290835247,0.12617104900000004,0.07192250600000005,-0.585527701,-0.155659836
2013.0,2844.0,0.0,0.0,0.0,0.0,0.0,0.0,0.0,0.0,1.0,0.0,-0.34719645050000003,-0.32610281950000003,-0.05671195375,0.06112298999999999,-0.021560097999999972,0.07825916500000002,0.395537313,0.226847815,-0.13869292075,-0.27655361675,0.00947466875,-0.109528309,0.051753278,-0.08241881899999998,0.391265638,-0.037898675,0.52315373825,-0.10745163675,0.15199345275,-0.8171949359999999,-0.11356599299999998,-0.519849817,-0.16899688200000001,-0.607973811,0.32024649650000003,0.3654556645,0.12706758625,0.38426601499999996,-0.15481939900000002,0.243371301,-0.0039977629999999875,-0.508270345,0.419544072,0.63226072675,0.19070601675,0.14330273300000002,-0.29209672099999995,0.20607061600000004,0.094776199,-0.762824067
2014.0,2941.0,0.0,0.0,0.0,0.0,0.0,0.0,0.0,0.0,1.0,0.0,-0.35619914325,-0.142550334,0.0241283585,0.097616606,0.113566277,0.051683838999999995,0.431436313,-0.096513434,-0.20794292874999998,-0.1229703805,0.04303554425,0.034383091999999976,0.09561108900000001,0.010461679999999994,0.04614315400000002,-0.172142177,0.9262330587500001,-0.2908916445,0.06527123875,-1.1217924460000002,-0.7995882430000001,0.04090010899999999,-0.842871669,-0.261084955,0.29750094125000004,0.49904445625000005,0.20867458475,0.470889298,0.160300123,-0.41416774300000003,0.245744338,-0.834698339,0.47204333675,0.486412897,0.12998959375,0.26291988899999996,0.44575546,-0.385497439,0.344608499,-0.519958375
2015.0,2699.0,0.0,0.0,0.0,0.0,0.0,0.0,0.0,0.0,1.0,0.0,-0.42597178999999996,-0.07225685700000001,-0.07692203175,-0.8108464989999999,0.34967529899999994,-0.377085282,0.05404993999999999,0.307688127,-0.21684471049999998,-0.16903141824999998,0.0765964195,-0.237342514,0.051374478,0.137211335,0.26072006,-0.306385678,1.03055809625,-0.18265105025,0.08286112175,2.8055135360000003,-0.8045142729999999,0.826083405,0.928965278,-0.331444487,0.139622266,0.40750717150000004,0.060572995,0.24582409600000002,0.171936638,-0.361351526,0.16957274199999994,-0.24229198,0.11089375925,0.22829694975,-0.003586537,0.299620896,0.034325067,-0.47551193799999997,-0.29224997099999994,0.014346148
2016.0,2904.0,0.0,0.0,0.0,0.0,0.0,0.0,0.0,0.0,1.0,0.0,-0.0651170935,0.17755984575,-0.0061867585,-0.623517101,0.07869828099999998,0.056915515,0.04205230799999998,0.024747034,0.12343514975,0.32114391774999995,0.065409461,-0.27356120500000003,0.23135132,-0.24850332299999997,0.08617107000000002,-0.261637844,0.6397256927499999,-0.16454784475,-0.0783112945,0.471445088,0.07909622099999991,-0.0032497919999999736,0.9082779089999999,0.313245178,-0.155467005,0.317548048,0.24796684325,-0.34220835699999996,0.555106943,-0.730563307,0.176711677,-0.991867373,0.1391958035,0.09960793299999998,0.3141627435,-0.043935867999999996,0.290341886,-1.240864258,0.614019812,-1.256650974
2017.0,3250.0,0.0,0.0,0.0,0.0,0.0,0.0,0.0,0.0,1.0,0.0,-0.16389046925,-0.343930468,-0.208287539,0.040937534000000005,0.14795142700000002,0.410299358,-0.47253133,0.833150156,0.18045262,0.1489355935,0.02066162725,-0.28160980199999996,0.18711471,0.235557527,0.04426002299999998,-0.082646509,0.7882128465,0.57439163775,0.322165344,-1.355572865,-1.102153651,-0.13340521,1.608555701,-1.288661376,0.13912312025,0.6022795194999999,0.15124743775,0.394596285,1.146341416,-0.13271662300000003,0.10193538499999999,-0.604989751,-0.42703084625,0.55804658525,0.101655263,0.390861662,0.21750922899999992,0.01585219099999996,-0.03192726000000001,-0.406621052
2018.0,3101.0,0.0,0.0,0.0,0.0,0.0,0.0,0.0,0.0,1.0,0.0,-0.40634808450000004,-0.25955842749999997,-0.17797242175,-0.308859534,0.178473816,0.410299358,-0.135043168,0.711889687,-0.19525676875,-0.11559210575000001,0.03184858575,0.026334495000000013,0.139468898,-0.259434708,0.34663451700000003,-0.127394343,0.9233814287500001,0.127200782,0.09145152975,0.11514299100000003,0.10243785999999999,-0.88373516,1.4782633760000001,-0.365806119,-0.16943493275,0.1466009755,0.05150555075,0.49890920599999994,-0.08593099499999998,-0.184812197,-0.004891870999999999,-0.206022203,0.17496213750000011,0.13084924150000002,-0.00965817925,1.418310387,-0.19102278100000003,-0.5387140499999999,0.177894046,0.038632717
2019.0,3032.0,0.0,0.0,0.0,0.0,0.0,0.0,0.0,0.0,1.0,0.0,-0.67143786575,-0.30419183949999995,-0.03650187575,-0.638471146,0.2782493509999999,-0.182319507,0.125847941,0.146007503,-0.236279413,-0.14453192025,-0.04646012325,-0.425200084,0.050616878000000004,0.054169083,-0.169061462,0.185840493,1.55723029825,0.82524406875,-0.1216724015,0.7473254730000001,-0.5381275620000001,1.9634787210000002,-0.38990497599999996,0.486689606,-0.19946654049999996,0.4608975985,0.1572924005,0.43456606699999994,-0.453928175,0.021534083999999953,0.197966062,-0.629169602,-0.19606687925,0.30889293125,0.0793925745,0.11930701299999999,-0.397567846,0.20607061600000004,-0.459665329,-0.317570298
2021.0,2715.0,0.0,0.0,0.0,0.0,0.0,0.0,0.0,0.0,1.0,0.0,1.28076507925,0.6360372875,0.19591402175,-0.48782041099999995,0.19175205799999984,-0.117814528,0.330044154,-0.783656087,1.98052978525,1.69530812475,0.41220517225,-0.6344636270000001,0.1568937039999998,-0.12829436100000002,-0.1793140580000001,-1.648820689,-0.39481150400000004,1.3124635955000001,0.29230344975,0.041018522,-0.03092367800000001,1.6943468430000002,-0.444419491,-1.169213799,-0.19946654049999996,0.4608975985,0.1572924005,0.43456606699999994,-0.453928175,0.021534083999999953,0.197966062,-0.629169602,-0.19606687925,0.30889293125,0.0793925745,0.11930701299999999,-0.397567846,0.20607061600000004,-0.459665329,-0.317570298
1990.0,2121.0,0.0,0.0,0.0,0.0,0.0,0.0,0.0,0.0,0.0,1.0,0.011129028499999971,0.27843526900000004,0.0948636315,-0.691457969,0.451623637,-0.45116264,0.152148836,-0.379454526,1.10943243,1.1748877835,0.3115225465,-0.6378456859999999,0.10621749200000008,0.04106955899999987,-0.08963334100000009,-1.246090186,1.2997396727500001,2.8140398575,1.04498681525,-0.8234385000000002,0.820331151,-0.26432774000000014,-0.0827225140000003,-4.179947261,0.572025545,1.279964377,0.36282113725,0.37349689900000005,0.359985179,0.23101284399999988,-0.14264548799999988,-1.451284549,0.53133401375,1.17371777675,0.346544836,0.0003673740000000314,0.588138413,0.26786256399999986,-0.19531241099999996,-1.386179344
1991.0,1380.0,0.0,0.0,0.0,0.0,0.0,0.0,0.0,0.0,0.0,1.0,0.323947015,0.39970094525,0.13528378775,-0.317783194,0.252072568,-0.191891886,0.30134373300000006,-0.541135151,1.30824457125,1.2080362845,0.40101821375,-0.198384004,0.19658471300000002,0.043255835999999936,0.470275286,-1.604072855,1.77361033725,1.93118188775,0.4052059545,2.450205075,1.7092136940000002,2.354967288,1.457227535,-1.620823818,0.4982018025,0.7668121322500001,0.3718885815,0.8717331220000001,-0.155750086,0.003286493000000057,0.7214952520000001,-1.487554326,0.5987658965,1.01776657725,0.407261259,1.415299706,-0.011814718000000002,0.07434920899999997,0.41185025200000014,-1.629045036
1993.0,2012.0,0.0,0.0,0.0,0.0,0.0,0.0,0.0,0.0,0.0,1.0,0.41275596,0.17606999050000002,0.0039182805,0.03706023799999997,0.017170658000000005,-0.418047718,0.23034557400000005,-0.015673122,1.3676309015,1.2499248832499998,0.35627038,-0.4342120410000001,0.37466755500000004,-0.09114578900000003,0.2542337239999999,-1.42508152,1.6004422042500002,0.9902493347500001,0.1315401005,0.3943023430000001,-2.8528897300000002,1.916296075,-1.154876328,-0.526160402,0.91114655425,0.9575771235,0.34468624875,0.5968067140000001,-0.09253887500000002,0.627917106,0.033322708000000034,-1.378744995,0.5446797085,0.6740520535,0.18665825525,-0.451501158,-0.28989812800000003,0.19079048200000004,0.14156280600000004,-0.746633021
1994.0,2231.0,0.0,0.0,0.0,0.0,0.0,0.0,0.0,0.0,0.0,1.0,0.4251510815,0.30748614875,0.22622913875,0.12383244800000004,-0.592587988,0.318802107,-0.07284327200000001,-0.904916555,1.4105069380000002,1.0922820497499999,0.25558775425,-0.12658886300000005,-0.29229080100000004,0.3109659469999999,-0.60470161,-1.022351017,1.05093516925,2.4986526632499997,0.171628671,-0.47505779699999984,0.274548812,1.7166331369999999,-2.707819162,-0.686514684,-6.459259047250001,-7.2958044942499995,-1.83754533825,2.548976906,0.07166067499999951,0.13373074799999962,1.027413717,7.350181353,-4.31308793875,-4.08774703075,-0.96088214025,-0.6457552179999997,-0.09787604099999969,-0.08894099399999966,0.09722995299999981,3.843528561
1995.0,2223.0,0.0,0.0,0.0,0.0,0.0,0.0,0.0,0.0,0.0,1.0,0.5666667519999999,0.32100856850000004,0.20601906075,0.43596683300000005,0.223240137,0.714456306,0.07555178200000001,-0.824076243,1.44044391725,1.5232439582500001,0.3674573385,-0.06252120100000003,0.24309412399999997,0.22464427799999998,0.3388927610000001,-1.469829354,2.77840998775,1.621940634,0.11231394925,-1.8624653989999997,1.891777428,-1.3266851069999999,5.795990391,-0.449255797,0.8950497449999999,1.08236870225,0.3205063975,-0.0006783169999999838,-0.013596123000000016,-0.10767134300000003,-0.02960047599999993,-1.28202559,1.1459859975,1.36574346275,0.40118961675,-0.13749484400000012,0.05719671999999987,0.03694294500000006,0.168828612,-1.604758467
1996.0,2050.0,0.0,0.0,0.0,0.0,0.0,0.0,0.0,0.0,0.0,1.0,0.45059632825,0.24816745,0.0948636315,-0.07999015599999992,-0.152340867,0.32272586400000003,0.007752992000000014,-0.379454526,1.30829509225,1.3291617467499999,0.34508342175,-0.286276341,0.01925947200000011,0.1798437369999999,0.1253620379999998,-1.380333687,1.7704508734999997,0.5673285029999999,-0.16912417875,0.4677883519999999,0.6829322940000001,-0.526248075,0.09432321500000002,0.676496715,0.55546286825,0.60364529225,0.17240480775,0.13195757699999994,-0.05530261000000003,0.003286493000000057,0.06882789200000006,-0.689619231,-1.1285111074999998,0.95852440125,0.3404731935,-4.385092145,1.4862534950000001,0.18879789199999997,-0.09286086500000001,-1.361892774
1997.0,1628.0,0.0,0.0,0.0,0.0,0.0,0.0,0.0,0.0,0.0,1.0,0.4433405055,0.64236015525,0.14538882675,-0.42474086,0.084733846,0.36499621900000007,0.18404862600000005,-0.581555307,1.3669152690000002,1.45785302725,0.34508342175,-0.5180800779999999,0.19772111400000014,0.0028278479999999107,0.03798292500000011,-1.380333687,1.32126133475,2.264117507,0.03377307625,-1.518249112,-0.031253741,-0.5864809579999999,-1.47606024,-0.135092305,0.5389562729999999,0.55176212625,0.1572924005,-0.4220469,-0.2802151399999999,-0.08723082500000001,0.092005844,-0.629169602,0.5492775935,1.06173108825,0.2797567705,-0.39765386999999996,0.27474724800000005,0.2758625870000001,0.151913038,-1.119027082
1998.0,2058.0,0.0,0.0,0.0,0.0,0.0,0.0,0.0,0.0,0.0,1.0,0.38742757075,0.07945774000000001,0.0746535535,-0.373108152,-0.150892331,0.02380059300000001,0.540732999,-0.298614214,1.49844537275,1.3713208145,0.41220517225,-0.20643260200000002,0.06576888300000006,-0.04197269400000003,-0.004346593999999815,-1.648820689,1.43948236275,1.92966512925,1.085075386,1.0057781239999999,-2.059149687,-2.2266810269999997,0.13757028000000027,-4.340301544,0.971087685,0.493343603,0.1784497705,0.000300398000000035,-0.5279353580000001,-0.215715612,0.08160217999999997,-0.713799082,1.1743740895,1.02142692925,0.33844931275,0.31222099299999995,-0.48185810699999987,0.09852725499999992,0.151913038,-1.353797251
1999.0,1902.0,0.0,0.0,0.0,0.0,0.0,0.0,0.0,0.0,0.0,1.0,0.5705013885,0.30218069675000003,0.18580898275,-0.49520491,-0.082363454,-0.04112133200000001,0.460136735,-0.743235931,1.51168619625,1.1547365295,0.378644297,-0.2624516670000001,-0.20154477999999987,-0.0004515680000001243,-0.1319628599999999,-1.514577188,2.1494387425,0.08017225250000001,0.101269139,1.9450002169999998,-3.532725069,-1.125053761,-0.164228451,-0.405076556,0.91151158275,0.8464154275,0.202629622,0.3944605040000001,-0.4400550849999999,-0.8097876310000001,0.302002711,-0.810518488,1.04446453625,0.93141155,0.3586881205,0.425003665,-0.42636653999999985,-0.19848495500000007,0.6159823470000001,-1.434752482
2000.0,1936.0,0.0,0.0,0.0,0.0,0.0,0.0,0.0,0.0,0.0,1.0,0.44227672825,0.365787859,0.20601906075,-0.862664253,-0.7613752460000001,0.464340985,-0.3784316449999999,-0.824076243,1.1763356675,1.31679117875,0.33389646325,-0.510031481,-0.026871139000000044,0.17656432199999994,-0.1765939809999999,-1.335585853,-0.0191488165,3.033573645,-0.0263597795,-0.62667675,-0.38659575199999996,-2.5629858409999997,-3.3900785050000004,0.105439118,0.42564485649999995,1.00398717675,0.202629622,-0.056446569999999974,-0.288035838,-0.46460312299999995,0.2007295979999999,-0.810518488,0.22759729274999999,0.7723587835,0.18665825525,-0.769601978,-0.16867748500000002,0.353535932,-0.21830269400000013,-0.746633021
2001.0,1462.0,0.0,0.0,0.0,0.0,0.0,0.0,0.0,0.0,0.0,1.0,0.2999493265,0.715578421,0.0342333975,0.725392579,-0.016248801000000035,0.07784222000000007,-0.19573727400000007,-0.13693359,1.26596605075,1.37191406125,0.2891486295,0.36921300300000004,0.33080974399999996,-0.21680230599999994,0.08219557299999991,-1.156594518,1.5547564564999998,0.92436252125,-0.11512732875,-1.0412969460000001,0.8222309020000003,1.860761948,-2.245707339,0.460509315,0.766408564,0.834541187,-0.12077589025,-0.29579165900000004,-0.02448808899999999,0.4140524950000001,-0.29301097100000006,0.483103561,0.499122283,0.3751887835,-0.021801464,-0.544969899,0.025778346999999924,0.07790027599999999,-0.25381601600000003,0.087205856
2002.0,1498.0,0.0,0.0,0.0,0.0,0.0,0.0,0.0,0.0,0.0,1.0,0.28481342475,0.43325184125,0.26664929475,-0.368061789,0.05083154000000001,-0.587546085,0.26464488999999997,-1.066597179,1.340034943,1.23121123875,0.3115225465,-0.27822774299999997,-0.023840739000000166,0.1776574609999999,-0.08942410400000012,-1.246090186,0.33124925150000006,1.0492914125000001,0.23503406325,-1.169241751,0.663930767,-2.296137367,-0.511298547,-0.940136253,0.27955560349999997,0.6047701735,0.23285443625,0.16061837399999998,0.58703829,-0.24065143599999994,-0.36343893400000005,-0.931417745,0.449370465,0.76687569525,0.21296870525,0.225616645,0.10410445899999998,-0.42414671700000006,0.030933835999999992,-0.851874821
2003.0,2046.0,0.0,0.0,0.0,0.0,0.0,0.0,0.0,0.0,0.0,1.0,0.692308029,0.36047038925,0.1251787485,-0.13162286499999998,0.08594095899999998,-0.005390571999999982,0.11624983500000002,-0.500714994,1.442982299,1.26329111,0.34508342175,-0.16248643400000007,0.24233652400000016,0.04544211199999992,0.082614046,-1.380333687,1.28125756375,1.7988577449999998,0.823272476,-1.578425176,1.057426907,0.01738723799999997,1.4337562039999998,-3.293089904,0.594388063,0.8389146272500001,0.1996071405,0.033586462999999955,0.380931491,0.08647339199999993,-0.022461540999999974,-0.798428562,0.69691117625,0.65056073475,0.2271358705,-0.43443015700000004,-0.30779663,-0.0006709579999999993,0.02405308499999992,-0.908543482
2004.0,2172.0,0.0,0.0,0.0,0.0,0.0,0.0,0.0,0.0,0.0,1.0,0.28895082075,0.4750866455,0.19591402175,0.15915699599999997,0.11839472899999998,-0.029350060999999927,0.573432631,-0.783656087,1.1805858759999999,1.29542329025,0.378644297,0.22127730299999993,0.372773555,-0.08677323599999998,0.16852850299999989,-1.514577188,1.6165136497500001,1.2998887447499998,-0.16053377075,-0.918406211,1.9775046619999999,2.136496967,-1.391469206,0.642135083,0.3299316345,0.571958535,0.160314882,0.12098641700000001,0.15909022900000003,0.12342285200000003,-0.14211722400000004,-0.641259528,0.5962117202499999,0.5722895185000001,0.09963138225,0.18245755400000002,0.028255644999999996,0.31893116000000005,-0.21355970599999996,-0.398525529
2005.0,2285.0,0.0,0.0,0.0,0.0,0.0,0.0,0.0,0.0,0.0,1.0,0.43596371875,0.2126559325,0.0645485145,0.078600218,0.018136348999999996,-0.8747000850000001,-0.06484485100000001,-0.258194058,1.3185154807500001,1.47955261675,0.2891486295,-0.23830587400000014,0.01963827100000004,0.09133579199999997,0.210021075,-1.156594518,2.14544695675,0.6655258747499999,-0.00140668975,-1.2457761080000003,-0.7172213489999999,-0.445124442,-1.510723893,0.005626759,0.9722062494999999,1.1223275577499998,0.3205063975,0.23910561900000005,0.018893634999999964,-0.022103607000000025,-0.15681507799999994,-1.28202559,0.851005721,0.73058391125,0.33844931275,0.417777828,-0.14960849599999992,0.10418956299999993,0.140931992,-1.353797251
2006.0,2274.0,0.0,0.0,0.0,0.0,0.0,0.0,0.0,0.0,0.0,1.0,0.53236483425,0.38947963175,0.0948636315,-0.850048343,0.15326272399999996,0.303998051,-0.025746482,-0.379454526,1.39164456675,1.382452579,0.35627038,-0.6619914789999999,0.06425368199999992,0.3109659469999999,0.21064878500000006,-1.42508152,0.35598637274999995,1.25974027425,-0.08444730025,-0.594967444,0.111256943,0.36061527800000004,0.7195167889999999,0.337789201,0.91103837025,1.15131734775,0.25098932475,-0.034166425,-0.08062315199999992,0.029161869999999812,0.020074297000000074,-1.003957299,0.624516877,0.8015184765,0.2271358705,-0.213260436,0.07840863799999997,-0.14888584900000001,0.417083875,-0.908543482
2008.0,1807.0,0.0,0.0,0.0,0.0,0.0,0.0,0.0,0.0,0.0,1.0,0.36888362825,0.43345223,0.15549386575,-0.769491565,0.7262219940000001,-0.31519614099999993,0.350840049,-0.621975463,1.30185908175,1.4380056735,0.2108399205,-0.614021012,0.01850187099999978,0.006107263000000085,0.211067259,-0.843359682,0.586302093,1.9789143055,0.14340304475,0.5174141990000001,-1.9518874890000002,-0.4195997380000005,-0.14280666800000003,-0.573612179,0.9143144814999999,1.13144398325,0.25098932475,0.07375828899999992,0.12129555299999994,-0.044846506000000064,0.01061888100000008,-1.003957299,0.64368947375,0.77544335775,0.23927915525,-0.342421639,0.27703255800000004,-0.10939800699999991,0.669159072,-0.957116621
2009.0,2189.0,0.0,0.0,0.0,0.0,0.0,0.0,0.0,0.0,0.0,1.0,0.8645047477500001,0.3799045675,0.0645485145,0.02561339600000001,-0.5553057669999999,-0.6655472,-0.039343797999999985,-0.258194058,1.78681517,1.56489270425,0.40101821375,-0.394611292,-0.2896392000000001,0.13395005699999984,0.25193212,-1.604072855,0.8953981017500001,1.13597209125,1.0114433175,-0.23680713899999994,-0.09905910600000001,-0.09882741699999997,1.0824013719999999,-4.04577327,0.91103837025,1.15131734775,0.25098932475,-0.034166425,-0.08062315199999992,0.029161869999999812,0.020074297000000074,-1.003957299,0.624516877,0.8015184765,0.2271358705,-0.213260436,0.07840863799999997,-0.14888584900000001,0.417083875,-0.908543482
2010.0,1999.0,0.0,0.0,0.0,0.0,0.0,0.0,0.0,0.0,0.0,1.0,0.8645047477500001,0.3799045675,0.0645485145,0.02561339600000001,-0.5553057669999999,-0.6655472,-0.039343797999999985,-0.258194058,1.78681517,1.56489270425,0.40101821375,-0.394611292,-0.2896392000000001,0.13395005699999984,0.25193212,-1.604072855,0.8953981017500001,1.13597209125,1.0114433175,-0.23680713899999994,-0.09905910600000001,-0.09882741699999997,1.0824013719999999,-4.04577327,0.91103837025,1.15131734775,0.25098932475,-0.034166425,-0.08062315199999992,0.029161869999999812,0.020074297000000074,-1.003957299,0.57941759725,0.69381657625,0.1927298975,-0.19025830700000002,-0.005342765999999943,0.0034032110000000726,0.11787161800000001,-0.77091959
2012.0,2288.0,0.0,0.0,0.0,0.0,0.0,0.0,0.0,0.0,0.0,1.0,0.8404510624999999,0.43641948975,0.0039182805,-0.013403402000000009,-0.69115641,-0.444623045,-0.11594085199999993,-0.015673122,1.7868877807499999,1.57582237025,0.3674573385,-0.43855745999999995,-0.3338758110000002,0.26616540499999997,0.16559919,-1.469829354,0.62982559825,1.2833362545,0.87358772275,-0.297069805,-0.53635136,-0.141964157,1.328397335,-3.494350891,0.9143144814999999,1.13144398325,0.25098932475,0.07375828899999992,0.12129555299999994,-0.044846506000000064,0.01061888100000008,-1.003957299,0.64368947375,0.77544335775,0.23927915525,-0.342421639,0.27703255800000004,-0.10939800699999991,0.669159072,-0.957116621
2013.0,2758.0,0.0,0.0,0.0,0.0,0.0,0.0,0.0,0.0,0.0,1.0,0.8645047477500001,0.3799045675,0.0645485145,0.02561339600000001,-0.5553057669999999,-0.6655472,-0.039343797999999985,-0.258194058,1.78681517,1.56489270425,0.40101821375,-0.394611292,-0.2896392000000001,0.13395005699999984,0.25193212,-1.604072855,0.8953981017500001,1.13597209125,1.0114433175,-0.23680713899999994,-0.09905910600000001,-0.09882741699999997,1.0824013719999999,-4.04577327,0.91103837025,1.15131734775,0.25098932475,-0.034166425,-0.08062315199999992,0.029161869999999812,0.020074297000000074,-1.003957299,0.624516877,0.8015184765,0.2271358705,-0.213260436,0.07840863799999997,-0.14888584900000001,0.417083875,-0.908543482
2014.0,2446.0,0.0,0.0,0.0,0.0,0.0,0.0,0.0,0.0,0.0,1.0,0.9513848729999999,0.75416661675,0.307069451,-0.32787592200000004,-0.21290279999999995,0.977650817,-0.3545302760000001,-1.228277804,1.8592165315,1.7973900255,0.4457660475,-0.2346026940000001,0.06917808400000003,0.585234888,-0.222271286,-1.78306419,1.6352645030000001,2.2472650217500005,0.14749371525,-2.4015265130000003,1.9772058670000001,-2.891260902,3.7113346310000006,-0.589974861,0.17683182075,0.61208331525,0.14822495625,-0.37910621499999997,-0.06489161400000004,-0.44140594699999997,0.43395855600000005,-0.592899825,0.56689247225,0.76640306125,0.21701646675,-0.40658072399999995,0.462799291,-0.740168103,0.5448036460000001,-0.868065867
2015.0,1908.0,0.0,0.0,0.0,0.0,0.0,0.0,0.0,0.0,0.0,1.0,1.31806496525,1.00312550075,0.408119841,-0.23236509800000005,-0.009488968999999958,0.25084739899999997,-0.040143640000000036,-1.632479364,1.85809366725,1.79892991375,0.535261715,-0.18663222700000004,-0.152762568,0.10445345399999995,0.16643613700000004,-2.14104686,0.44894159474999995,0.484169844,0.0104562545,-0.495995886,-0.10593265299999999,-1.339000163,-1.093700419,-0.041825018,-0.01012481200000001,0.39390584075,0.0575505135,0.34497188199999995,0.082753402,-0.13226234599999998,0.08776579499999998,-0.230202054,0.19951948825000004,0.35184726725,0.0085567475,0.36370470099999996,-0.10699267200000007,-0.32995022500000004,0.226923552,-0.03422699
2016.0,2088.0,0.0,0.0,0.0,0.0,0.0,0.0,0.0,0.0,0.0,1.0,1.188790972,0.882192388,-0.03650187575,0.453444061,-0.38120721299999993,0.19549785200000003,-0.387229908,0.146007503,2.11244370375,1.77421657825,0.41220517225,0.3366974919999999,-0.5508920609999999,-0.12173553000000004,-0.13572911900000006,-1.648820689,0.7982561337499999,0.16200821199999998,-0.083629166,2.205627749,0.052535918000000015,0.030630700999999982,-1.417412051,0.334516664,-0.0008190504999999737,0.2070400905,0.07266292075,1.110876167,-0.09682296099999999,0.07287801599999996,0.502070038,-0.290651683,0.32709831500000003,0.42284348674999994,-0.05823131775,1.068130024,-0.35329228600000007,0.11091690900000001,-0.071412574,0.232925271
2017.0,2332.0,0.0,0.0,0.0,0.0,0.0,0.0,0.0,0.0,0.0,1.0,1.302638913,0.882192388,-0.03650187575,-0.575946735,-0.620454729,0.19549785200000003,-0.387229908,0.146007503,1.968829822,1.77421657825,0.41220517225,-0.5905174580000001,-0.28774520000000003,-0.12173553000000004,-0.13572911900000006,-1.648820689,0.60008937775,0.7889315849999999,-0.083629166,0.990758739,0.688635444,-1.063943033,-2.8540160329999997,0.334516664,-0.10155736475000002,0.48435366275,0.07266292075,0.18313532200000002,0.265028759,-0.365846833,0.059345406000000045,-0.290651683,-0.002049052750000002,-0.07585028450000003,-0.05823131775,-0.494886089,0.157570868,-0.487181679,1.4380948029999998,0.232925271
2018.0,2194.0,0.0,0.0,0.0,0.0,0.0,0.0,0.0,0.0,0.0,1.0,0.94097159325,1.1179408667500002,0.387909763,-0.44628043000000006,0.35643513099999996,0.37938332899999994,-0.092839326,-1.551639052,1.6638928675,1.4586455564999998,0.40101821375,0.4047894539999999,-0.15655057000000006,-0.12720122299999992,0.5121863309999999,-1.604072855,-0.29507184775,0.6770699200000001,-0.06399394775,-0.592918128,-0.032548805000000014,1.5615477130000002,0.702000771,0.255975791,-0.24418580724999997,0.26879928025,0.096842772,0.0012128500000000014,-0.193082343,0.46282767999999996,0.22446288299999995,-0.387371088,-0.25998875200000005,0.7862131917499999,0.09558362075,-0.09755731699999999,0.622746377,0.341521066,0.110850687,-0.382334483
2019.0,2403.0,0.0,0.0,0.0,0.0,0.0,0.0,0.0,0.0,0.0,1.0,0.80678537775,0.6602023385,0.17570394375,-0.624871215,0.39154455,0.03949562200000001,-0.38403054000000003,-0.702815775,1.931291233,1.82981436775,0.4681399645,-0.306718955,0.02342627300000011,0.409312138,-0.3515614450000002,-1.872559858,1.32754787975,3.1717882475,0.87195145475,-2.286108284,-1.7051855530000002,1.818059472,4.7155409,-3.487805819,0.24998252225,0.6518546505,0.1421799935,0.09485767600000002,-0.37852203500000003,0.18496331499999996,0.13883587099999994,-0.568719974,0.840751365,1.120228761,0.3586881205,0.11775655499999993,-0.36384560900000007,0.15260498,0.19027690400000008,-1.434752482
2021.0,2715.0,0.0,0.0,0.0,0.0,0.0,0.0,0.0,0.0,0.0,1.0,1.28076507925,0.6360372875,0.19591402175,-0.48782041099999995,0.19175205799999984,-0.117814528,0.330044154,-0.783656087,1.98052978525,1.69530812475,0.41220517225,-0.6344636270000001,0.1568937039999998,-0.12829436100000002,-0.1793140580000001,-1.648820689,1.1273950335,0.53240952425,1.01880652425,-1.0324299570000002,-0.196249011,-0.115725247,2.437496066,-4.075226097,0.21067627299999997,0.191496864,0.1633373635,0.108023068,-0.30758612,0.206046019,0.743806165,-0.653349454,0.53045770825,0.18395684050000002,0.23320751275,0.626016423,-0.02629453199999998,0.03916201100000001,0.9670746530000001,-0.932830051
