Final_Approximation,HH_L1,HL_L1,LH_L1,HH_L2,HL_L2,LH_L2,HH_L3,HL_L3,LH_L3,Matlab_coeff
249.91170611248438,-0.744544688,0.627727656,-1984.16401092,-0.9015806960000203,0.9323926207500102,-992.7576033744999,-1.75311694306254,0.5026600603437699,-497.01737498115625,749.7351183374532
0.76129326975,-0.466918634,-0.7090453929999999,-0.303234753,0.3658134009999996,-0.5628681230000001,-0.027892196000000258,-0.28713575449999984,-0.48897601500000004,-0.49241183199999994,2.28387980925
-0.22535330314062496,1.230463597,0.2423064425000001,0.5331599085000001,1.2957226820000003,0.06054856399999997,-0.4896470597499999,0.4342452419374999,-0.30576645453125,-0.78576727878125,-0.6760599094218749
-1.238160713328125,-0.1864532430000001,0.054928094500000024,-0.4926129505000003,0.003145027499999953,0.35546539575,-0.3074603892500001,0.2529119298125003,-0.031520149906249795,-1.81851007284375,-3.7144821399843746
-2.009827374484375,0.15731782400000016,-1.53378453,-0.010726993999999879,-0.09001303999999999,0.07343971325000004,-0.94211066575,0.05846799106250011,-0.007034829781250029,-0.2066777055312503,-6.029482123453125
349.32384693929686,-0.03187327100000009,-0.1598480375,-0.014069053500000095,0.39041007299999997,0.41004969,0.2871466915,83.61265329131264,42.18085821834382,702.3579458147813,1047.9715408178906
0.0,0.2219406519999999,-0.021739505000000048,0.792642552,-0.7903880874999998,-0.3552506305,0.29095520575,0.0,0.0,0.0,0.0
0.0,-0.13658790200000004,-0.15570875699999998,-0.17474367899999999,-0.005905405500000072,0.038654063750000134,0.4026654729999999,0.0,0.0,0.0,0.0
251.57397258315623,-0.47085561899999995,-0.5807595315,-0.0664808335,-0.21815051224999982,-0.03057157387500009,0.0017607331249998026,-0.9597904132500579,0.5463800995000289,-499.6249991324375,754.7219177494687
0.99944697090625,-0.26747205799999996,0.358490142,-1.4860786400000001,0.12954191900000023,-0.031741872250000025,-0.00470991049999947,1.1122248140000002,0.8096680034374999,-0.56889531,2.99834091271875
-0.304250359703125,0.07787072099999992,-0.047088016499999996,0.08389027849999997,-0.3379051172499996,0.7868973268749999,-0.09260646987499999,-1.2808259411875003,0.54534763053125,-0.7946802697812501,-0.9127510791093749
-1.164465604046875,-0.2995786589999999,-0.21031220150000002,0.16567029349999995,-82.80743149325,-41.346284253374996,1319.731545170625,-0.04808020843749983,-0.06784778715624995,-1.5801526284062501,-3.493396812140625
-1.757493246421875,-0.8944165799999999,-0.46938783500000003,0.47974086899999996,0.0,0.0,0.0,0.17936690256249976,0.09733176353125006,-0.3195380094687501,-5.272479739265625
422.2007335502031,-0.8947492559999999,0.42773940999999993,-1.485491025,0.0,0.0,0.0,55.358061674812504,27.500939484781252,848.2988414706562,1266.6022006506093
0.0,1.6864878080000005,0.6435307730000001,-0.23296547700000003,0.0,0.0,0.0,0.0,0.0,0.0,0.0
0.0,-0.6992205149999997,0.4501508005,-0.26928249049999975,-0.9399780595000061,1.179653526000003,-995.55757482625,0.0,0.0,0.0,0.0
252.42909537631252,0.5760123370000003,-0.30066199149999995,-0.14949920349999957,-0.3102359342499996,0.2620137251249999,0.15771023937500006,-1.3996754417500217,0.5907492248750108,-501.92071597600005,757.2872861289376
1.45619872415625,0.564669726,0.5661327040000002,0.15847799400000007,-1.054059718,-0.3392962137500002,-0.71002882,-0.13561279599999998,0.07586748312500002,0.02058162293750021,4.36859617246875
0.04575183851562503,0.551986224,-0.20760391599999994,-1.3434330500000002,0.003263424499999834,-0.944078259,-0.02661356199999998,0.1405837325624999,-0.08195030890624999,-1.2389677410312498,0.1372555155468751
-1.458776218765625,0.13187071399999994,0.7648961850000001,0.8730964760000002,0.3005704749999999,-0.7000031554999999,-0.5240998795,-0.8756350369375003,-0.24596536003125008,-2.07403368746875,-4.3763286562968755
-1.7309987245,-1.1197087229999996,-0.5523357485,-0.5212005655,0.5111081852500001,0.11886524937499998,0.05234759762499985,0.735156663375,-0.4971885105000001,-0.21400891268749977,-5.1929961735
454.06455776657816,0.23325911799999988,-0.39966219199999986,0.4833122579999998,-0.3888901777499999,-0.161156303125,0.540307439125,44.42979820456243,22.700410028656215,910.6280362522813,1362.1936732997344
0.0,-1.046811499,1.6324924105,0.5641338315000002,0.11097674150000003,0.04009480099999996,0.21598217824999977,0.0,0.0,0.0,0.0
0.0,9.0,-4.5,-2719.5,-0.5925442230000002,0.42076726575,0.32474490250000043,0.0,0.0,0.0,0.0
250.8942088679063,0.0,0.0,0.0,-1.1490989219999994,-0.5140738327500003,0.3836850045000004,6.193577362375011,-4.890807830750005,-501.27550766237505,752.6826266037189
0.31472375321875,0.0,0.0,0.0,0.014820212999999915,-0.1283881349999999,-0.20378834050000005,0.08671004524999981,-1.1520491165,-0.19319411118749996,0.94417125965625
-0.39286497625000005,0.0,0.0,0.0,62.61330838075,31.193345809625,1488.007175442625,1.2217506020000002,-0.5296672684374999,-0.4433081315625001,-1.1785949287500002
-0.48129514185937505,0.0,0.0,0.0,0.0,0.0,0.0,1.9554155644374998,1.31877918453125,-0.12168364240625013,-1.443885425578125
-0.2822353515,0.0,0.0,0.0,0.0,0.0,0.0,-0.3641768877499998,1.5746687790625,-0.00501929831249992,-0.8467060545
354.65766321987496,-3.153123347,-0.5765616735000001,-1985.3976449825,0.0,0.0,0.0,-510.5617682084999,-254.31316747174998,709.611674063125,1063.972989659625
0.0,-0.23903124500000006,0.2541591525,-0.18929105850000005,-0.7615522732500326,0.8016919436250162,-997.8009456006249,0.0,0.0,0.0,0.0
0.0,-1.159002077,-0.2065756824999999,-0.6193666885000001,-0.18299412950000016,0.27889519375000005,0.00745065899999986,0.0,0.0,0.0,0.0
249.59495861162503,-0.6228552110000003,-0.6077370384999999,0.22901136749999984,1.54249222475,0.6274643518750002,-1.283722615625,-1.061614744999999,0.4246178713124995,-499.68313103568755,748.784875834875
-0.15456926393750003,0.336527276,-1.219187696,-0.21038674599999996,1.12074172875,2.4152988481250004,-0.6255405178749999,-0.278638815,-0.0049082799375000374,-0.2808505395625,-0.4637077918125001
-0.604892812359375,1.746416071,-0.03823083949999995,-0.42012699450000013,-1.2078582265,1.9912533319999999,-0.4097612749999999,0.12788255168750007,-0.05544024109374995,-0.10683105915625002,-1.814678437078125
-0.06627847274999998,-0.48811791399999993,0.06559731499999993,0.08485678699999988,-0.04377389525000014,-0.11097604012500004,0.22245555187499988,-0.22129126475,-0.05523734643750003,0.6278222371875,-0.19883541824999995
0.128933173,0.03277601800000002,-0.464393425,0.320795124,1.367170513,0.64085052625,0.6332861255000001,0.3627391419999999,-0.22111415099999998,-0.15244606862500001,0.38679951900000004
220.81632348304683,0.2627650500000003,-0.904612638,-0.08858715800000017,-0.21922324574999963,0.222813168625,0.910159668375,-88.28697310131254,-44.43113029959377,441.7863396527812,662.4489704491405
0.0,-0.022076431000000007,-0.6822557215,-1.2502209185000002,-0.030489493249999722,-0.10656479787499995,0.07530661662500027,0.0,0.0,0.0,0.0
0.0,0.643530259,-0.14892882049999995,0.17760149049999996,-0.4983539312499998,0.28366277937499984,-0.24544204362500022,0.0,0.0,0.0,0.0
250.5637542815469,2.8189000550000003,1.4094500275000001,1.4367026185,-0.2036507812499999,0.11495299737499987,-0.22131960012500018,-1.2000128453124863,0.6182952179687431,-501.5379701519063,751.6912628446407
-0.35290523435937504,1.3618444410000001,0.6026414745,0.5035264945000001,182.55618506775,91.721907466125,1640.979661751125,0.16104349893749992,0.12915951884375,-0.038195616218750006,-1.0587157030781251
-0.63607355425,0.546685089,0.06863750549999997,0.40319388349999996,0.0,0.0,0.0,0.05963182812500012,0.15140443987500007,-0.04487886681249997,-1.90822066275
-0.064643258265625,-1.6166764699999998,-0.04472920300000016,0.3906482950000001,0.0,0.0,0.0,0.0390985834375,-0.10184303121874996,0.78469206903125,-0.193929774796875
0.338338148640625,-0.14457374899999986,-0.15113655650000013,0.09499047749999989,0.0,0.0,0.0,-0.2983247831875,-0.02663252503125002,-0.12991985378125004,1.015014445921875
208.9803827379844,0.21287760400000022,1.247734215,0.1997263359999999,-1.8705550062500356,0.25085866862501804,-1000.1169992403751,-24.128287167687525,-11.767375022781263,417.6589398225313,626.9411482139532
0.0,-0.575737006,1.2559917520000003,0.2310936560000001,-0.17936975399999966,-0.04984009325000005,-0.3055473574999996,0.0,0.0,0.0,0.0
0.0,0.7819765390000003,1.1526535875000001,-2.2739441815,-0.45071141699999995,0.6110513152500001,-0.07838343799999992,0.0,0.0,0.0,0.0
251.804363436125,1.0512501610000005,0.2623800935,0.26742606349999987,0.009431937999999862,0.27146143125,-0.015653143000000203,-0.3857622803750418,0.7734234774375209,-503.635778914,755.413090308375
-0.148928380203125,1.0634483390000002,0.8625431425000001,0.31533754550000004,-0.10160859200000005,0.2609494657499999,-1.1166913382499999,-0.17697565468750007,0.03768779440624996,-0.19763388790625003,-0.44678514060937496
-0.580304673828125,0.6908871249999999,1.0225474975000002,0.23803693650000013,-0.13457680699999996,-0.07283706925,0.12696262999999997,0.015526062062499957,-0.08332483603125007,-0.07407496396875013,-1.740914021484375
-0.126829850453125,-1.2648779319999999,0.8995912279999999,-0.1659889080000001,-0.5072910187499999,-0.394304612375,0.28475408287500004,0.1671630263125001,-0.18157421284375003,0.6631626167187499,-0.380489551359375
0.145001018859375,96.0,-48.0,-2554.0,-1.0061394257499996,-0.40658895137499973,0.29747833262500034,0.23563284781249996,-0.18140597984375,-0.36387450965625,0.435003056578125
277.4050024282657,0.0,0.0,0.0,-0.006683983249999859,-0.644011771375,0.713507068625,-162.14728503968743,-82.02579123665622,555.1167154324688,832.215007284797
0.0,0.0,0.0,0.0,0.678537143,-0.35695960049999986,-0.6026776885,0.0,0.0,0.0,0.0
0.0,0.0,0.0,0.0,1.0109767182500002,-0.38609249837500004,0.08521114112499983,0.0,0.0,0.0,0.0
249.09420334546877,0.0,0.0,0.0,73.968969536,35.765515232,1750.36972110675,3.43162242674999,-1.7484810859374948,-499.1877711065,747.2826100364064
-0.3581844610625,0.0,0.0,0.0,0.0,0.0,0.0,0.04832974550000002,-0.09095590806249998,0.08730258731250001,-1.0745533831875
-0.23177769081249996,-1.255455313,0.37227234350000005,-1988.8720619915,0.0,0.0,0.0,0.32079482899999995,0.08450577299999998,0.1539105431249999,-0.6953330724374999
-0.059224587437499976,0.536716811,0.47218100949999997,-0.5048904965000001,0.0,0.0,0.0,-0.23963998412500007,0.27030181718749996,0.216883709875,-0.17767376231249993
-0.21642781,-0.143913156,0.572187218,0.19977399900000015,-1.4072098582500447,0.4241227271250223,-1002.785592689875,0.25064660500000013,-0.34117476362500004,0.516201848375,-0.64928343
293.0313226341875,-0.9234472820000001,0.5383206950000001,-0.17123339199999998,-0.4491289662500001,-0.414226957625,-0.491107410875,-61.4624186322499,-30.92341393418745,586.8158150964375,879.0939679025626
0.09375,1.0441202290000002,-0.6029004265,-0.5437329225,-0.0005944499999999131,-0.025619878000000096,0.6763061927499998,-0.125,0.0625,-0.1875,0.28125
0.0,-0.06342542299999998,-0.8472106525,-0.5018223224999999,-0.09010717324999984,-0.155455712375,-0.3767155146250003,0.0,0.0,0.0,0.0
249.27426279240626,-0.09074602099999995,-0.22231945249999996,0.3251277425,-0.07438491800000013,-0.20886444524999986,-1.426790932,-0.9894903205000036,0.43162165925000184,-499.3988150495625,747.8227883772188
-0.43635403092187497,0.56819624,-0.28409812,0.271622028,0.32139060525,0.12923038687500002,0.28571485287499987,0.0002596744374999127,-0.025107630593749958,0.025569200093750022,-1.309062092765625
-0.300233768765625,-0.600145779,-0.5590716805,-0.12987049350000002,-0.39953771250000003,0.13427499974999996,-0.42354647500000003,0.0344340303125,0.033568661656249985,0.10913705684375002,-0.9007013062968751
-0.17401172771875,0.588515153,-0.10847292650000001,-1.7146862275,0.17165718850000045,0.40539974849999993,0.28758343275,-0.25061848650000007,0.11388008918749998,-0.076503296,-0.52203518315625
-0.375944440390625,0.6350010880000001,-0.41288662,-0.13519775899999997,-1.18842277325,0.45430719212500004,-0.654819955375,0.20848121506249995,-0.0008677726562499322,0.58382265203125,-1.1278333211718752
307.4577870452813,0.058121649999999914,0.029060824999999957,0.04494178900000001,0.3220272937499997,0.15469167887500013,0.3310486881250001,13.374604983874955,6.710658386874977,614.85161151725,922.3733611358439
0.125,0.183926731,-0.02284839649999998,-0.07238556949999997,0.0068187830000003835,0.5582102629999999,0.8990853410000001,0.0,0.0,-0.25,0.375
0.0,-3.345535231,1.6400422525,-1.6654648755,317.157099945,158.67145002750001,1775.9081573455,0.0,0.0,0.0,0.0
250.24785917784374,-0.28930731799999965,0.2665204349999999,0.576520385,0.0,0.0,0.0,-1.0800990474999532,0.6012149731249766,-501.31663050331247,750.7435775335312
-0.37854203817187504,0.35887352000000017,0.010473155999999872,-0.12321964200000002,0.0,0.0,0.0,-0.05377093606249994,-0.014813170218750005,-0.10081732628125001,-1.1356261145156252
-0.24103979890625,-1.7525495629999996,-0.5158657034999998,-0.5708612865,0.0,0.0,0.0,0.11574882787500004,-0.06114597243749999,0.12318485856249994,-0.7231193967187499
-0.159080644375,1.3810592589999997,0.17969351649999998,-0.2411825354999999,-0.6572674807500603,0.4980215833750301,-1004.5967251708751,-0.034304177874999925,-0.2194110875625,-0.115702563125,-0.47724193312499996
-0.5047533082343749,1.8295211409999999,0.4432534685,0.2713189025,0.31045976225000027,0.026058197125000016,-0.20307333937499972,-0.7316130869374999,0.3410098722812499,0.38485643090625,-1.5142599247031248
310.71315822154685,-0.21897103499999981,-0.32734343750000006,0.003872739500000222,-1.2030983030000002,-0.2817196315,0.22500581450000023,104.45929116643752,52.27372462284376,622.0925592538437,932.1394746646406
0.125,0.38723441299999983,-0.13720176549999996,-0.09558586349999998,0.23723516775000042,-0.8258612873750001,-0.06038632337499994,0.0,0.0,-0.25,0.375
0.0,1.1185804830000001,-0.13474129150000014,0.39587906949999985,0.9446866492500002,-0.47548808812500004,-1.3007614323749999,0.0,0.0,0.0,0.0
251.33304453160937,-0.5612454970000003,0.5801571025000001,0.3546425325,-0.29610660425,-0.15250746837499995,0.523093504125,-0.8653500673125165,0.6095558452812583,-503.1271707734688,753.9991335948281
-0.3623137179375,413.0,-206.5,-2910.5,0.5575090277499999,-0.544853411625,-0.503072604125,-0.08880322225000004,0.1972030748125,-0.14494747618750004,-1.0869411538125
-0.2350076129375,0.0,0.0,0.0,-0.32560127800000016,-1.7524706744999998,0.2649920090000002,-0.630463313,-0.05982364618749997,0.22584835618750002,-0.7050228388124999
-0.236677632640625,0.0,0.0,0.0,0.5051415809999993,-2.21220175,-0.8644722610000004,-0.4312772258125,-0.33244636059375,-0.42494861609375,-0.710032897921875
-0.55232183378125,0.0,0.0,0.0,1.1822900495000002,-0.3746380045000002,1.0671337337500002,1.0363419493750001,-0.7036489714375,0.4039799648125,-1.65696550134375
366.24382739320316,0.0,0.0,0.0,-1.1990538919999998,0.34364746574999994,0.3130644775,107.4603717870626,53.1528332541563,732.9579472272814,1098.7314821796094
0.125,0.0,0.0,0.0,191.08058939625,95.70970530187499,1865.577539083625,0.0,0.0,-0.25,0.375
0.0,-0.9051915180000001,1.547404241,-1992.57277688,0.0,0.0,0.0,0.0,0.0,0.0,0.0
250.50926632348438,0.19948888200000003,0.37150791400000005,-0.30849712900000004,0.0,0.0,0.0,7.036737788812498,-2.6600439370937488,-501.4851077716563,751.5277989704532
0.07430801903125,0.617555311,-0.1658546154999999,-0.4915663455000001,0.0,0.0,0.0,0.46569050187500005,1.1555910836249998,0.279069941625,0.22292405709375002
0.21484235145312497,-0.8299691139999998,-0.04459776500000001,0.22775151999999999,-2.1540827907499893,0.48503521212499456,-1008.558169290375,-0.2282746003124998,1.0533421093437498,-0.0010322607187499555,0.6445270543593749
-0.14690647729687498,0.08668325399999999,0.11833899700000017,0.131723845,-0.5368844669999999,-0.75175966575,-0.17710320875000019,0.8434757368125,0.37792518640625,0.35459001440625,-0.4407194318906249
0.08913391089062503,-0.6611192419999998,2.8354912089999997,0.30796028899999994,0.36979076749999984,-0.4356539815000001,-0.09335967199999995,0.15923985231250004,0.6018242433437501,-0.12071664440625002,0.26740173267187506
288.5373410660313,-0.28920106599999995,2.553832697,-0.4603769419999999,-0.05495535574999999,-0.20499231912500016,-0.04600051062499999,-180.06210225762507,-89.76350738200003,576.5632743283751,865.6120231980938
0.125,-0.2796983609999999,3.0070838415,-0.08351195749999984,0.1075443920000001,-0.3766370360000001,-0.9912003580000001,0.0,0.0,-0.25,0.375
0.0,0.4616492089999995,2.4754807915,-0.27645453350000015,0.06921092125000006,-0.008238902874999954,0.17597867837500003,0.0,0.0,0.0,0.0
250.1160613149219,-3.1510391870000003,1.5120809325,-0.7557217125000002,-0.3499875927499999,0.14703044862499998,-0.09091142062500002,-0.9376973843125147,0.5330616432812574,-499.52239272296873,750.3481839447657
0.944128836859375,-0.22522523500000002,0.01885707249999996,0.18709586450000004,0.38698739825000006,0.663752650625,-0.025858837874999763,-0.1613806255625,0.05241653959374998,0.9643294235937501,2.832386510578125
0.75134479978125,-0.241466082,0.032287051,0.45348206099999994,-0.21574825925000007,0.794421075125,-0.0780419588750001,-0.4105335981250001,-0.24509733231250003,-0.6255678536874998,2.25403439934375
0.339629113109375,0.21792626000000004,0.187243877,0.08812889700000004,-0.3986994149999997,0.017779231749999902,0.2962992172500001,0.7840693666875,-0.31657711303125,0.22167012209374992,1.018887339328125
0.4782297375625,-1.116838795,-0.45606687850000005,0.3220270935,1.2960486797500002,-0.20522292612500004,-0.01116918487499996,0.22519160862500004,-0.081048911375,-0.02000913706249996,1.4346892126875
287.7465509487187,0.35527006100000036,0.5535656305,-0.12389313650000044,-214.36222940625,-107.56888529687501,1929.228947921125,43.413750025874904,21.635831769249954,574.540986327125,863.2396528461561
0.125,0.6067798729999998,-0.12465119250000001,-0.23618778549999964,0.0,0.0,0.0,0.0,0.0,-0.25,0.375
0.0,0.5277698840000001,-0.517001394,-1.1190324600000001,0.0,0.0,0.0,0.0,0.0,0.0,0.0
251.41604831014064,-0.06574086000000001,-0.02151851700000007,0.32566135500000004,0.0,0.0,0.0,-0.6270258394374909,0.8281578636562457,-501.3073040089688,754.2481449304219
1.051431042671875,-0.7293133260000002,-0.026138742999999964,-0.5628339710000003,-0.9126670829999946,0.7517175299999973,-996.36199215925,-0.23027542106249987,0.028431816281250077,0.7407586346562498,3.154293128015625
0.492221104234375,-0.4184441920000004,0.07217771800000006,0.9220241039999999,-0.6488465447499999,-0.22271635662499994,0.32903880962500004,0.28907078393749996,-0.10636054740625,-0.8852543846562501,1.476663312703125
0.11639580064062498,-0.6040376630000002,0.6002147305000001,0.8207585095000001,0.07211380800000006,-0.03102653024999999,-0.15025456674999996,-0.6474878013125,-0.50468210534375,-0.24052432665624998,0.3491874019218749
-0.05512097078125003,0.9263590850000001,0.039989583499999926,-0.1169185614999999,0.21098428024999993,0.10539744012499996,-0.174892710125,0.32886125312500003,-0.870958557375,-0.03781650262499997,-0.16536291234375008
322.45456328551563,0.801531208,-0.562676065,-0.5116363210000001,0.23784147325000005,-0.24710496137500004,0.280107629625,-21.600004126062498,-12.088805164156248,645.1436646717813,967.3636898565469
0.125,-413.0,206.5,-3035.5,0.39041007299999997,0.41004969,0.2871466915,0.0,0.0,-0.25,0.375
0.0,0.0,0.0,0.0,-0.7903880874999998,-0.3552506305,0.29095520575,0.0,0.0,0.0,0.0
252.7679996389531,0.0,0.0,0.0,0.0012282307500000589,-0.014973621874999982,0.33057204637499993,-1.6258061948124904,-0.2498611345312547,-502.95833033434377,758.3039989168593
1.0624883758124999,0.0,0.0,0.0,0.07633784100000007,0.02202804899999994,-0.07627975724999991,0.5615052631249999,-0.07701671068750016,0.224114172625,3.1874651274374997
0.26828308025000003,0.0,0.0,0.0,-0.5989856117500001,-0.07982496412500006,-0.08317316987500001,0.038086364375000015,0.5631036305625,-0.70712672775,0.8048492407500001
-0.07294979360937498,0.0,0.0,0.0,0.08050577874999995,0.17058014937500005,-0.387826695875,0.43383533906249994,0.5313654824687499,0.57598129034375,-0.21884938082812494
0.06134192768749999,-0.927012768,0.536493616,-1994.634853487,207.21213513825,102.643932430875,909.917051073125,-0.30894576687499997,0.94686133875,-0.16712860731249995,0.18402578306249998
368.89255133156246,-0.041709221999999935,0.862376674,-0.4275484239999998,0.0,0.0,0.0,66.32368245212511,34.042794880312556,738.241127987125,1106.6776539946873
0.125,-0.19709012499999978,0.8846217845000002,0.33622155850000013,0.0,0.0,0.0,0.0,0.0,-0.25,0.375
0.0,-0.9685481439999997,1.4417372419999999,-0.007330578999999782,0.0,0.0,0.0,0.0,0.0,0.0,0.0
250.90308456365625,-1.136165983,0.9318643964999999,-0.19383821050000005,-1.026805112249979,0.4957208478749895,-998.267029938375,1.9619593187499929,-1.0113353565624963,-501.18910891575,752.7092536909688
0.346995206484375,0.3776418569999995,-3.2650527035,-0.15347447650000023,0.3628205535,0.1477175565,0.11468948199999998,-0.41620597793749997,-0.4017555010937499,0.024412691593749924,1.0409856194531248
0.08943331048437494,1.0427386410000001,-2.7521398435,-0.3520582164999999,-0.02699908325,0.04847131737500002,0.03326567162499999,-0.5280517419375,-0.81614826084375,-0.4292142129062501,0.2682999314531248
0.020764017906250015,0.5179300060000003,-0.527768252,-0.16438606999999994,-0.19928872750000007,0.12286448824999997,-0.1488880385,0.46079543537499995,-0.388558294125,0.1694270848749999,0.062292053718750046
-0.0967069770625,0.04525883200000025,-0.452201701,0.2037121179999999,-0.11153131574999997,-0.012913047625000007,-0.2541422793750001,0.23333739612500004,-0.5050226566875,-0.10412654662499993,-0.29012093118750004
411.84290828898435,0.5284768350000002,-0.2279877535000001,0.7521106345000002,0.5111081852500001,0.11886524937499998,0.05234759762499985,66.52973130468742,32.40264945296871,824.6269970775937,1235.528724866953
0.125,0.097146599,-0.10075029849999995,0.13154439150000008,-0.3888901777499999,-0.161156303125,0.540307439125,0.0,0.0,-0.25,0.375
0.0,-1.1408661750000002,-0.7120337685000001,0.5748946414999999,0.08168903799999999,0.11613356175000003,0.03765568475000003,0.0,0.0,0.0,0.0
251.0784905609375,0.07027572599999998,-0.054884995999999964,-0.11029675899999991,0.3736518822499999,-0.11966270812499996,-0.011374554124999992,-1.4733451142499874,0.46857670831249365,-501.7634111358125,753.2354716828124
-0.05690685203125,-0.30796545399999986,-0.06527720999999997,0.08239755900000001,0.40820552574999996,0.09739461037500005,-0.310897345125,-0.14722063999999999,0.20072728956249997,-0.10418158625,-0.17072055609375
-0.36750284075,-0.5462062639999998,-0.21436397500000015,0.5046158359999997,-0.5919164384999999,0.20251668024999997,-0.37079166725,0.2654491070000001,0.12692032593750005,-0.3906993783125,-1.10250852225
-0.199126858296875,-1.3239714270000003,-1.3153116475000002,0.06869271349999995,202.39251296625,100.803743516875,972.006396530875,-0.04084313206250004,-0.12703891771874998,0.33466178246875,-0.5973805748906249
-0.10086663542187499,-0.6920602120000001,-1.6915573309999998,0.7246218799999999,0.0,0.0,0.0,-0.29893957306249996,-0.18095159490624996,-0.24355008521874996,-0.30259990626562494
432.15523213210935,0.7062434069999999,-0.9296445375000001,-0.4382086594999999,0.0,0.0,0.0,61.6080315223125,31.253899019031252,864.9401955677187,1296.465696396328
0.125,1.231342103,-0.5570517404999998,-1.3478925565000002,0.0,0.0,0.0,0.0,0.0,-0.25,0.375
0.0,-0.6115783049999997,-0.39656328549999986,0.48572557250000004,-1.3487915344999195,0.26174040474995974,-1000.8123496517501,0.0,0.0,0.0,0.0
252.19083291115626,-0.3882403189999999,-0.8858325565,-0.7390077565,0.2834332232499999,0.309361738125,0.344202201875,-0.9623540821249735,0.6542984088749868,-503.7271646065,756.5724987334688
0.018061930093749998,0.595726921,-1.3356497825,-0.012363491500000157,0.08635502900000003,0.07775472774999997,-0.549296489,0.044841906374999976,0.03379655812500001,-0.14794822249999998,0.05418579028124999
-0.41736429309375,-0.19282890900000016,-1.0045766835,0.45813540249999996,-0.21967490275,0.045369485125,-0.19233745587499995,-0.1826080698750001,-0.10236919331250005,-0.4948338403125,-1.25209287928125
-0.28687355137500004,213.0,-106.5,-3095.5,0.1354790429999999,-0.2018416487500001,-0.008014908749999883,0.07493367349999999,0.00566531743749997,0.3019925030625,-0.8606206541250001
-0.22095829328125002,0.0,0.0,0.0,-0.04377389525000014,-0.11097604012500004,0.22245555187499988,0.01495799349999996,0.027754904562499974,-0.08665361475000005,-0.66287487984375
458.7581089357656,0.0,0.0,0.0,1.367170513,0.64085052625,0.6332861255000001,-111.43338354231246,-55.87312912603123,918.6975878899062,1376.2743268072968
0.125,0.0,0.0,0.0,0.2599267222499999,0.190322936375,0.20615996012499999,0.0,0.0,-0.25,0.375
0.0,0.0,0.0,0.0,0.2025075722500001,-0.288895652125,-0.11700198112499997,0.0,0.0,0.0,0.0
250.55717957992186,0.0,0.0,0.0,0.63001881575,0.245865771375,0.44725257337499996,0.5815397680625367,0.05206876196873156,-501.76894937721875,751.6715387397655
-0.8848963637812501,-0.2701276789999998,0.8649361605000001,-1996.2699173265,-0.35732437274999995,-0.477398821125,-0.577376886875,0.477707844375,-0.08629837550000008,-0.28499490525000015,-2.6546890913437506
-0.7262142282968749,-0.4462589160000001,0.7280426949999999,0.3463423219999999,-769.99090398275,-385.25454800862497,795.905630231375,0.40071220031249993,0.055509788218749995,0.41533088846875,-2.1786426848906246
-0.25590988796874997,0.016456095000000337,0.3133487935,0.059936922500000156,0.0,0.0,0.0,-0.19976660337499996,-0.0017705475625000022,0.6137113434375,-0.7677296639062499
0.03449794820312502,0.12623421,0.3964652169999999,-0.11403714899999984,0.0,0.0,0.0,-0.11348860018750004,0.08310520678125001,-0.21932244596875,0.10349384460937505
286.35839316781244,0.2288744650000003,0.9769069805,-1.1188793714999998,0.0,0.0,0.0,102.47395216462486,51.74391785356243,572.3216835946249,859.0751795034373
0.125,0.0,0.0,-0.13834064000000001,-1.1966288137499648,0.07324304862498243,-1002.472897163125,0.0,0.0,-0.25,0.375
0.0,0.1346038319999998,0.155775137,-0.269604296,-0.0683739677500001,0.312607000625,0.159375985875,0.0,0.0,0.0,0.0
251.32002381928123,-0.036055434,0.3316315079999999,-0.15725346299999998,0.8866111382500002,-0.544196597125,0.12522385187500001,-0.43257272162501925,1.3494720581875097,-503.3373877683125,753.9600714578437
-0.8614356958281251,-0.7746947689999999,-0.08518212850000006,-0.3902293225,0.3563082005,-0.0005916417500000382,-0.10016308175,-0.03506615668750007,0.4295401869687502,-0.29511495746875005,-2.584307087484375
-0.7982053722343749,0.8507743360000001,-0.38007383899999997,-1.9772244740000002,-0.6898487229999998,0.10759119425000002,-0.2529295182500001,-0.6612012281874998,0.13251487853124994,0.3605658736562499,-2.3946161167031246
-0.24095053328125,0.10912641300000003,0.02859388549999997,0.1124282995,-0.13457680699999996,-0.07283706925,0.12696262999999997,-0.2634016546249999,-0.12910272262499997,0.01664691575000002,-0.7228515998437499
0.07394572190625001,0.634389344,-0.251491936,-0.35087322099999996,-0.5072910187499999,-0.394304612375,0.28475408287500004,0.023437346124999967,0.05900162925,0.12840055374999998,0.22183716571875003
390.248064678,0.159380823,-0.12905824649999997,-0.10052464449999998,-0.02604257749999994,0.22676264725,0.12944005300000005,55.69133649362503,28.040730257000014,779.5981816298125,1170.744194034
0.125,3.1153084050000004,0.9998329725000001,2.2621534115,0.17163086999999988,0.24075530674999995,0.25451297525,0.0,0.0,-0.25,0.375
0.0,-0.23384212999999976,-0.5045994969999998,-0.09930035799999981,0.16515384174999992,0.6712063583749999,-0.020652721375000127,0.0,0.0,0.0,0.0
250.13417629343746,-0.150067728,-0.8410022010000001,0.92589326,0.39123520375000004,0.09336982962500003,0.12174004462500002,5.836768140874987,-6.075809121124994,-501.5735830891874,750.4025288803124
-1.1390709434843749,-0.6297681070000001,-0.49508859250000004,0.3377499655,345.91362455325,173.79318772337498,859.298776094875,1.0474514016874998,-0.9583981817812501,-0.3543335138437501,-3.4172128304531246
-0.21553156554687497,0.08562701099999992,-0.18422476649999997,0.3057887385,0.0,0.0,0.0,1.6207298816875,0.40043770015624996,0.88024340096875,-0.6465946966406249
0.09028939431250003,1.774409313,-0.9262841975,-2.7848276844999997,0.0,0.0,0.0,1.7686574608749999,0.68004128825,0.2797539110625,0.2708681829375001
0.182527261265625,0.922311184,-0.40119867600000003,-0.9793856569999999,0.0,0.0,0.0,-0.12971292718749994,1.0327486415312501,0.09595595078125002,0.5475817837968749
341.0898198855937,1.075265033,-0.3119707545,-0.4633418544999999,-0.10083744324992483,1.0316919143749623,-1004.319119406375,-97.06552769612499,-47.17132478806249,681.4887492089374,1023.2694596567812
0.125,-0.5607658019999997,-0.6866452619999999,-0.2823412500000002,0.16830954750000005,-0.17971190299999995,-0.27410755725,0.5,0.0,0.0,0.375
0.0,-0.3758919219999999,-1.293534761,1.1167504440000005,-0.87022353975,0.354181676875,0.143850182125,0.0,0.0,0.0,0.0
248.15892630207813,-241.0,120.5,-3461.5,-0.31120619675,0.06709515362500001,0.18525852337499998,-1.065737286437453,0.3907887689062267,-500.16749962996875,744.4767789062344
-1.539919549125,0.0,0.0,0.0,0.28128233225000004,0.17264985087500004,-0.4940674701250001,-0.21531378350000008,0.14846305006249993,0.27655934306249996,-4.619758647375
-0.04256342742187502,0.0,0.0,0.0,0.32139060525,0.12923038687500002,0.28571485287499987,0.23955921156249982,0.13534954746875005,1.83403482721875,-0.12769028226562507
0.5048829419375,0.0,0.0,0.0,-0.39953771250000003,0.13427499974999996,-0.42354647500000003,0.55820585575,-0.3238856084375,0.6725336468124999,1.5146488258125002
0.7843609366718749,0.0,0.0,0.0,0.342459895,-0.2060929585,0.15871704550000001,0.29227709743749997,-0.22562543515625,0.20515950971874986,2.353082810015625
318.9607334135312,0.0,0.0,0.0,-0.019581429250000004,-0.002272385374999991,0.156079871375,7.130500890375061,3.313723965562531,636.0765944941875,956.8822002405936
0.125,-0.2701276789999998,0.8649361605000001,-1998.2699173265,-0.6052145307500001,-0.493944897875,-0.3643289866250001,0.0,0.0,0.25,0.375
0.0,-0.4462589160000001,0.7280426949999999,0.3463423219999999,-0.5255025749999999,0.10156049875,0.34148958575,0.0,0.0,0.0,0.0
249.0272332304219,0.08791761500000006,0.34907955349999986,0.09566768250000002,62.25863922175,31.120680389125003,811.461813308125,-0.8746428958124897,0.4276825825312449,-501.94097638384375,747.0816996912657
-1.847311760984375,-0.10733649499999998,0.16856382749999999,-0.23082250150000005,0.0,0.0,0.0,0.3334527199374995,0.1366133904687502,0.29429889078125004,-5.5419352829531245
-0.21302744317187505,0.7470522230000001,-0.41394626749999996,-0.8597904925,0.0,0.0,0.0,-0.4268678951874999,-0.057689889281249906,1.4570143458437501,-0.6390823295156252
0.516175816046875,0.143911401,-0.0719557005,-0.06638493950000002,0.0,0.0,0.0,-0.3638008683125,-0.014686179218749928,0.2884102459062499,1.548527448140625
0.768960538078125,0.1346038319999998,0.155775137,-0.269604296,-1.0738273147499946,0.31711187862499735,-1005.9520688053749,0.31504140168750017,0.013758006531249978,0.2489707497187501,2.306881614234375
328.493707702125,0.14314673200000005,0.42123259099999993,-0.06765237999999996,-0.08429443799999992,-0.03570968249999995,-0.2321000025,63.852873398875005,32.364425873,655.2703471725625,985.481123106375
0.125,-0.17266585999999995,0.08633292999999997,-0.089214868,-0.002825973999999981,0.03839691199999999,-0.29267457474999997,0.0,0.0,0.25,0.375
0.0,0.7165308350000001,-0.3129520885,-2.0443462245,-0.044531525749999995,0.022539047625000017,0.007389662125000029,0.0,0.0,0.0,0.0
250.0645104469531,0.10912641300000003,0.02859388549999997,0.1124282995,0.32353409425000007,-0.06422918487499998,-0.18984672362499988,-0.8110499580625192,0.8983914559687596,-504.16591170234375,750.1935313408593
-1.7268410209218747,0.609119061,-0.26412707750000003,-0.36350836249999996,-0.29610660425,-0.15250746837499995,0.523093504125,0.32778944793749987,0.23307220646874993,0.35991969378124966,-5.180523062765625
-0.0168909841562499,1.048001843,0.3152522635,0.3437858655,0.5575090277499999,-0.544853411625,-0.503072604125,0.4982081102499999,0.16744324937500016,1.8812542428125,-0.0506729524687497
0.53651979653125,-0.877244564,-0.11280009699999999,0.265876927,-0.17078073400000005,0.11110718274999998,0.21518704774999997,0.2675308407499999,-0.2099592911875,0.399916311,1.6095593895937501
0.60437176775,-0.23384212999999976,-0.5045994969999998,-0.09930035799999981,-0.27100820774999995,0.026245318875000007,0.01078505287500009,0.7845481583749999,-0.2083529669375001,0.22353508499999997,1.81311530325
359.16619699225,-0.150067728,-0.8410022010000001,0.92589326,0.3249177905,0.12979775424999998,-0.4873800575,-33.889944172124935,-17.172712889874965,716.6077872220625,1077.49859097675
0.125,-0.7720051780000001,-0.38600258900000006,0.2666314300000001,0.11007378274999996,-0.05471657237500008,0.133775189625,0.0,0.0,0.25,0.375
0.0,1.591421971,1.2384356175,1.0586862185,344.265426071,171.86728696449998,1272.9738459545,0.0,0.0,0.0,0.0
249.7903131632969,-0.014899690000000021,-0.031629695999999985,-3.679482186,0.0,0.0,0.0,2.754611778437518,-0.552355703968759,-499.84670725284377,749.3709394898907
-0.39076096204687505,0.922311184,-0.40119867600000003,-0.9793856569999999,0.0,0.0,0.0,-0.2799202219375,0.5083078502187499,-0.50824195528125,-1.1722828861406251
-0.19891436459375,1.0994430789999998,-0.2998817315000001,-0.45125283149999995,0.0,0.0,0.0,-0.7016701572499999,-0.21454945568749997,0.14063028200000005,-0.59674309378125
-0.007743438171874978,0.9199915590000005,-0.8688206935,0.45803743050000034,-1.2220443862500745,0.5531990791250372,-1008.3479021143751,0.033231141187500035,-0.22513560596875004,0.47821188071875,-0.023230314515624934
0.07377510435937498,-1.323969463,0.45150113150000015,0.6427116735,0.719362501,0.0673976335,0.5446694165,-0.07218234868749998,-0.21879953328124996,0.00983654290625001,0.22132531307812495
364.63068799232815,57.0,-28.5,-3425.5,-0.270375046,0.25209546674999994,-0.48908703349999993,179.6731429534375,89.61862972778124,729.3699244588438,1093.8920639769844
0.125,0.0,0.0,0.0,0.37776528300000006,0.2667702097500001,-0.038251740499999964,0.0,0.0,0.25,0.375
0.0,0.0,0.0,0.0,0.038665537999999944,-0.1743932325,-0.16771407675000005,0.0,0.0,0.0,0.0
250.29531439209376,0.0,0.0,0.0,0.06921092125000006,-0.008238902874999954,0.17597867837500003,-0.7356082473750389,0.5101751773125195,-499.7850225029375,750.8859431762812
-0.18881389559374998,0.0,0.0,0.0,-0.3499875927499999,0.14703044862499998,-0.09091142062500002,0.021951536124999893,-0.054859549875000024,-0.49405435649999996,-0.56644168678125
-0.43106972160937496,0.0,0.0,0.0,-0.003383742250000016,-0.115186620625,0.022113350625000028,-0.1962144279375001,0.03764708378124998,-0.24344615134374997,-1.293209164828125
-0.19977071468750002,-3.277276562,0.361361719,-2000.897644983,-0.7221491842500001,-0.017534777374999977,-0.050088774625000027,-0.10028450849999998,-0.05843329462500005,0.6627822576250001,-0.5993121440625
0.020786551812499998,-0.8177668300000001,0.6781704749999999,0.20044027800000008,-0.7592653112499999,0.10271406437500002,0.182254194125,0.39236336412499995,-0.3292395469375,0.09160974662499999,0.062359655437499995
396.15037053339057,-0.13926613,-0.0018284550000001731,0.48047799599999985,-0.3399137735000002,-0.595691888,-0.5749266095000001,2.921105066312414,0.8601794312812068,793.2244874435312,1188.4511116001718
0.125,-0.9405820540000003,-1.0999485720000002,-0.028369614000000043,639.3587852945,320.07060735274996,946.9227134675,0.0,0.0,0.25,0.375
0.0,-0.5142565859999999,-0.6321151399999999,0.17554591499999983,0.0,0.0,0.0,0.0,0.0,0.0,0.0
251.24348002793747,0.7111872899999998,0.2596527099999999,-0.39831446999999987,0.0,0.0,0.0,-1.4204971568750144,0.3654884071250071,-501.9896738786875,753.7304400838124
-0.10870453665624999,0.577727535,0.02344410549999998,-0.1784794745,0.0,0.0,0.0,0.09536692675000008,0.21323097243750003,-0.438415331375,-0.32611360996874994
-0.425675225984375,-0.08960108300000003,-0.04480054150000001,-0.1272012225000001,16.765994752000065,-8.593300503750031,-1001.6033062610001,-0.1921062650625,0.06283490996874999,-0.018202000968750076,-1.277025677953125
-0.2016730129375,0.30028212499999984,0.23647399349999998,0.27529386450000004,0.791777514,-0.341905548,-0.42738359099999995,-0.24525262887500002,-0.02672393725000001,0.5528272613124999,-0.6050190388125001
-0.082354171234375,0.608909836,-0.27726692,-2.519012559,-0.006948299749999831,-0.15931183137500002,0.2894038268750001,0.21487961418750007,-0.26486701959375003,-0.12290163303125001,-0.247062513703125
401.9585066743751,0.07232400800000005,-0.01496509800000001,0.06156544500000005,-0.29904189049999996,-0.31569233375,0.03537326250000006,74.60477650150006,37.31594472631253,804.5214213951876,1205.8755200231253
0.125,-0.28924978,0.16484111599999995,-0.12874392599999984,0.2081930755,-0.30546178924999995,-0.04830365274999998,0.0,0.0,0.25,0.375
0.0,-0.008143032999999966,0.07812326750000004,0.18902153350000006,0.11067057349999998,0.101917335,0.08560319574999997,0.0,0.0,0.0,0.0
252.39903988740625,0.15384851699999996,0.4368639515,0.051501635499999976,0.10809090800000004,-0.04545579699999999,0.1397588090000001,-0.9810307465000093,0.49204003081250464,-503.732638939125,757.1971196622187
-0.03399487710937499,-1.0158827099999996,-0.6254196679999999,-0.34100859199999967,-0.65981517675,-0.5349965886249999,-0.466526513875,-0.20564244468749998,0.01399698346875003,-0.47828532765625,-0.10198463132812496
-0.40344419314062496,-0.14392226700000021,-0.22966049750000006,0.0753005925000001,0.055407728500000086,-1.47206220375,0.07610279925000007,-0.043431852187500064,0.10246763665625,-0.32780306328125,-1.2103325794218749
-0.23166400245312502,1.575555957,0.6676416195,0.7633099894999997,-0.24832016950000002,-0.4245779095,-0.31681731075,-0.003985976562499938,0.07046276546875,0.16911036221874998,-0.694992007359375
-0.4080032981875,-0.1590621409999997,1.3848657885,0.03642461949999998,-0.3185816130000001,-0.9871950570000001,0.421691187,-0.043696770624999964,0.16237479887499995,0.4117350196874999,-1.2240098945625
404.397415392672,-0.062126793999999874,1.310918354,-0.5382163959999999,-207.69664735425,-104.15167632287499,1234.466916384875,-90.9457559071875,-46.044766400343754,811.040429605219,1213.192246178016
0.125,0.6286722840000001,-0.6569470870000002,-0.21595534000000027,-0.5,0.25,-0.25,0.0,0.0,0.25,0.375
0.0,-0.518991041,-0.1918280025000001,-0.6103941355,0.0,0.0,0.0,0.0,0.0,0.0,0.0
249.4771291433594,-0.26303734400000023,1.688198154,0.1720736030000003,0.0,0.0,0.0,-1.4390915378125637,0.4952220792187818,-499.5734624444063,748.4313874300782
-0.13001107765625,-1.952319323,1.2271208765,-0.27899132949999994,-0.90712302175,0.546438489125,-994.555592979875,-0.05384744024999999,0.020939570687499992,0.23017102625000002,-0.39003323296875003
0.02285874521875001,-72.0,36.0,-3571.0,-0.41478572825000015,0.35195722587500006,0.11681351287500003,0.33687745187499996,0.03295463118749997,-0.10674903981249999,0.06857623565625004
0.5609404401875,0.0,0.0,0.0,0.347285215,-0.15166952325,0.5765902485,-0.2490023007499999,0.08768193362500007,0.97525335325,1.6828213205625
1.0871322613125,0.0,0.0,0.0,-0.03397266025000001,0.027913180875,0.09055438587500003,0.01007246037499998,-0.11644745187500005,0.2990626849374999,3.2613967839375
348.39404975681254,0.0,0.0,0.0,0.08815271349999998,0.011858435250000021,0.04754483825,-8.260208583374986,-4.063576400437493,694.1438371717501,1045.1821492704375
0.125,0.0,0.0,0.0,-0.8192684610000001,-0.20249633625000002,0.24497680975,0.0,0.0,0.25,0.375
0.0,0.0,0.0,0.0,0.15639861700000005,0.016418743499999985,0.49173440850000005,0.0,0.0,0.0,0.0
251.0379458144062,-1.364936161,0.31753191950000004,-2003.8538151835,-0.04578219375000003,0.172095746125,0.295446367625,-1.1848727046250362,0.6465594225625181,-502.44526172843746,753.1138374432187
-0.09110491639062501,0.3677932960000001,0.45566012,-0.08691542899999982,-0.394587582,-0.87742293625,0.32753029175000004,0.02918717568750001,0.04084567603125,0.06924464590625001,-0.27331474917187504
0.101973366703125,-0.34549853200000036,0.708710667,-0.1338395750000001,0.45525521999999996,0.03721128049999997,-0.28791089275,0.0473784611875,0.04301846434375001,0.08568455615625001,0.305920100109375
0.43639547653125,-0.5177847550000001,1.4078481825,-0.42294505949999994,-0.3102590427500001,-0.07472290462500006,-0.48931717087500004,-0.6028613314999998,-0.08068019174999994,0.9256382394375,1.3091864295937499
0.9850068835781249,-0.25372637899999995,0.24812365749999998,0.5614979834999999,70.0928897185,34.953555140750005,1111.7761628855,-0.3924262405625002,-0.35615108440624993,0.06417281390624996,2.955020650734375
372.7577744964062,0.7313087840000001,0.02986112200000013,-0.4123995159999998,0.0,0.0,-0.5,114.26262486462517,56.76632916412508,743.1377490101249,1118.2733234892187
0.125,-0.6200701449999999,0.22080425150000005,-0.021567937499999967,0.0,0.0,0.0,0.0,0.0,0.25,0.375
0.0,0.540885915,0.40156516649999996,0.045988681499999906,0.0,0.0,0.0,0.0,0.0,0.0,0.0
251.23339299326562,0.4301999949999997,0.08560060149999993,-0.09141185250000006,-0.67056818975,0.664715905125,-997.446504663125,2.7781364719375143,-1.518920885031257,-502.8840434339687,753.7001789797969
-0.062752774921875,-0.07590166900000006,0.051544833500000053,-2.3691921405,0.18867384850000002,0.10925003699999997,0.082902048,-0.003407121062500032,0.02611438296875001,0.03774280215625001,-0.188258324765625
0.13082589242187498,0.27743166899999994,-0.16398906750000003,-0.14408020050000003,-0.08967820774999999,0.11075835612499997,0.4209723318750001,-0.15030346306249998,0.02023528628125,0.019000885406249973,0.39247767726562494
0.16045081701562497,-0.7035215300000001,-0.17133409000000005,0.37168811900000004,-0.26496050325000003,0.10051955312499997,-0.0030453546249999963,0.21828152018750002,0.38555228478125,0.16901569809375003,0.4813524510468749
0.14730507890625,0.6482415049999999,-0.19905557149999997,-0.4599507615,-0.17035216375000006,0.12992391562499994,0.06895655412500001,0.015072795875000045,0.3710502145625,-0.17598554056250001,0.44191523671875
325.35177188310934,0.14938765399999998,0.06275269999999994,-0.08719882199999995,0.46416154899999995,-0.26395335774999995,0.020449701749999993,-103.01681116643752,-50.75557252034376,650.4357005419687,976.055315649328
0.125,-1.2077976289999999,-0.6391423084999999,-0.07892713149999953,0.43811259775,0.02842951462499993,0.24060204237500005,0.0,0.0,0.25,0.375
0.0,0.44563404299999965,-0.9824566855000001,-0.1046015115000003,-0.70329531925,-0.08658742012499993,0.2823729961250001,0.0,0.0,0.0,0.0
250.35926230548438,0.8276255049999997,-2.0970371575,0.6181985784999997,1.26434162725,0.532643268375,-0.8463188323750002,-1.104506265812486,0.7468466731562431,-501.5297877394687,751.0777869164531
-0.2449919466875,-1.756173604,0.27980838899999994,-0.5460518379999999,0.13273604274999995,0.26282931387499997,0.09906704387499998,-0.06419157062500006,-0.0014281166874999945,0.11695784800000003,-0.7349758400624999
0.6269687049218751,0.6781438599999996,0.012643935999999911,-0.7891787850000003,1.1190210417500002,0.37407492537500003,-0.16521949812499995,-0.2550090866875001,-0.16580631296874992,0.6144247030937501,1.8809061147656252
0.49183421884375,-0.8271054629999999,-0.6314106514999999,0.0579217635,-128.455308934,-63.27234553299999,1216.630775271,0.218097385375,-0.1464203819375,0.2790965749375,1.47550265653125
0.545543648921875,-0.7305181100000002,-1.1096017429999998,0.3794763780000001,0.0,0.0,-0.5,-0.10324969706249987,0.08402539771874995,-0.06731503028125019,1.636630946765625
328.01429938942186,2.560959322,-1.123239309,0.473412253,0.0,0.0,0.0,-19.667133857937397,-9.732152900468698,655.0183329689687,984.0428981682655
0.125,-0.3084237179999999,-0.1858001099999999,-0.42766284100000007,0.0,0.0,0.0,0.0,0.0,0.25,0.375
0.0,-25.0,12.5,-3232.5,-1.4213801342499999,0.28930993287500006,-999.593771024125,0.0,0.0,0.0,0.0
251.57883424648438,0.0,0.0,0.0,1.255784061,0.12579499075,-0.044011652999999984,-0.9902832293124683,0.6292370689687341,-503.6331498707812,754.7365027394532
-0.174374102859375,0.0,0.0,0.0,0.41110244949999997,-0.1286454305,0.372568389,0.037030036312500014,0.12048294246874999,0.10272487371874996,-0.5231223085781249
0.5618320082968751,0.0,0.0,0.0,0.07851087524999995,0.105799753375,0.046910232125000006,-0.21434976893750002,-0.19172008940624996,0.51908993540625,1.6854960248906252
0.21341654015625,0.0,0.0,0.0,-0.5213524707499999,0.13761969287500003,0.04744021987499997,-0.20988744362500006,-0.20462780249999998,-0.14033983174999998,0.64024962046875
0.34619890017187505,0.0,0.0,0.0,0.03628917424999997,0.260643095875,-0.12609555762499997,-0.18609249506250009,-0.24049197784375,-0.19201578721874996,1.0385967005156251
361.74002218434373,-0.854025536,0.572987232,-2005.598359871,0.2585322065000001,-0.14362858125000005,0.03088866300000001,48.910077918125005,24.0437056575625,722.7157956908125,1085.2200665530313
0.125,0.8125044539999999,-0.10330428400000002,0.13544014999999998,-0.1288269380000001,-0.3447070555000001,-0.35286586500000006,0.0,0.0,0.25,0.375
0.0,-0.08707927599999987,0.32938571799999994,-0.00462994700000019,-0.3016163145000002,-0.5339405200000001,-0.30222977575,0.0,0.0,0.0,0.0
250.22275685490624,-0.18393354799999995,0.130265301,-0.256019456,-0.40820239225,0.12534927887499997,0.02774442262500003,2.6161870330000108,-1.1940926486250052,-500.0826196550625,750.6682705647187
1.017620968875,-0.8799985769999998,0.19747835150000004,0.24836188449999985,-0.31392583250000006,-0.107428934,-0.2048942295,0.23646483012500008,0.25624536625000016,0.2607193633125,3.052862906625
1.3058280006093752,-0.04394616799999995,-0.021973083999999976,-0.8000269919999998,24.85342679225,12.573286603875001,1242.834853513375,-0.4773620270625003,0.32947620765624996,0.09065958065625002,3.9174840018281256
0.528210615765625,0.0,0.0,0.2884671349999999,0.0,0.0,-0.5,-0.8095178641874998,-0.7874646044687501,-1.9129976348437499,1.584631847296875
-0.29184844462500004,0.08850794500000014,0.0005465685000000109,-0.18020030349999994,0.0,0.0,0.0,0.3801505986249998,-1.7151209713125,-0.16278647175000005,-0.8755453338750001
277.7263866352188,-0.5154867420000001,-0.25774337100000005,-0.564255221,0.0,0.0,0.0,-45.25058184400009,-23.535226107062545,555.11196880775,833.1791599056563
0.03125,1.087766732,-0.4405689749999999,-1.78735794,-1.16962000675,0.415189996625,-1001.7963941158749,-0.125,-0.0625,0.0625,0.09375
0.09375,0.3723112379999999,-0.226918899,-0.09664041599999995,-0.2039315104999998,-0.17708418575,0.18612846500000002,-0.125,0.0625,-0.1875,0.28125
250.41628541578126,-0.47335873000000006,0.408517289,0.486769519,0.44447058175,-0.23322183287499998,0.293177379875,-0.7338124676249445,0.5255725249999723,-500.10546989125,751.2488562473438
1.162703063421875,-0.938064281,0.4690321405,-1.2531036545,-0.09956923224999997,-0.01632305812500004,-0.01911065587500005,0.025540860687500166,-0.015556375531249944,0.37467076521874976,3.4881091902656247
1.333053700453125,0.13647002600000002,-0.06823501300000001,-0.09365763599999999,-0.06791243450000001,-0.05553944999999996,-0.01413819874999997,-0.19548233768749967,-0.13340199440624978,0.15902544171874977,3.999161101359375
0.957078797078125,0.0,0.0,0.524971683,-0.41070354000000003,0.22261092550000003,-0.28813312675,0.2926045639375001,-0.3655314150312501,-0.7097865285937501,2.8712363912343752
0.6719258495468751,0.0,0.0,-0.3274185329999999,-0.04987856300000004,0.5231294872500001,0.40638276475,-0.2745181779375001,-0.14859004165625,-0.09257151496875005,2.0157775486406253
230.29865877746875,0.0,0.0,0.20438582600000002,-0.30441002074999995,-0.246651762375,-0.21475072587499996,-21.833124625999965,-11.055916721937482,459.139272352125,690.8959763324062
0.0,0.0,0.0,0.332034964,-0.8071641682500001,-0.5724895153749999,-0.09449056037500014,0.0,0.0,0.0,0.0
0.125,0.0,0.0,-1.1282507149999998,-0.5854581697500001,-0.516392710375,-0.09333574287500002,0.0,0.0,-0.25,0.375
251.71677444971874,0.0,0.0,0.47147449500000005,0.41935036225,0.10138886737500002,-0.235255330125,-1.6454841631249897,0.8258967261874948,-502.5710791726875,755.1503233491562
1.276234971375,0.0,0.0,0.7447354330000002,49.58786604225,24.206066978875,1139.484494509125,-0.2029946413749999,0.2516693736250001,0.36742091656249976,3.8287049141250002
1.2681246945,0.0,0.0,-0.807067408,0.0,0.0,-0.5,-1.0895934317500005,-0.05002821275000002,-0.6243837914999997,3.8043740835
1.1784593425,0.0,0.0,-0.27345098200000006,0.0,0.0,0.0,-1.2417078990000001,0.4220103423125001,-0.7014635564375,3.5353780275
0.868353978859375,64.0,-32.0,-3867.0,0.0,0.0,0.0,0.028032800437500005,-0.11354466040624994,-0.4139340999062502,2.6050619365781253
282.58726403329683,0.0,0.0,0.0,-1.51557270675,0.242213646625,-1003.513865122125,58.5739555150625,29.20861218771875,563.5984942786562,847.7617920998905
0.0,0.0,0.0,0.0,0.09719967800000007,0.14868788375000003,0.16848859099999997,0.0,0.0,0.0,0.0
0.125,0.0,0.0,0.0,0.7500007315,-0.40795999199999994,0.11522119550000004,0.0,0.0,-0.25,0.375
189.82670889290625,0.0,0.0,0.0,0.13305102925000006,-0.05559866387499998,0.030959499124999956,251.53879598687504,-126.41985471593752,-378.3130907553125,569.4801266787188
1.188053270203125,0.0,0.0,0.0,-0.19644108750000006,0.019911834749999996,0.14559386525,-0.30523428643749995,-0.7882875180312501,0.2659478125937498,3.5641598106093753
0.7948606134999999,-1.4379233930000002,0.2810383034999999,-2007.1604364785,-0.3306190969999999,0.258677286,0.34369117475,0.3163320722499998,-0.15869273912499982,-0.72621876175,2.3845818404999997
0.42156899307812506,1.1602571329999998,-1.1523635694999999,-0.07147796949999985,0.2882984735,0.013008939999999997,0.15078429050000003,-0.6918570301875002,0.5502649725312501,-0.81714504596875,1.2647069792343753
0.25019053214062503,-0.044034695999999984,0.48651722799999997,0.1470161980000002,-0.4794347912499999,0.284309744375,-0.599523665875,0.3819303811875001,0.06327835065624998,-0.048981532906249986,0.7505715964218751
213.36276500368749,-1.253772604,-0.33057686899999994,-0.24720052199999998,-1.2080621517499999,0.590190009375,0.394433010625,-212.66419759400003,-106.31014962743751,426.1864834999375,640.0882950110624
0.0,0.41248553200000004,-0.20624276600000002,-0.35746001399999994,-0.18187320500000018,0.17201928125000004,0.3013756839999999,0.0,0.0,0.0,0.0
0.09375,0.4871110299999999,0.7232601860000003,-0.534498393,-0.04536296475000001,0.30422410837499997,0.38641514062499993,0.125,-0.0625,-0.1875,0.28125
,-0.2601164599999999,0.7546739760000001,0.15840890499999993,14.592701595,7.203649202499999,1348.477754097,,,,
,0.2961317130000001,1.2407509325000001,-0.07638841949999997,0.0,0.0,-0.5,,,,
,-0.518834528,0.431246178,-0.5659291139999998,0.0,0.0,0.0,,,,
,0.9245227,-0.38794748999999995,-1.850854624,0.0,0.0,0.0,,,,
,-0.09187920900000002,0.007622120499999996,0.13710396049999996,-1.076123925,0.46193803749999995,-1005.71644952025,,,,
,1.15392773,0.22410410199999997,0.9923838469999999,-0.19494349225,0.10295187262499998,0.15561571887500003,,,,
,-4.02855201,-0.4277862040000002,0.4994591570000001,0.1966916512500001,-0.164265077875,0.14948634237500003,,,,
,0.8778610179999999,-0.704005955,-0.464353132,-0.11258111300000007,0.021597012000000027,0.04146119525000003,,,,
,0.0,0.0,0.356113581,-0.10207788875000001,-0.08320455662500004,0.04815882037499997,,,,
,0.0,0.0,-0.3836466650000001,-0.236826973,0.048568493500000004,-0.421007756,,,,
,0.0,0.0,0.485194759,-0.0997283975,-0.10965529849999997,0.33219171124999997,,,,
,0.0,0.0,0.10641906400000001,-0.21652444325000003,-0.227082329125,0.09542479362499995,,,,
,0.0,0.0,-0.9096526069999997,0.44304470850000005,-0.27365244325000004,0.10268471825,,,,
,0.0,0.0,0.2527333970000001,0.5456150285,-0.4132957687499999,-0.513422332,,,,
,0.0,0.0,0.6534306059999999,0.248486883,-0.30064864375,0.15715710475,,,,
,0.0,0.0,-0.524675413,-57.3192235665,-29.34038821675,1358.437417134,,,,
,0.0,0.0,-0.04284847700000016,0.0,0.0,-0.5,,,,
,-584.0,292.0,-3538.0,0.0,0.0,0.0,,,,
,0.0,0.0,0.0,0.0,0.0,0.0,,,,
,0.0,0.0,0.0,-1.1604309072499999,0.41978454637500007,-1007.6319877623749,,,,
,0.0,0.0,0.0,0.15052333125,0.24681123087499998,0.057219532125000055,,,,
,0.0,0.0,0.0,0.05374893699999994,-0.0049013842500000016,-0.15793835699999997,,,,
,0.0,0.0,0.0,0.010715076749999941,0.08315040612500002,-0.031125165625000006,,,,
,-0.3796085279999999,0.810195736,-2009.507125831,-0.32014414700000005,0.2383807825,0.08550376274999999,,,,
,0.473419217,-0.0010834305000000377,-0.20828836049999988,-0.30049446975000005,0.10431798162499994,-0.374920699875,,,,
,-0.745850712,0.372925356,-0.41644791599999986,0.03798551775000003,0.013247923624999991,0.807323708375,,,,
,-0.08667583500000009,-0.33964735050000006,0.04129827649999984,-0.6553438687500002,-0.583592165625,-0.7661516081249999,,,,
,0.08668325599999971,0.11833899699999995,0.619687189,1.1430912205000001,-1.4020776629999998,0.04393535574999974,,,,
,-0.27977420399999997,0.05199476600000008,0.0015464620000000817,0.31707914449999997,-0.394574528,-0.08644322975000002,,,,
,0.04158500899999984,-0.33310037849999996,-0.04955764449999989,0.2502279549999999,-0.01140589924999999,0.04524786049999996,,,,
,0.08085597499999997,-0.30923123649999995,0.03888328149999998,345.91817237125,173.04091381437502,1573.671378838625,,,,
,-0.257952607,-0.08580983850000001,-0.1737692865,0.0,0.0,-0.5,,,,
,0.2152493660000001,-0.429349321,-1.633404983,0.0,0.0,0.0,,,,
,-0.05301461000000007,-0.03137655300000003,0.154164949,0.0,0.0,0.0,,,,
,-1.091200212,0.33712027200000005,-0.421799671,-1.95217793025,0.273911034875,-1010.035425227875,,,,
,-1.0391651560000001,-0.025109195000000084,-0.013990545999999993,-0.41205328350000003,-0.76126270775,0.11116514049999993,,,,
,0.34361631899999995,0.17180815949999997,0.14638553649999997,-0.27100599549999993,-0.183106722,0.392387975,,,,
,1.4732051959999994,-0.9315894409999999,0.5131575890000004,0.21280804125000002,-0.315927177625,0.069436258375,,,,
,-0.7284557920000001,-1.4343307199999997,0.9110400240000001,0.22828247325,-0.326693446875,0.068575801125,,,,
,-0.6095939539999997,-0.5811106040000003,-0.6600550030000001,0.011047460500000134,-0.0011165517500000416,0.04239216699999998,,,,
,-0.3532775560000001,-0.31286174099999986,-0.2710458,-0.8494941525,-0.54134954375,0.12109155649999997,,,,
,-1.0370769969999998,-0.6636176075,2.0672911655,-0.3016368230000001,-0.3397119155,-0.20488888049999998,,,,
,-0.24569113499999995,-0.32254866149999994,0.21372194349999996,0.11408424050000002,-0.30121325975,-0.04318695599999997,,,,
,0.985196733,0.0715560375,-0.1368468035000001,1.02810030475,0.39012841387499997,-0.597949766625,,,,
,-0.7454549670000001,0.27052125550000006,-0.020778470500000035,1.7044848587499999,0.13040291312500019,-0.4486839528749999,,,,
,0.8557439229999998,0.33310720749999995,0.2012079765,14.820715924,7.339642038,1333.81748502875,,,,
,33.0,-16.5,-3920.5,0.0,0.0,-0.5,,,,
,0.0,0.0,0.0,0.0,0.0,0.0,,,,
,0.0,0.0,0.0,0.0,0.0,0.0,,,,
,0.0,0.0,0.0,-0.84013033675,1.079934831625,-995.642250890875,,,,
,0.0,0.0,0.0,0.05336986325000004,-0.08898292462499999,0.09180709287499994,,,,
,0.0,0.0,0.0,0.2043563757500001,0.15051227937499995,0.12895836512499997,,,,
,-3.781038304,2.109480848,-2013.952385407,-0.28774825550000005,0.06738617200000002,0.08083713050000008,,,,
,-1.2442144460000002,-0.7579889590000001,-0.45935199699999973,-0.001319822749999866,-0.04408792237499998,-0.6219001293750002,,,,
,1.387175938,-0.08616504800000002,-0.588702123,0.8981646602500001,-0.08012909362500004,0.07481860962500009,,,,
,0.477220191,0.7571516024999999,0.31064781250000006,-0.235086564,-0.05856286750000003,-0.4031987455,,,,
,-0.1840915099999999,0.6579279390000001,0.37132330999999996,0.18651524475000014,-0.13524258412499995,0.294589569125,,,,
,0.13183850500000005,0.06591925250000003,-0.10429465950000005,-0.3431958572499999,0.04414626462499999,-0.210839700375,,,,
,-0.0022728000000001858,-0.266556062,0.015850271000000027,-0.5925736197499999,-0.36580388287500004,0.13021747337500006,,,,
,-0.10162560699999978,-0.5315942375,0.07767156149999999,-0.29202326700000003,-0.05358657099999997,-0.23130856300000002,,,,
,0.08528674699999983,0.1721427685,-0.0031957925000001275,172.83080424225,86.084597878875,973.656602050375,,,,
,0.15180333700000004,-0.10308966650000007,-2.1834038065,0.0,0.0,-0.5,,,,
,-0.033980452999999966,0.03981766349999999,0.3682392084999999,0.0,0.0,0.0,,,,
,0.43738093599999994,-0.313454029,-0.0006472409999999096,0.0,0.0,0.0,,,,
,0.009611680000000011,-0.09695913100000003,-0.02564007300000004,-1.01806864725,0.490965676375,-997.714873460625,,,,
,0.6749697689999999,-0.32439473950000003,-0.36005261450000003,-0.23135435349999994,0.12367699874999996,0.09542095174999998,,,,
,1.4011963710000006,2.6507381755,-0.6690701745000001,0.24625685899999994,0.228440916,0.03155001824999998,,,,
,-2.000933891,3.2123589085,1.0553840255,-0.09033124900000011,0.07657975374999992,0.057706632249999945,,,,
,0.07128271899999983,1.3691549474999998,-0.5622702215,-0.010948543499999963,0.005474271750000093,-0.9233047405000001,,,,
,-1.644713386,1.833991099,1.246521058,0.061598186500000096,0.248678109,0.9162597655000002,,,,
,0.17871685000000026,2.060016313,0.31628740899999985,-0.2626160179999999,0.7577677454999999,-0.5258716440000001,,,,
,0.35762496899999974,2.4935528885,0.44360729850000014,-0.134260797,0.06996972524999998,0.15603347224999997,,,,
,0.597731698,0.877799051,0.2979465010000001,0.2432285277500001,-0.02796097612500001,0.152988320375,,,,
,-1.3208378849999998,0.9984856985,-0.2904164815000001,0.018930734750000067,0.03666770012499998,-0.08470708762500001,,,,
,0.172428853,0.5047587575,0.23476429050000003,0.23081570549999997,-0.04645503949999996,-0.20728512774999996,,,,
,-367.0,183.5,-4072.5,5.81805738425,2.840971307875,1106.058618557625,,,,
,0.0,0.0,0.0,0.0,0.0,-0.5,,,,
,0.0,0.0,0.0,0.0,0.0,0.0,,,,
,0.0,0.0,0.0,0.0,0.0,0.0,,,,
,0.0,0.0,0.0,-1.093031754,0.45348412299999996,-999.7110527897499,,,,
,0.0,0.0,0.0,-0.4050548215000001,0.32636769875000005,0.024127877500000006,,,,
,-3.459744642,0.270127679,-2018.828232192,-0.28123441899999996,0.09667104125000012,0.09493257474999994,,,,
,-0.6302702210000002,-1.3342481314999999,-0.35248787049999997,0.0860954092499997,-0.02283371087499997,0.1899222801249998,,,,
,-0.20874741900000005,-1.3248566925,-0.3009516995000001,-0.2216578400000001,-0.056975456499999966,-0.7877088820000002,,,,
,0.25347461000000004,-1.428887217,-0.1000541049999999,-1.2517607255,-0.20578412350000003,-0.03408544524999993,,,,
,-0.5780485129999999,-0.9640005815,-0.0448043575,0.7765188885000001,0.11527210775000002,-0.26144718925,,,,
,0.3686299020000001,-1.590592333,-0.17407765100000006,0.21406518774999989,0.13749928787499996,0.13938179462499994,,,,
,0.07483641499999982,-1.6435729845,0.10318709049999997,0.013889891499999973,-0.17958750475000002,-0.16538325099999995,,,,
,0.18574286099999981,-1.4368876775000001,0.04980559749999991,0.2029243570000001,0.0047427730000000334,0.22320769350000003,,,,
,0.09240079299999993,-1.2919600235,-0.17335081349999992,0.17670921225000003,-0.12784428212500004,0.00748616537500002,,,,
,1.120167605,-0.5138642065,-1.3972028065000002,70.7972024465,35.101398776749996,1192.62320499325,,,,
,0.017198789000000048,0.02564176149999997,0.06749203849999996,0.0,0.0,-0.5,,,,
,-0.050171006999999934,-0.29458357449999995,0.2119576125,0.0,0.0,0.0,,,,
,0.0062225720000000095,-0.218684163,-0.227023647,0.0,0.0,0.0,,,,
,0.232660812,-0.09178638299999997,-0.040686741000000026,-0.91631212125,0.5418439393750001,-1001.469748632125,,,,
,0.04253334300000011,2.4648155745,0.05998676549999993,-0.37318805025,0.041084778125,-0.233745890375,,,,
,-0.18860110399999952,2.4514177449999996,0.13404450600000017,0.009788893249999986,-0.16969257737500004,0.2080973048749999,,,,
,-0.24299837600000007,1.488328028,0.10102477399999987,-0.05625506499999999,0.18246986650000008,0.10603597624999983,,,,
,0.04092397599999975,2.165973666,0.15624968900000002,-0.15058266700000011,0.08647829200000001,-0.8198744939999998,,,,
,-0.25285983899999964,2.1585660355,-0.3133681735,-0.8330516539999999,-0.18700479949999999,-0.15250896774999995,,,,
,0.23408959200000012,1.4332697319999999,0.35278874699999996,-0.9378887757500002,1.204834848375,-0.9368926176250001,,,,
,0.8416750979999998,1.029845204,0.6665891600000001,-0.21865058625000006,-0.20681871462499998,0.09946259462500007,,,,
,0.516796888,1.172488757,0.12121359199999993,0.3482919339999999,-0.05672884,0.023512322500000016,,,,
,0.8998351680000001,0.821079538,0.23313526400000006,0.23483381874999998,-0.012549791625000029,0.16731027562499998,,,,
,1856.0,-928.0,-3643.0,0.5803629997500002,-0.072359974125,0.27301345187500003,,,,
,0.0,0.0,0.0,62.144400482,30.927799759000003,1312.05840153,,,,
,0.0,0.0,0.0,0.0,0.0,-0.5,,,,
,0.0,0.0,0.0,0.0,0.0,0.0,,,,
,0.0,0.0,0.0,0.0,0.0,0.0,,,,
,0.0,0.0,0.0,0.00551281225000011,1.002756406125,-1003.186407065375,,,,
,-1.474417008,0.26279149599999996,-1990.769730026,0.37939586850000007,0.65834978225,-0.07395508924999983,,,,
,0.709045393,0.1167296585,-0.4718085995000001,-0.6570774610000001,0.32853873025,-0.26581296374999996,,,,
,-0.06597615499999998,0.06871883749999996,0.08865741549999995,0.287320751,-0.27942842349999986,0.3220620287499998,,,,
,0.06349548099999991,0.7725213225,0.5336345305,-0.051653032999999904,-0.4663996544999999,-0.9781131627499999,,,,
,0.458748631,-0.1081138475,0.14635060850000003,2.10975651575,-0.19524166087500006,-0.13422664887499997,,,,
,-0.33579327,0.167896635,-0.169411112,0.26559468799999997,-0.7415890147499999,-0.635982848,,,,
,-0.266934863,-0.04499421049999999,-0.03823514349999996,-0.6704521772500002,-0.46318620412500006,-1.173509070875,,,,
,-0.45347110799999996,-0.44527257,-0.08952421899999996,-0.46989395325000005,-0.6011357346249999,-0.2558874398750002,,,,
,-0.002301603999999957,0.47368031499999996,-0.16665524099999995,-0.07362572050000005,-0.5113424435,0.07810127675000006,,,,
,-0.133228556,0.291368391,-0.524000215,-0.47087914625000005,-0.745701315125,-0.17300037287500003,,,,
,0.07787072099999992,-0.047088016499999996,0.08389027849999997,-34.47056203975,-18.264718980125,1269.336015984375,,,,
,-0.2995786589999999,-0.21031220150000002,0.16567029349999995,0.0,0.0,-0.5,,,,
,-0.8944165799999999,-0.46938783500000003,0.47974086899999996,0.0,0.0,0.0,,,,
,-0.8947492559999999,0.42773940999999993,-1.485491025,0.0,0.0,0.0,,,,
,0.016237316999999973,0.44278841550000003,0.14129175249999992,-1.49812316225,0.250938418875,-1004.536190828625,,,,
,0.07894275100000003,-0.050642546499999996,-0.08490577649999997,0.09761832100000012,-0.8002914485000001,0.22025880349999993,,,,
,-0.744124786,-0.324007849,-0.13262266700000003,0.6096052804999997,-0.3926949764999999,-1.150610412,,,,
,0.759575825,0.1641015535,0.3138422845,-0.8444969062499998,0.33346722387500005,0.399294767375,,,,
,0.491304022,0.281921788,-0.5596536169999999,0.28315487725,0.496079191875,-0.584731994875,,,,
,-0.25123583600000005,0.22840120199999994,0.632450924,0.255423399,0.43028811325,-0.31879307225,,,,
,-0.04364452799999996,-0.292492333,-0.4261186019999999,-0.5934190455000001,0.5150194355,-0.33800764974999997,,,,
,1.695400105,-0.2187386455,-0.10779419750000002,1.2012547992500002,0.4757139533750001,-0.524545003125,,,,
,-0.012337609999999999,0.791434543,0.44330463400000003,0.12724671599999993,0.9485325454999999,-0.342539029,,,,
,110.0,-55.0,-1611.0,-0.04967552549999976,0.53432130025,-0.24266347475,,,,
,0.0,0.0,0.0,-0.1413908035,0.807502249,-0.3241775525,,,,
,0.0,0.0,0.0,26.80175500925,14.349122495375001,1410.928405456125,,,,
,0.0,0.0,0.0,0.0,0.0,-0.5,,,,
,0.0,0.0,0.0,0.0,0.0,0.0,,,,
,0.0,0.0,0.0,0.0,0.0,0.0,,,,
,-0.744544688,0.627727656,-1994.353627883,-1.4728775007500001,0.26356124962499994,-1007.410106902875,,,,
,-0.13650083899999993,0.13557218450000005,-0.2547153965000001,0.34773014175000005,-0.11704720462499996,0.29253344412500004,,,,
,-1.0022897360000003,-0.535047173,-0.114756415,-0.410559958,0.15034726850000008,-0.27027359674999996,,,,
,0.25297151500000004,-0.31797839150000007,0.4023609295,0.3229585132499999,-0.37182226812499997,-0.08165889862499998,,,,
,1.6854802260000001,0.16776378800000002,0.19967716400000002,-0.1072696462499999,-0.226039137625,-0.7331483838749999,,,,
,-0.13183850499999994,-0.06591925249999997,-0.39920270049999995,0.06925546250000009,0.37531471549999995,-0.031043117249999974,,,,
,0.178840441,0.13365683150000002,-0.08266115349999997,0.6030640357500001,-0.5911891093749999,0.10030276212499997,,,,
,0.31579006900000006,0.2453098405,0.026303119499999972,0.20037409174999993,0.08800036812499998,0.34745406987500005,,,,
,-1.115214048,-0.902938745,-0.16487672899999994,-0.38204474975000013,-0.07099958487500002,-0.07963401212499988,,,,
,-0.15631993300000002,-0.6151339705,0.02509234249999992,0.1679402967500001,-0.0036818126250000027,-0.10867764662500001,,,,
,0.643530259,-0.14892882049999995,0.17760149049999996,0.2551786735,-0.41348043225000003,-0.03307454375000002,,,,
,2.8189000550000003,1.4094500275000001,1.4367026185,-34.56968043875,-17.965159780624997,1542.519133243375,,,,
,1.3618444410000001,0.6026414745,0.5035264945000001,0.0,0.0,-0.5,,,,
,0.546685089,0.06863750549999997,0.40319388349999996,0.0,0.0,0.0,,,,
,-0.3159759259999999,-0.13449230099999998,-0.254066491,0.0,0.0,0.0,,,,
,0.11180478299999996,0.044638151500000056,0.07786729449999985,10.7743170075,-5.36284149625,-1004.229885419,,,,
,-0.31620765400000006,0.08216889100000002,-0.188931682,-0.11635330100000008,-0.14887489175000002,-0.2602352244999999,,,,
,0.3419527130000001,0.05745721949999999,-0.12200754450000006,-0.03024234899999989,-0.36940779724999995,-0.29354928525000007,,,,
,0.007810993000000044,-0.18953331450000002,-0.4225660755,0.07000183874999988,-0.687063799375,-0.16258583162499995,,,,
,0.17964080999999998,-0.20973423500000005,0.654472932,0.883962323,-0.978955166,-0.56426356675,,,,
,0.30911398200000006,0.530487642,0.1352804380000001,-0.17421459025000008,-2.204215576375,0.25450969312499994,,,,
,-0.247255522,0.147213814,-0.600218433,2.158213071,-0.8198082312500001,-0.25021451050000004,,,,
,-1.363504391,-1.4635614184999999,0.0036821744999999684,-0.42638611524999986,-0.6092600821249999,-0.004794675375000029,,,,
,447.0,-223.5,-2023.5,0.19923561450000027,-0.99789898125,-0.013205463749999868,,,,
,0.0,0.0,0.0,-1.0363895072499998,-0.7207010088749999,-0.584459006875,,,,
,0.0,0.0,0.0,-0.22954294600000003,-1.187906357,0.3651321847500001,,,,
,0.0,0.0,0.0,298.744285618,148.127857191,1583.35470144975,,,,
,0.0,0.0,0.0,1.0,0.0,0.0,,,,
,0.0,0.0,0.0,0.0,0.0,0.0,,,,
,-1.656885089,0.1715574555,-1995.8244704505,0.0,0.0,0.0,,,,
,0.10531636999999999,-0.422927892,-0.07174740399999999,-0.7215238402499999,0.639238079875,-1000.464515450875,,,,
,1.336817538,-0.38256268799999993,-0.9050609920000001,-0.33095743875000005,0.343932140375,0.426732548125,,,,
,-0.47772328499999994,0.35375722249999997,0.04079307249999997,-0.4437459299999999,0.2768056754999999,-0.56543678375,,,,
,0.502090259,-0.04894434850000001,0.006340797500000023,0.022165979000000002,0.05475139975,0.005962662750000007,,,,
,-0.03187327200000001,-0.159848037,-0.09359167300000001,0.35765844399999996,-0.11170747150000002,-0.06411454200000002,,,,
,-0.132331031,0.11078092650000002,0.02830917249999998,0.1983711374999999,-0.015527504999999997,0.04611445049999996,,,,
,0.7069704179999999,-0.039881418,-0.2610744159999999,-1.27363913225,-0.5451186661249999,0.399003651125,,,,
,-0.300491363,-0.1934121465,-0.31888867049999997,-0.21113736949999998,-0.2426688085,-0.129175655,,,,
,0.096288983,0.1376401585,-0.7078599695000001,-0.6757249345000003,-0.66683951325,0.06284017324999991,,,,
,0.6350010880000001,-0.41288662,-0.13519775899999997,0.6820721152500001,-0.38133700237499996,-0.581366716875,,,,
,0.058121649999999914,0.029060824999999957,0.04494178900000001,0.1060827350000002,-0.17733890924999995,-1.18416942675,,,,
,0.183926731,-0.02284839649999998,-0.07238556949999997,-219.56678033075,-111.46660983462499,1716.769671239125,,,,
,-3.345535231,1.6400422525,-1.6654648755,0.0,0.0,0.5,,,,
,-0.11177330999999999,0.21431346399999995,0.027223190000000064,0.0,0.0,0.0,,,,
,0.513408547,0.3130254745,-0.05265015250000002,0.0,0.0,0.0,,,,
,0.24971760799999998,-0.17548209399999998,-0.08745796400000005,-0.8231255909999999,0.5884372045,-1002.75233548575,,,,
,-0.29844155499999997,-0.03570164049999999,-0.0013765435000000492,0.6061855572500001,0.451539127875,-0.06592221287500005,,,,
,0.058258161999999974,0.23465781799999996,-0.05480278800000005,0.6239552667499999,-0.268031465125,-0.03625923037500001,,,,
,-0.523981542,0.827298831,-0.127969255,0.022580389749999985,0.177745683625,0.118974170875,,,,
,-1.818295628,0.03067881299999997,0.673787683,-0.01036709625000004,0.02755746487500002,-0.05001060862499998,,,,
,-0.141884958,0.5976976569999999,0.22624440799999995,-0.15041443100000007,-0.09086671824999998,0.016109848000000038,,,,
,0.275644705,0.1536164785,0.5792416145,-0.07263749425000005,-0.007445604374999998,-0.408227041625,,,,
,-520.0,260.0,-1740.0,-0.20258948075,-0.128714765125,-0.018888244624999995,,,,
,0.0,0.0,0.0,0.69365759,-0.210047013,0.19520951175,,,,
,0.0,0.0,0.0,-0.47296072775,-0.191143142875,-0.20981800612499998,,,,
,0.0,0.0,0.0,-0.76110948675,-0.30023759487499996,0.13329984962500008,,,,
,0.0,0.0,0.0,42.4254887535,22.037255623249997,1668.05725494825,,,,
,0.0,0.0,0.0,0.0,0.0,0.5,,,,
,-0.37960852700000003,0.8101957365,-1997.8062236425,0.0,0.0,0.0,,,,
,0.30140018499999993,0.3205522625,0.2665639545,0.0,0.0,0.0,,,,
,-0.9437791769999999,0.5790818685,-0.15879111050000005,-0.54364338925,0.728178305375,-1004.341836954875,,,,
,-0.6266347540000001,-0.720742847,-0.00468616400000002,0.5646728779999999,-0.03213616700000005,-0.23724496125000002,,,,
,0.41492655900000014,-0.6925051525,-0.31970170049999996,-0.11244543800000002,0.1660881395,-0.34323052425,,,,
,0.259652711,0.1777968225,-0.11958905549999999,-0.067108847,0.17751647575,0.017989427000000016,,,,
,0.22383465300000002,0.2003905465,0.2079072145,0.142139973,-0.003948236000000008,-0.08314998725,,,,
,0.45675052400000005,0.578034487,-0.08351195700000003,-0.22312518925000008,-0.343452498125,0.433614970625,,,,
,-0.47608653599999995,0.495786639,-0.14685051999999998,0.1437351175,-0.12964284825,0.29811028975000003,,,,
,-0.6451604989999999,0.2591415885,-0.7109738795000001,-0.02162802675000003,-0.35508765762500005,0.11272450687500002,,,,
,-0.22522523500000002,0.01885707249999996,0.18709586450000004,-0.19140783749999993,-0.30903991175,-0.159707349,,,,
,-0.241466082,0.032287051,0.45348206099999994,-0.49441847799999983,-0.5917721212499999,-0.6016599222499999,,,,
,0.21792626000000004,0.187243877,0.08812889700000004,-0.35074186225000004,0.02872004262499997,0.013726742124999983,,,,
,-1.116838795,-0.45606687850000005,0.3220270935,50.16425875475,24.417870622625,1792.691425387875,,,,
,0.362427383,-0.2299604025,0.0838186245,0.0,0.0,0.5,,,,
,-0.446474586,-0.268294254,-0.02029999699999996,0.0,0.0,0.0,,,,
,0.394444971,0.47353611149999997,-0.19586255250000004,0.0,0.0,0.0,,,,
,-0.262516387,0.1638915615,-0.04868069550000009,-0.67991206475,0.6600439676250001,-1006.494123499125,,,,
,-1.664283964,-0.20346584599999995,-0.691366492,0.07637074800000002,0.22580980875,-0.20203980774999997,,,,
,-0.707332733,-0.4172082605,-0.4054836045,-0.13880072899999996,0.15729270075,-0.3171407625,,,,
,0.677963384,0.12846052800000002,-0.637476713,-0.11146193124999998,0.088511518125,0.0074648896249999985,,,,
,0.5561458340000001,1.302192619,-0.011421463999999992,0.16890891549999998,0.10572383549999999,-0.11561788875000001,,,,
,-0.006185344000000148,1.039319625,0.45756896299999994,0.11722478749999976,0.07921740250000003,0.3315362515,,,,
,-314.0,157.0,-2144.0,0.37439119749999994,0.16897166100000005,-0.14807718125000002,,,,
,0.0,0.0,0.0,0.015350287250000011,0.12649525087500002,-0.326243465625,,,,
,0.0,0.0,0.0,-0.07470162775,0.129923786875,0.023261231625000017,,,,
,0.0,0.0,0.0,-0.2439503412500001,-0.09175035662500006,-0.29303988212500004,,,,
,0.0,0.0,0.0,-0.3436373834999999,-0.15827445849999996,0.13882052224999997,,,,
,0.0,0.0,0.0,14.95552638125,7.772236809375,1949.946373341375,,,,
,0.49623825900000007,1.2481191295,-1999.2953130175,0.0,0.0,0.5,,,,
,-0.508937407,0.18714693850000003,0.5380178755,0.0,0.0,0.0,,,,
,-0.15838901799999994,-1.028459052,-0.22610066300000004,0.0,0.0,0.0,,,,
,0.589596075,0.7392621865,0.5285951395,-1.794667969,0.10266601549999999,-1008.22317259925,,,,
,-0.37206537599999995,0.22645284400000001,0.09764648100000001,-0.5272060382499999,0.240989174375,0.20697928712499997,,,,
,0.4958018660000001,-0.42368560600000005,0.13032402700000006,-0.07000490525000003,0.03500245262500001,-0.032268795125,,,,
,0.49076951500000005,0.24538475750000002,0.027551572499999955,0.593602785,0.40852931875,-0.24647262375,,,,
,-0.756143515,-0.15953474250000002,-0.3304615055000001,-0.5832009774999999,0.2580396135,0.17499943,,,,
,0.9010556150000001,0.6663601335,-0.23234650350000002,-0.13489975850000002,0.015762987500000047,0.09250464250000001,,,,
,-0.27698417200000003,0.17474275,-0.9483070459999998,-0.1900922127500001,-0.08412325787500002,-0.248416195625,,,,
,0.097146599,-0.10075029849999995,0.13154439150000008,-0.05246971450000004,0.29061876249999996,-0.33442590925000004,,,,
,-1.1408661750000002,-0.7120337685000001,0.5748946414999999,0.09258030949999996,0.12339589450000005,0.44313926724999997,,,,
,0.07027572599999998,-0.054884995999999964,-0.11029675899999991,1.938029299,0.9478572795,-0.8542706965000001,,,,
,-0.30796545399999986,-0.06527720999999997,0.08239755900000001,-1.8733018499999998,0.19033687500000007,-0.13147223924999996,,,,
,0.43335321700000007,-0.2532366415,0.6344307315,-99.89609995,-50.301950025000004,1726.12601513575,,,,
,0.357570557,0.1675210385,0.2515774035,0.0,0.0,0.5,,,,
,-0.37801448400000004,0.315565468,0.17385823199999997,0.0,0.0,0.0,,,,
,0.595934861,0.09363298550000002,0.2736906025,0.0,0.0,0.0,,,,
,-2.286642853,-1.1916811295,-1.3289739305,4.0452356722499845,-2.132480031874992,-1004.172124142875,,,,
,0.483381403,0.023832781499999983,-0.45303419850000004,0.55996085175,-0.359097175375,-0.244400049625,,,,
,-0.175269978,0.837154412,0.019616665000000005,-0.08036281424999994,-0.19967092812499998,-0.677207916125,,,,
,-0.49711245400000004,-0.223164829,-0.12842962700000002,0.22326808200000015,-0.15397502099999993,-0.08862461199999982,,,,
,-1.806128563,0.3525687125,0.36869599649999996,0.23727000125000008,-0.18264099962500008,0.3641167121250002,,,,
,156.0,-78.0,-2359.0,-0.145340362,-0.08640679399999995,0.011520511500000108,,,,
,0.0,0.0,0.0,-0.1371999305,-0.12442572350000003,0.009965720749999907,,,,
,0.0,0.0,0.0,0.0534009315,0.21438714225,0.08066876425000001,,,,
,0.0,0.0,0.0,-0.1646502895,0.12559923975,0.02675514000000001,,,,
,0.0,0.0,0.0,0.4502100005,0.29736754925000003,-0.16966570325000002,,,,
,0.0,0.0,0.0,-0.4420547910000001,0.488316565,0.37082960125,,,,
,-0.270127679,0.8649361605,-2001.4230406735,-74.18811953775,-36.655940231125,1042.692424005625,,,,
,0.612396467,-0.40718088150000004,-0.15141111249999994,0.0,0.0,0.5,,,,
,0.5982806460000001,0.12962879800000005,0.617724166,0.0,0.0,0.0,,,,
,0.624618154,-0.465503184,0.430707503,0.0,0.0,0.0,,,,
,0.5230210009999999,0.7489934014999999,-0.13318856950000008,-1.1182941925000351,0.7692954482500176,-1003.4579349029999,,,,
,-0.18785756899999997,0.04998261650000001,-0.1554866265,-0.30449007225,-0.12428520937500001,-0.49191243062500006,,,,
,-0.399265893,0.06578671550000001,-0.1044006585,0.4208539550000001,-0.06752165074999983,-0.07386771275000004,,,,
,0.487340266,0.025133116999999983,-0.022323407000000017,0.16324487325000003,-0.039554741624999945,0.205332628625,,,,
,-0.8591445700000001,-0.42957228500000005,0.134986924,0.06826900899999999,-0.06262387825000004,-0.023014312749999988,,,,
,0.40329599900000007,-0.15633467049999997,-0.6347894625,0.6917082174999999,0.43979568975,0.48958467675000017,,,,
,0.10912641300000003,0.02859388549999997,0.1124282995,0.11710723550000007,0.020604392750000006,-0.24867377825000003,,,,
,0.634389344,-0.251491936,-0.35087322099999996,0.3080504405000001,-0.09418994324999999,0.08517629025000001,,,,
,0.159380823,-0.12905824649999997,-0.10052464449999998,-0.1407323950000001,0.08301518525,0.20096676800000002,,,,
,3.1153084050000004,0.9998329725000001,2.2621534115,0.54745409225,-0.11602462737500002,0.43134955512499995,,,,
,0.905561722,-0.09936720900000001,0.36747145,0.20149237399999986,-0.15384394825000003,0.36299786549999996,,,,
,-0.021318587000000055,-0.13456593649999996,-0.03151770249999997,45.25647675525,22.371761622375,1246.980636133875,,,,
,0.43094015500000005,0.22748371350000002,0.030282059499999986,0.0,0.0,0.5,,,,
,-0.8943222769999999,-0.6514955834999999,-0.10159312949999992,0.0,0.0,0.0,,,,
,0.8056175130000001,-0.8424535895,-0.07691974849999994,0.0,0.0,0.0,,,,
,-0.5451569399999999,0.28114374400000003,0.22392290600000003,-1.3767146457500326,0.4941107573750162,-1005.5813844813749,,,,
,-0.09086746299999995,-0.1882873785,-0.6079310565,0.016612675249999986,0.06123577937499991,-0.2687362458750001,,,,
,-0.506507818,0.5677346120000001,-0.13712656700000003,1.0372573555000002,1.04689206725,-0.6863702815,,,,
,0.41464955000000003,-1.332602482,0.16638647699999998,-0.003429611499999652,1.430408479,0.07693185049999984,,,,
,461.0,-230.5,-818.5,-0.9711491934999998,0.89266604775,0.16146885374999997,,,,
,0.0,0.0,0.0,-0.46405856199999995,-0.3420641575000001,0.26554671574999994,,,,
,0.0,0.0,0.0,-1.3637538945000003,-0.7878488115000001,0.4227352172499999,,,,
,0.0,0.0,0.0,-0.11649629575000003,0.144452452375,0.05296655587499999,,,,
,0.0,0.0,0.0,-0.5885814257499999,0.145906420375,0.189378199625,,,,
,0.0,0.0,0.0,0.8246633140000001,-0.259644809,0.44990645525,,,,
,-2.38675741,-0.19337870499999998,-2003.751483218,-0.04144716200000001,-0.13867157750000003,0.09759396849999996,,,,
,0.31037717900000006,-0.6601018275,-0.1047891835,72.7599683385,35.87001583075,1503.042087518,,,,
,0.07694688500000008,0.1401803575,0.5265688105,0.0,0.0,0.5,,,,
,-0.681814396,-0.11867512400000002,-0.127770755,0.0,0.0,0.0,,,,
,0.236677993,0.04334162749999999,-0.11467944849999999,0.0,0.0,0.0,,,,
,-0.01980037400000001,-0.29772299,0.012410009,-1.1252624282499932,0.7840581383749966,-1007.1979867726249,,,,
,-0.17997684300000005,-0.26693486250000004,0.04985927750000002,0.16645011875,0.47833940387499996,-0.19165443487499997,,,,
,0.609717367,-0.39445976650000003,0.21806731049999994,0.23989985324999996,-0.454576561875,-1.4326613923749998,,,,
,0.129080922,0.021373996000000006,0.113612928,0.40692414349999995,-0.19608792124999996,0.24589916449999993,,,,
,-0.2231736729999999,0.15690016550000002,-0.6347894625,-0.3320561365,-0.639342219,-0.1395104857499999,,,,
,0.10912641300000003,0.02859388549999997,0.1124282995,-0.055875286250000045,-0.05262438737499997,0.0369400793750001,,,,
,0.609119061,-0.26412707750000003,-0.36350836249999996,-0.70302810175,-0.4792900421249999,0.4232550521249999,,,,
,1.048001843,0.3152522635,0.3437858655,-0.4152905854999998,-0.09746714675000004,0.30986401025,,,,
,-0.877244564,-0.11280009699999999,0.265876927,0.16611636249999995,-0.49607888499999997,0.15065067649999997,,,,
,0.26260395000000003,0.636458719,0.011964587000000027,0.28121173474999994,-0.07316544187500001,0.279264745125,,,,
,-0.023645305000000005,0.1458767115,0.09271468049999998,-0.13977736575000005,-0.06462943187499995,0.18544171087500005,,,,
,-0.20396544499999997,-0.36628271349999997,0.1737642765,-147.31683768025,-73.59158115987499,1614.269290510375,,,,
,-0.22893477000000004,0.157978542,-0.259849339,0.0,0.0,0.5,,,,
,1.768838938,0.932779172,-0.28164961299999997,0.0,0.0,0.0,,,,
,-1.262413697,0.7939470474999999,0.44169199150000005,0.0,0.0,0.0,,,,
,-0.32312142399999993,-0.620196105,-0.5950050870000001,-0.9921268542500922,1.0093918851250459,-1009.249860212625,,,,
,0.018694086999999998,-0.14300134250000002,-0.03799699649999999,-1.31138420125,0.5356313553750001,-0.1679667571250001,,,,
,-0.0019019110000000339,0.5676375705000001,-0.08955278249999998,-2.2641663215,0.5027517595,-2.3423448357499996,,,,
,-1240.0,620.0,-1370.0,0.14772729175,0.09768655112500008,0.143045699375,,,,
,0.0,0.0,0.0,0.6350189757500001,-0.38420711687500003,-0.074876285125,,,,
,0.0,0.0,0.0,-1.14052285875,0.364198844875,-0.45391249387500004,,,,
,0.0,0.0,0.0,-1.0162428325,0.09611547075000004,-0.25145961824999996,,,,
,0.0,0.0,0.0,0.19851725149999983,-0.4779376342499999,0.4144989334999999,,,,
,0.0,0.0,0.0,0.11943612675000004,0.178323297625,0.21323837437500004,,,,
,-1.218961696,0.390519152,-2006.408368307,0.04818308124999998,0.392665988375,0.354483134125,,,,
,-0.031494021999999955,-0.25354004900000005,0.30579676499999997,1.4246807709999998,1.02653868925,-0.22975408199999997,,,,
,-0.8502244210000001,-0.2895029905,0.44040376249999996,-11.3567384445,-5.321630777749999,1459.62752238375,,,,
,0.3315851689999998,0.9065661665,-0.6080137355000002,0.0,0.0,0.5,,,,
,0.38423170399999995,0.454606645,0.647720201,0.0,0.0,0.0,,,,
,0.2958714,-0.235828037,-0.09343111300000001,0.0,0.0,0.0,,,,
,0.08960962099999992,0.08904142049999997,-0.4403420375,-0.5574768724999255,1.0570402914999628,-996.94836583875,,,,
,-0.279734635,-0.5769413485,0.3109478084999999,-0.5130453525000003,-0.21024035574999966,0.27549489900000035,,,,
,-0.38766123900000005,0.022001705500000024,-0.19001698449999999,-0.12260360349999977,0.12923320375000003,0.07845171524999994,,,,
,-0.15180333599999996,0.10308966600000002,-0.21449912299999996,-0.03430652099999976,0.3050773652500002,0.15135119299999977,,,,
,0.07232400800000005,-0.01496509800000001,0.06156544500000005,1.1336201259999998,0.45899851800000024,1.61349103825,,,,
,-0.28924978,0.16484111599999995,-0.12874392599999984,1.9961038637499997,-0.7794189248749999,-0.090680885875,,,,
,-0.008143032999999966,0.07812326750000004,0.18902153350000006,-0.41264214074999994,0.015958605125000025,-0.642181838125,,,,
,0.15384851699999996,0.4368639515,0.051501635499999976,-0.11099123725000004,-0.06499001737499993,0.179368604125,,,,
,0.197181076,0.15732969399999996,0.06861053299999997,-0.3156949247499999,0.2519748741250001,-0.4200575361250001,,,,
,-0.33420445900000006,-0.2797446315,-0.20071397850000006,-0.09769522749999993,0.029072750249999835,0.34564104925000005,,,,
,-1.0845476219999999,-0.47019199599999995,0.0030985820000000164,-0.014537377000000018,0.026996464499999984,-0.23866417924999994,,,,
,0.285667269,0.0747221525,0.3705883175000001,287.45331009,143.523344955,1266.285699656,,,,
,0.101359486,-0.07021951400000004,-0.07158479399999995,0.0,0.0,0.0,,,,
,-0.10995323999999995,0.07210716700000003,0.12469846700000009,0.0,0.0,-0.5,,,,
,0.230373325,-0.1554834055,0.12528876949999998,0.0,0.0,0.0,,,,
,1.3347954329999998,-0.8560861384999999,1.2001542035,-1.0854733924999755,0.5667441517499878,-999.0993496615,,,,
,-0.13016509600000004,-0.41255331399999995,-0.912273753,0.009182281499999778,0.10306031549999983,0.07126225524999996,,,,
,1003.0,-501.5,-2063.5,-0.4245255587500001,0.114389975875,0.4728151321249998,,,,
,0.0,0.0,0.0,0.16519031250000005,-0.03943432224999999,0.018436877500000115,,,,
,0.0,0.0,0.0,0.6904539849999999,0.11917845124999998,0.9375752715000001,,,,
,0.0,0.0,0.0,-0.35319205674999987,-0.10061876137499995,1.016212358625,,,,
,0.0,0.0,0.0,0.07236031575000013,-0.432522246125,-0.723635523625,,,,
,0.0,0.0,0.0,0.07926698199999971,0.07163614749999997,-0.01938274125000017,,,,
,-0.890519152,0.554740424,-2007.879210874,0.11033241849999997,-0.060361274249999985,-0.1655644074999999,,,,
,-0.23191155900000004,-0.5236009885,0.5418872695,0.045523264499999994,-0.08501010975000006,0.14094080850000001,,,,
,1.0435058609999999,0.6573621504999999,-0.05392234350000008,-0.1533207805000001,-0.07856588650000007,-0.04171884175000007,,,,
,-2.451608811,-0.11464403249999999,-0.37293163650000005,-64.1248666975,-32.187566651249995,1265.1309130895,,,,
,0.5688036559999999,0.32190051299999994,0.24960180499999995,0.0,0.0,0.0,,,,
,-0.39551551399999996,-0.19775775699999998,-0.08353092599999998,0.0,0.0,-0.5,,,,
,-0.714982968,-0.490201315,-0.17340717499999997,0.0,0.0,0.0,,,,
,0.350752363,-0.1305756395,0.008821972500000025,-1.3085732485000634,0.07201125550003196,-1001.2337880295,,,,
,0.13117328900000003,-0.4092444725,-0.10389329149999998,0.06377621575000014,0.33742802337499966,0.31258823587499984,,,,
,1.2217855100000001,-0.597298756,-0.15417437199999995,0.007212033999999701,-0.21444274499999993,-0.12236699400000006,,,,
,0.27743166899999994,-0.16398906750000003,-0.14408020050000003,-0.13258913574999975,-0.18775584587500005,0.03407307912500013,,,,
,-0.7035215300000001,-0.17133409000000005,0.37168811900000004,0.24331334675000016,-0.2125172673750001,1.076422080375,,,,
,0.6482415049999999,-0.19905557149999997,-0.4599507615,-2.49775596125,-0.11614219762500011,0.9793371291250001,,,,
,0.14938765399999998,0.06275269999999994,-0.08719882199999995,-0.26281272650000004,0.07380634275,-0.14154097175000002,,,,
,-0.093982651,0.0469913255,0.2589894885,-0.10605052425000006,0.34859523312499996,0.06117602737500005,,,,
,-0.24520736100000007,-0.19018912249999997,-0.1769756045,-0.18572637450000007,-0.40269595225000004,-0.34988270875000005,,,,
,0.480545438,-0.240272719,0.328296849,0.14786558775000008,0.42934758262499995,0.34757100137499986,,,,
,0.46919438399999996,-0.06055256300000003,-0.09244245000000006,-0.04765484899999989,-0.33156969550000004,-0.30205797575000004,,,,
,0.007321269999999991,-0.23813787899999997,-0.42843046399999996,-98.6747298275,-49.41263508625,1279.372964268,,,,
,0.17512038700000004,0.32357294049999996,-0.47333426749999996,0.0,0.0,0.0,,,,
,-0.895927597,-1.0268970005,0.09415868850000003,0.0,0.0,-0.5,,,,
,0.581711588,0.07079701499999996,0.07439119799999994,0.0,0.0,0.0,,,,
,-1.579222379,-0.8133023785,-0.7684810554999999,-0.9722973595000222,0.2583960080000106,-1003.275150357,,,,
,248.0,-124.0,-1559.0,-0.5919895637499999,0.2622314958750003,-0.23016560187500001,,,,
,0.0,0.0,0.0,0.3575591845000001,-0.4754965080000001,0.18265198850000042,,,,
,0.0,0.0,0.0,0.17868437474999976,-0.055468496624999974,0.06997042287499977,,,,
,0.0,0.0,0.0,-0.29706092599999967,-0.062406769249999994,1.55459645625,,,,
,0.0,0.0,0.0,-1.69308799575,-0.645880474125,-0.380194517875,,,,
,0.0,0.0,0.0,0.13407697549999997,1.0307313382499999,-0.7680959647499999,,,,
,-1.510910624,0.24454468799999995,-2009.714989602,0.05343978025000007,0.06555861112500011,-0.12956377512499995,,,,
,-0.30418615000000004,-0.01621133800000002,0.26238500900000006,0.6374482479999999,0.2535654287499999,0.24890862099999989,,,,
,-0.6019375560000001,-0.19926186200000007,-0.27653495100000003,-0.5159603610000002,-0.2784351095000001,0.03549839899999996,,,,
,-0.38928450599999986,-0.379835649,0.584153158,0.01631608274999996,-0.08386146962499996,0.2057794931250001,,,,
,1.0991477410000001,-0.3878932465,0.3282413105,132.48361478075,66.758192609625,1246.533099995625,,,,
,0.08789233600000002,0.04394616800000001,-0.05350924400000001,0.0,0.0,0.0,,,,
,0.17808284200000005,0.044804811000000014,0.09504288799999999,0.0,0.0,-0.5,,,,
,0.09069422200000002,0.08905451399999999,0.006635694999999997,0.0,0.0,0.0,,,,
,-0.08444980000000002,-0.344390156,0.132789939,-0.7127756832500447,0.6253653501250223,-1005.2166997516251,,,,
,-0.12042477800000007,0.16352677999999998,-0.6910360139999999,-0.10781689375000014,-0.3484776326250002,-0.3124292766250001,,,,
,0.3723112379999999,-0.226918899,-0.09664041599999995,0.21437787099999994,0.2564533065000001,0.8453664302499999,,,,
,-0.47335873000000006,0.408517289,0.486769519,-0.4520419754999998,0.2517006742500001,-0.011669137249999961,,,,
,-0.938064281,0.4690321405,-1.2531036545,0.34386894574999993,0.47336740062500005,1.2202614888749999,,,,
,0.13647002600000002,-0.06823501300000001,-0.09365763599999999,1.53347712425,-0.3240821973750001,-0.6575905578750001,,,,
,0.220136869,-0.1953751785,-0.11972572350000002,0.018354067749999814,0.24451821262499995,-0.5521605356250001,,,,
,0.04580151099999996,-0.11227012750000004,0.4066243085000001,0.14326802224999996,0.14387638437499997,0.132744459375,,,,
,0.114090313,0.2973178755,-0.04110284149999999,-0.05313084625000003,-0.095342350125,0.4294137801250001,,,,
,0.273340036,0.363708291,-0.0030495139999999754,0.11280657699999996,-0.10610826749999991,0.40574786924999995,,,,
,1.092629396,0.14734714999999998,-0.8957352090000001,0.1136918079999999,0.06979076475000007,0.22634763150000015,,,,
,0.839396816,0.419698408,0.05767612900000002,10.0748835885,4.96255820575,1373.95137485075,,,,
,0.545717706,-0.09555318399999996,-0.09448852600000002,0.0,0.0,0.0,,,,
,-0.06530326699999997,0.0012035634999999628,-0.4680491595000001,0.0,0.0,-0.5,,,,
,-0.023815225999999967,-0.959555156,0.7383736329999999,0.0,0.0,0.0,,,,
,-805.0,402.5,-1683.5,-0.8489735794999644,0.2470706657499826,-1007.32333896975,,,,
,0.0,0.0,0.0,-0.0163594312499995,0.16748387337500004,-0.35855621637500024,,,,
,0.0,0.0,0.0,0.1433973752500004,-0.1605970991250002,0.45835166862499976,,,,
,0.0,0.0,0.0,-0.3492378105000007,-0.30780223650000005,-0.039703899750000105,,,,
,0.0,0.0,0.0,1.1715605977499999,0.9080118221249999,1.2002826418750001,,,,
,0.0,0.0,0.0,-0.4347061125,-0.7531191030000001,0.15373504025000007,,,,
,-0.6715574559999999,0.664221272,-2011.623755562,1.21603323675,0.08605116612500008,-0.947794665625,,,,
,0.30418615000000004,0.01621133800000002,0.26238500900000006,-0.30723055825,0.10038934412499995,-0.13478662637499994,,,,
,0.6019375560000001,0.19926186200000007,-0.276534951,0.43820664775000007,-0.276232020125,-0.24627833087500006,,,,
,0.38928450599999986,0.379835649,0.5841531579999999,-0.20643878899999984,0.30219869625000007,0.884845921,,,,
,-1.0991477410000001,0.3878932465,0.32824131050000005,0.37086285149999987,-0.22622653949999993,0.3379842019999999,,,,
,-0.08789233600000002,-0.04394616800000001,-0.05350924400000001,75.4684346415,38.26578267925,1467.9421338175,,,,
,-0.17808284200000005,-0.044804811000000014,0.09504288799999999,0.0,0.0,0.0,,,,
,-0.09069422200000002,-0.08905451399999999,0.006635694999999997,0.0,0.0,-0.5,,,,
,0.08444980000000002,0.344390156,0.13278993900000002,0.0,0.0,0.0,,,,
,0.2980530290000001,-0.07471265449999998,-0.6874109475,-1.01919884700003,0.5268941925000148,-1009.2446635327499,,,,
,-0.09187920900000002,0.007622120499999996,0.13710396049999996,0.795281081,-0.16469976050000013,0.2712404780000002,,,,
,1.15392773,0.22410410199999997,0.9923838469999999,0.50898833775,0.46792050237500016,0.6316441798749997,,,,
,-4.02855201,-0.4277862040000002,0.4994591570000001,0.01978236425000013,-0.04540458062500008,-0.05564507837499999,,,,
,0.8778610179999999,-0.704005955,-0.464353132,0.2663076957499997,0.08967352762500003,0.8650798078749998,,,,
,-0.102658556,0.136636022,-0.17846488000000002,-0.5084111989999998,1.5495087085,-1.1756068639999997,,,,
,-0.04580151099999996,0.11227012750000004,0.40662430850000003,0.2882127645000001,-0.28633865049999996,0.5234165747499999,,,,
,-0.114090313,-0.2973178755,-0.04110284149999999,0.32360087100000023,0.11107891574999995,0.04236397650000001,,,,
,-0.273340036,-0.363708291,-0.0030495139999999754,-0.85835207025,-0.35290039262499995,-0.27278857562500003,,,,
,-1.0242401989999999,-0.11315255149999992,-0.9299298075000001,-0.3499715525,-0.12045868000000004,0.4118582999999999,,,,
,-0.839396816,-0.419698408,0.05767612900000002,-0.23623782174999997,-0.28413970962499996,-0.03021628262500009,,,,
,-0.545717706,0.09555318399999996,-0.09448852600000002,-0.46732236124999993,-0.516338819375,1398.427503769375,,,,
,0.06530326699999997,-0.0012035634999999628,-0.4680491595000001,0.0,0.0,0.0,,,,
,0.023815225999999967,0.959555156,0.738373633,0.0,0.0,-0.5,,,,
,996.0,-498.0,-2200.0,0.0,0.0,0.0,,,,
,0.0,0.0,0.0,15.419681031750017,-6.246423335125009,-1003.0667471563751,,,,
,0.0,0.0,0.0,0.5570894705000005,2.113726515,0.08025320725000007,,,,
,0.0,0.0,0.0,-0.7422206944999998,1.6719480085,-0.6116263522500001,,,,
,0.0,0.0,0.0,-0.21530520524999996,0.32564304862499993,0.11692091862499998,,,,
,0.0,0.0,0.0,-0.010404611749999959,0.05876275412500004,0.09842800087499998,,,,
,-0.890519152,0.554740424,-2013.91570449,1.9024331447499998,-1.4867419821249999,-1.1519893753750001,,,,
,0.308210319,-0.42339221949999994,0.26439709349999996,0.8095566395,-0.8971788035,-0.82782768475,,,,
,-1.0674275519999998,0.21213693500000008,-1.111217505,-0.4957298845000001,-0.79838390325,-0.28365098824999996,,,,
,-0.21845253200000003,0.224121846,0.28028463899999995,0.15302528449999997,-1.33721180025,-0.15984853075000005,,,,
,0.03505765699999991,0.4675130445,0.8953440095,-0.6129071399999998,-0.9944254582499998,0.660015705,,,,
,-0.32372037200000003,0.030021681999999966,-0.17142326199999997,-0.6191648500000002,-2.36067871775,0.026144141999999704,,,,
,0.17808284199999996,0.04480481,0.27312573,-142.312445673,-74.34377716350001,1280.323900761,,,,
,-0.0021862769999999865,-0.0885079445,0.05088966750000004,0.0,0.0,0.0,,,,
,-0.04253875600000001,-0.10760230799999998,0.06929566100000001,0.0,0.0,-0.5,,,,
,-0.2769768039999999,-0.18323623599999997,-0.6713265579999999,0.0,0.0,0.0,,,,
,-0.05301461000000007,-0.03137655300000003,0.154164949,-0.9326782349999999,0.5336608825,-996.96980649175,,,,
,-1.091200212,0.33712027200000005,-0.421799671,-0.27848938399999995,0.033923743000000034,0.07819673549999995,,,,
,-1.0391651560000001,-0.025109195000000084,-0.013990545999999993,0.41771821674999987,-0.20885910837499994,-0.607324613375,,,,
,0.34361631899999995,0.17180815949999997,0.14638553649999997,-0.10342942874999972,-1.750678161875,-0.012785505624999915,,,,
,0.11943574300000004,0.6471094344999999,0.05006058250000006,0.6676427965000001,-1.1840302387500001,0.058408537750000045,,,,
,-0.5061462619999999,0.16370375900000006,0.176451933,0.27280932100000005,0.19367706925000003,0.12768489574999997,,,,
,-0.356101682,0.026180969999999998,-0.16210852599999992,-0.2924707172500001,0.191161624625,0.08495976762500002,,,,
,-0.09737183999999999,-0.582225861,0.08493458400000004,0.8750508610000001,0.43752543050000003,-0.15017209799999998,,,,
,0.884523467,-0.24686403050000005,0.09284122249999999,-0.022760379249999962,0.506102843875,-0.0018616016249999867,,,,
,-1.03198222,0.16481489100000002,-0.03861657299999996,0.4632352435,0.669877428,-0.38589879875,,,,
,1.1505545330000002,-0.12395374349999999,0.7536475935,-0.03802189874999984,1.0651056431250001,-0.15866400262500002,,,,
,0.47284690500000004,-0.0005629254999999778,-0.26427734049999996,10.160761580500001,6.66961920975,1639.163498352,,,,
,-1.132653812,0.428703014,0.16013911400000003,0.0,0.0,0.0,,,,
,-414.0,207.0,-2888.0,0.0,0.0,-0.5,,,,
,0.0,0.0,0.0,0.0,0.0,0.0,,,,
,0.0,0.0,0.0,-1.15147397125,0.424263014375,-998.969806491875,,,,
,0.0,0.0,0.0,0.17011249574999998,0.10612142412500003,0.030459444874999964,,,,
,0.0,0.0,0.0,-0.540439421,0.2702197105,-0.41459850424999994,,,,
,0.0,0.0,0.0,-0.09857460525000011,-0.27141735462499994,-0.06378901537499998,,,,
,-2.240782946,-0.12039147299999997,-2015.605508754,0.43290903375,-0.160519724875,0.287626196625,,,,
,-0.33227510299999996,-0.6417236285,0.18070921450000002,0.04234470624999992,-0.12394492462500004,-0.267082446625,,,,
,0.817312232,-0.33719459599999996,-0.102033118,0.08617852675000004,0.006904175124999912,0.21569951962500006,,,,
,0.473943742,-0.46676303199999997,-0.42748135500000006,-0.37074270675000004,-0.18537135337500002,-0.032560689874999965,,,,
,-0.6393994120000002,-1.782148409,0.9545135079999999,0.22786396550000004,-0.3798722360000001,0.24882569175,,,,
,0.239852336,-0.119926168,-0.02952400999999999,0.3703913387500001,-0.12309743562500003,-0.32137978837500003,,,,
,-0.356923284,-0.178461642,0.05023807699999999,-0.72551811625,-0.543231612875,-0.07667219462499995,,,,
,-0.8413720440000001,-0.027319393999999997,-0.42115572700000004,19.79224477025,8.603877614875,1583.795503454125,,,,
,0.04421264899999999,-0.2368924665,0.025710722500000005,0.0,0.0,0.0,,,,
,0.19655116999999994,-0.12546358300000002,-0.8633427119999999,0.0,0.0,-0.5,,,,
,-0.033980452999999966,0.03981766349999999,0.3682392084999999,0.0,0.0,0.0,,,,
,0.43738093599999994,-0.313454029,-0.0006472409999999096,-0.94950867625,0.525245661875,-1001.213847889875,,,,
,0.009611680000000011,-0.09695913100000003,-0.02564007300000004,-0.7805647707500001,-0.0077576408749999715,0.14344240237499994,,,,
,0.6749697689999999,-0.32439473950000003,-0.36005261450000003,0.54835335675,-0.274176678375,-0.282927868375,,,,
,-0.137801028,0.48324755500000005,0.257841862,-0.11964878950000002,-0.05982439449999999,-0.018089147249999993,,,,
,0.24362519299999996,0.3808901225,0.3291241225,0.11558459074999997,0.15475991462499994,0.15036110212499998,,,,
,-0.07960014500000001,0.1283908305,-0.44810967949999997,-0.07893940700000002,-0.03967352000000002,-0.20232596525000002,,,,
,0.309739329,0.5521866415000001,0.04970706749999998,0.2714460917500002,-0.14091052937499995,-0.156030756625,,,,
,-0.8112124640000002,1.734310615,0.12787440299999997,0.56914733725,0.284573668625,-0.24971178762500001,,,,
,0.895909855,0.35718079449999995,-0.28307962550000004,0.09791850099999999,0.44612576449999997,-0.008118401000000053,,,,
,0.029688771999999974,0.315588907,-0.10946212699999999,-0.29208155125,-0.04025392587500001,-0.179460525875,,,,
,-0.09795490100000007,0.001805344500000014,0.7657436075000001,0.8474626612500001,-0.561491244875,0.13116450487499998,,,,
,1.7308211789999999,2.0894553325,-0.9425761474999999,60.0714890155,29.71425549225,1588.40403952525,,,,
,-1186.0,593.0,-1252.0,0.0,0.0,0.0,,,,
,0.0,0.0,0.0,0.0,0.0,-0.5,,,,
,0.0,0.0,0.0,0.0,0.0,0.0,,,,
,0.0,0.0,0.0,-0.9410934555,0.52945327225,-1003.066581529,,,,
,0.0,0.0,0.0,0.22888498350000008,-0.05964017100000002,-0.35099375125000004,,,,
,0.0,0.0,0.0,0.07864920849999998,-0.03932460424999999,-0.28779537,,,,
,-1.6568850890000002,0.1715574554999999,-2017.2770662095,0.12004128250000001,-0.040079932250000005,0.302968567,,,,
,-0.4283049269999999,-1.2332654845,-0.4105230895,0.0652496580000001,-0.021437870750000004,-0.10125457174999997,,,,
,0.07527020800000006,-1.216750185,0.160957275,0.11989131525000002,0.06483725137499999,0.11128403387499997,,,,
,2.075425878,-0.9994144120000001,-0.017787736999999915,0.03962289824999998,0.06264557587500008,-0.16476961212499996,,,,
,-0.374986847,0.1874934235,0.3416281535,0.26336014925000006,0.13168007462500003,-0.10554557987499996,,,,
,-0.131838505,-0.0659192525,-0.13150139249999998,0.07836914299999995,0.11511950725000002,-0.0019338469999999608,,,,
,-0.490769515,-0.2453847575,0.1175399935,-0.5035793605000001,-0.20645245900000003,-0.33394812575,,,,
,-0.8304587949999997,-1.3767922655,-0.0780462644999999,-0.6928950109999998,0.09731864024999998,0.5549424052499999,,,,
,1.511453991,-0.8845986805,-0.016409559500000004,66.38230466825,32.808847665875,1534.679898233125,,,,
,0.04621959600000003,0.023109798000000015,-0.412750465,0.0,0.0,0.0,,,,
,0.017198789000000048,0.02564176149999997,0.06749203849999996,0.0,0.0,-0.5,,,,
,-0.050171006999999934,-0.29458357449999995,0.2119576125,0.0,0.0,0.0,,,,
,0.0062225720000000095,-0.218684163,-0.227023647,-1.0420761032499999,0.47896194837500006,-1004.915107557875,,,,
,0.232660812,-0.09178638299999997,-0.040686741000000026,-0.11705972874999997,0.09336381012499997,-0.167605626625,,,,
,0.127132934,0.204540442,-0.05138245699999999,-0.49149507275000004,0.24574753637500002,-0.618890388125,,,,
,-0.276205096,0.841886354,-0.107389185,0.36528747775,0.027152702624999997,-0.07544482162499999,,,,
,-1.1865148460000001,0.17561527700000001,-0.09741185700000005,0.1530841924999999,-0.27790734799999994,0.17387813974999994,,,,
,0.43377041099999997,-0.5323410955,-0.1285640755,0.024532293999999955,-0.14874880999999998,-0.15856117999999997,,,,
,0.205167588,0.102583794,-0.612111678,0.06902701349999996,-0.323224579,-0.13267040674999997,,,,
,0.861032088,1.565192713,-0.029027020000000125,-0.42271221400000003,-0.21135610700000002,-0.40424608325,,,,
,-1.585755433,2.2596791665000002,0.7984233165,-0.46890294325000004,-0.31254010512499997,0.237434955875,,,,
,-4.026264644,0.542935033,0.842567904,-0.03306714249999998,-0.37318637925,-0.15613807899999996,,,,
,0.631765029,-0.3158825145,0.2583975955,0.66353132125,-0.030601865625000058,-0.009990684625000024,,,,
,-245.0,122.5,-2531.5,97.051946504,46.974026748,1683.943232279,,,,
,0.0,0.0,0.0,0.0,0.0,0.0,,,,
,0.0,0.0,0.0,0.0,0.0,-0.5,,,,
,0.0,0.0,0.0,0.0,0.0,0.0,,,,
,0.0,0.0,0.0,-0.74754338125,0.6262283093750001,-1006.919315168125,,,,
,0.0,0.0,0.0,0.22360040324999997,0.395151128875,-0.2901598706250001,,,,
,-1.489089375,1.2554553125,-2020.5799257625,-0.3209299232499999,0.16046496162499996,-0.525813988625,,,,
,-1.4258295749999998,0.6119321405,0.1490604175000001,-0.08586780699999996,-0.17696953525,0.08461785575000003,,,,
,0.423283756,0.10993496300000001,-0.035142735999999994,0.412459519,-0.11673409200000001,0.17000836775000006,,,,
,-1.2693938719999998,0.32830872099999997,0.08312269000000005,0.05295630425000003,0.02851631637499999,-0.2421440293749999,,,,
,-0.568803656,-0.321900513,0.004639840999999978,-0.03359318625000007,-0.308050592625,0.27322809612500004,,,,
,-0.36766654099999996,0.008048597500000004,-0.021635972500000003,-0.25321273375,-0.126606366875,-0.7670644868750001,,,,
,0.22042545100000005,-0.19944354649999999,-0.19344207950000003,-0.52231935,-0.6059172715000001,0.15017259525000004,,,,
,-0.22181643,-0.023493409000000007,-0.010845451999999998,-0.3194354355,-0.16576268049999998,-0.261943844,,,,
,-0.129499395,0.0647496975,-0.1483151765,-1.13517622675,-0.699137998375,0.11807958437499999,,,,
,0.089495667,-0.0447478335,-0.10632736549999999,-187.0846621175,-94.20766894124999,1713.3970952555,,,,
,0.0,0.0,-0.08349861600000003,0.0,0.0,0.0,,,,
,0.0,0.0,0.03476109399999999,0.0,0.0,-0.5,,,,
,0.0,0.0,0.0033206439999999837,0.0,0.0,0.0,,,,
,0.0,0.0,-0.08129285999999997,-1.199508676,0.650245662,-1009.20420436,,,,
,-0.35658660000000003,-0.589467394,0.004605220000000021,-0.8355206684999998,-0.3522412927499999,0.25645013824999996,,,,
,0.27825553199999997,0.26303440899999997,-0.24814565400000002,-0.02508243099999996,0.01254121549999998,-0.75945040025,,,,
,0.20147515299999996,-0.39182149650000003,0.44380471949999994,0.22304007149999994,0.66675046525,-0.048604611249999985,,,,
,-0.07048210300000002,0.08962999849999997,0.08658048450000005,-0.48541521899999995,0.48882069499999997,-0.05598484125000003,,,,
,-0.38164382,-0.493070052,-0.28145675099999995,0.248027518,0.14174578599999998,-0.27773106850000007,,,,
,1.548511602,-0.560123961,-0.20983321100000002,0.30371518275000015,-0.09554955787499994,0.275145430875,,,,
,0.13435693499999998,0.14236459750000002,0.0691695395,0.9092863895000001,0.45464319475000003,-0.6301249325,,,,
,1.117862131,-0.45672483649999995,-0.13816473949999997,-0.77908435625,0.924220057625,0.49791619387499997,,,,
,0.864550596,-0.278460359,0.07942368900000002,0.33012311224999996,0.06834215037500001,-0.27104923337500003,,,,
,-78.0,39.0,-2675.0,-1.23353616375,1.775556343875,0.889065976125,,,,
,0.0,0.0,0.0,-44.53945422875,-21.980272885625002,1530.432383963375,,,,
,0.0,0.0,0.0,0.0,0.0,0.0,,,,
,0.0,0.0,0.0,0.0,0.0,-0.5,,,,
,0.0,0.0,0.0,0.0,0.0,0.0,,,,
,0.0,0.0,0.0,-1.181916048499979,0.6681653797499895,-997.6034532624999,,,,
,-1.0,0.5,-1985.532521522,0.29689128499999995,0.11271488249999997,-0.07568697000000002,,,,
,0.30418614800000005,0.016211337999999992,-0.3055162720000001,-0.41902270975,0.012679392625000008,0.516476299625,,,,
,0.30694920000000003,-0.11774384000000004,0.08267699299999998,-0.10932133675000001,-0.11033523137500001,-0.026348358125000006,,,,
,-0.8261895699999999,0.06840804400000006,-0.21633636200000006,0.19463572049999997,-0.10719975775,0.318646412,,,,
,0.45386657399999997,0.864410927,-0.007046044999999945,0.11378031500000002,-0.09790446800000005,-0.18618772000000003,,,,
,0.04394616799999995,0.021973083999999976,-0.44314886899999995,0.31342275924999996,-0.17846936462500002,0.330861412375,,,,
,0.001136401000000009,0.1332780315,0.005054466500000021,0.14734492924999998,0.1610384733750001,-0.07212842787500007,,,,
,0.04589367999999988,0.06665424299999997,-0.11083135099999997,0.390611766,-0.19069670599999994,-0.23240691125000013,,,,
,0.12949939499999996,-0.06474969749999998,0.24122919349999994,0.06122780650000004,-0.020768280749999923,0.2906676517500002,,,,
,0.08949566699999995,-0.04474783349999997,0.29640313749999997,-0.22970464175000016,0.019954899124999814,-0.09998582237500009,,,,
,-0.5244429669999999,-0.3117255025,0.4625055215,13.3325636615,6.83371816925,1396.3743826225,,,,
,-1.703801951,0.8278942065000001,-0.6853321905,0.0,0.0,0.0,,,,
,0.3178167740000001,-0.035488801000000014,-0.024768893999999986,0.0,0.0,0.5,,,,
,0.182938292,-0.742703885,-0.304641965,0.0,0.0,0.0,,,,
,2.3642154690000003,1.1821077345000002,-0.18236398649999985,-1.8160601739999283,0.8237231049999642,-1000.31076862675,,,,
,0.3550577019999999,0.470399098,-1.0430220659999998,0.63937301625,-0.06558091912499991,0.033187285374999986,,,,
,-1.2428393610000001,-0.6694742245,1.2285679025,-0.2932801915,-0.014294296000000012,0.4707323345,,,,
,2.866019819,1.8303268865,0.8758838245,-0.065431081,-0.13310021375,-0.01629305174999999,,,,
,-1.148542941,0.5742714705,0.08490165449999992,-0.39000640249999996,0.051843935000000035,-0.038654708250000044,,,,
,-2.2321605069999997,1.2531246315,-0.5084968245000001,0.02251720649999993,-0.08429852174999997,-0.14705340625000002,,,,
,-0.8298544809999999,0.1489687355,0.10504896650000006,0.9017199527500002,-0.06107028512500001,-0.19933306037500007,,,,
,0.644005947,0.11040799350000002,-0.6283472385000001,0.70338743475,0.04046064537499994,-0.004843397124999926,,,,
,-0.7778317509999999,2.1618354285,0.47564538049999994,-0.13095674224999998,-0.25886735012500006,-0.14598218087500014,,,,
,-122.0,61.0,-2261.0,0.5833118042499998,-0.2910510031250001,0.5456804221249999,,,,
,0.0,0.0,-1.0,-0.28440258274999963,-0.279100877125,-0.012434348125000216,,,,
,0.0,0.0,0.0,-45.5883376135,-22.955831193250003,1380.01174400675,,,,
,0.0,0.0,0.0,0.0,0.0,0.0,,,,
,0.0,0.0,0.0,0.0,0.0,0.5,,,,
,0.0,0.0,0.0,0.0,0.0,0.0,,,,
,-1.0,0.5,-1987.532521522,-1.3640823187500541,0.4949716086250271,-1003.6981123916249,,,,
,1.046582872,0.183587096,-0.272784044,-0.16681053525000006,0.29247235537500005,0.238589873625,,,,
,-0.13012385400000004,0.17225420800000002,0.22792354599999998,-0.25675713675000006,-0.12338610412499998,0.22920321637500002,,,,
,-0.11489558,-0.05744779,-0.34345204300000004,0.155365281,-0.022228532750000002,0.00700761250000001,,,,
,-0.58293057,0.008524191999999986,-0.455809747,0.02479346199999999,0.162851649,0.24770879949999997,,,,
,0.0,0.0,-0.245391112,-0.78309253125,-0.15003935487500003,0.211126544375,,,,
,0.04385781,-0.06654431599999999,-0.19514667999999996,0.5979189797500001,0.127356728125,0.25264894837500007,,,,
,0.26880325000000005,0.13440162500000002,-0.12831249900000002,-0.25507483949999976,-0.12753741974999988,-0.295708002,,,,
,-0.08570522000000003,-0.08601907599999997,0.09004194700000001,-0.20723249425,-0.013306453125000062,-0.026006411124999795,,,,
,-0.268487002,0.134243501,0.20690746999999998,0.01575090449999994,-0.04396431124999989,0.26875773625,,,,
,-0.598516326,-0.145876858,0.217847988,-0.08227906424999998,-0.06587123487500002,0.35055159012500003,,,,
,-0.12977784300000003,0.2708417265,-0.21505150050000005,-16.3731693725,-8.063415313750001,1371.9943435935,,,,
,0.259073188,0.06299796000000002,0.07683095300000001,0.0,0.0,0.0,,,,
,0.3699438340000001,0.8229692860000001,-0.8296828719999999,0.0,0.0,0.5,,,,
,0.17061348700000006,0.08530674350000003,-0.6332710605,0.0,0.0,0.0,,,,
,-1.002427239,-0.8616693074999999,0.1498735005,-0.902791809250048,0.679999843125024,-1006.3204782861251,,,,
,0.46059019599999984,1.7440132259999999,-0.779369493,-0.058024404249999995,0.001233192875000011,0.019983393624999984,,,,
,-2.458569877,0.5983731575,0.6700457965000001,-0.6247570795,0.32034685749999997,0.02481932075000004,,,,
,-0.435237325,0.2176186625,0.05467684049999999,-0.0886200065,-0.08845191375,0.017690866500000006,,,,
,-0.935804486,-0.2772765630000001,1.006540178,0.43149925549999996,0.097198776,0.40491811875,,,,
,1.28648199,-0.07102724199999999,-0.16968855899999996,0.5460050519999999,-0.71773954575,-0.61245320475,,,,
,-0.18717400399999995,0.7697205149999999,0.49362075599999994,0.27049972025000013,-0.483846659125,0.316672932875,,,,
,0.22318505300000002,0.6170045495,-0.03879658150000004,0.4977776945000001,-0.5756448835000001,-0.08306251575000001,,,,
,-182.0,91.0,-2153.0,0.6882641557500001,-0.9630281306249999,0.08636180262499993,,,,
,0.0,0.0,-1.0,-0.4672614022500001,-0.984262115875,0.224848451625,,,,
,0.0,0.0,0.0,-0.17180819999999986,-1.1387941924999998,0.03960657550000002,,,,
,0.0,0.0,0.0,323.56493760825,160.96753119587498,1600.699060400625,,,,
,0.0,0.0,0.0,0.0,0.0,0.0,,,,
,0.0,0.0,0.0,0.0,0.0,0.5,,,,
,-1.0,0.5,-1989.532521522,0.0,0.0,0.0,,,,
,-0.944362019,-0.2683584055,-0.22291182350000005,-1.5676594265000334,0.5482809232500165,-1009.113757805,,,,
,0.19244309999999995,-0.31060611099999996,0.43126148799999997,0.33232456825,-0.26675880412499997,0.204042907875,,,,
,-0.5273604410000001,-0.004409466500000014,0.05679271649999995,-0.33854602199999995,0.02041151599999999,0.24949042100000002,,,,
,-0.6257917549999997,0.4745765015,-0.16896689050000013,0.17573608524999995,-0.12310815662500002,-0.02627642787499998,,,,
,0.175784673,0.0878923365,-0.2014449435,-0.2640130847499999,-0.35800277437499994,0.027190895124999975,,,,
,0.40040229400000005,0.06749131600000002,0.027362172000000018,0.715013407,0.36151298699999995,-0.397948633,,,,
,0.13549476300000002,0.11145478449999999,-0.15016620049999996,-0.7138123305,-0.17358018225,0.28050688325,,,,
,0.12866244800000004,0.10749768999999998,0.02560610400000002,0.192310667,0.46505570150000003,-0.03723099725000001,,,,
,0.402730504,-0.201365252,0.09503788600000002,-0.06969250699999997,-0.01623059050000001,-0.25800189675000007,,,,
,1.314144843,0.6432762195,0.5071464175,0.8893059309999998,0.8894276024999999,0.11205771375000004,,,,
,-0.98022871,0.746607727,-0.784980452,-1.06103243025,0.7135895863749999,-0.07316951262500004,,,,
,0.6212148719999999,0.401934974,0.285962997,-25.5532391735,-13.22338041325,1403.59677758825,,,,
,0.811542704,-0.51540132,-0.091154915,0.0,0.0,0.0,,,,
,0.243733553,0.1218667765,-0.2432973745,0.0,0.0,0.5,,,,
,0.326290692,-0.11846065999999997,-0.12619345499999995,0.0,0.0,0.0,,,,
,1.7988654570000002,0.6952009175000001,-0.7100051064999999,4.031431703000033,-2.4204203205000168,-1002.5885020065,,,,
,-1.6471791499999997,-1.7544464940000002,0.9158661190000001,1.3290595920000001,-0.08381606924999996,-0.16767333675,,,,
,1.6563198190000001,-0.8281599095000001,0.4355094995,0.12457463850000003,-0.15722217850000003,0.29575163675000005,,,,
,-1.054286432,0.8526236140000001,0.673863691,0.16803795500000002,-0.20503418999999998,0.01177016425,,,,
,-0.09444587100000007,0.20840990749999996,-0.4675107195,-0.727659693,-0.09550409575000002,0.21775569399999997,,,,
,-0.9430924,0.518718305,-0.41466545200000005,-0.4282096649999999,0.6039801465000001,0.1309489255,,,,
,-0.3511670870000001,-0.9415986405,0.1307918094999999,2.33262016025,-0.5576889228749999,-0.48434203337500004,,,,
,116.0,-58.0,-2293.0,0.263372956,0.22679149975000001,0.25753103125,,,,
,0.0,0.0,-1.0,-0.5252644979999999,-0.2827201955,-0.05067758649999998,,,,
,0.0,0.0,0.0,-0.03577602699999999,-0.27175045325,0.07344902050000002,,,,
,0.0,0.0,0.0,-0.8868996162500001,-0.47868709162499995,-0.10110163237499997,,,,
,0.0,0.0,0.0,20.09925690775,9.700371546125,1197.874733795375,,,,
,0.0,0.0,0.0,0.0,0.0,0.0,,,,
,-1.0,0.5,-1993.532521522,0.0,0.0,0.5,,,,
,-1.020970331,0.7124504604999999,0.04854209750000005,0.0,0.0,0.0,,,,
,-0.03390230500000002,0.01695115250000001,0.44089882050000007,-0.5719483562499404,0.6410385898749702,-1002.007355309125,,,,
,0.6586340420000001,0.551549096,-0.265595142,-0.15955898750000003,-0.18169599374999998,0.18121704575000008,,,,
,0.503051144,1.001499266,0.38961161600000005,-0.417263556,0.20762570349999998,0.26035531250000005,,,,
,-0.13183850499999994,-0.06591925249999997,-0.39920270049999995,-0.14404380274999995,-0.09461370662499999,-0.04234470212499997,,,,
,-0.13460383100000006,-0.15577513650000002,0.11488839250000005,0.19749792425000007,-0.10571634662499993,0.8803914861249998,,,,
,-0.18576099699999998,-0.35512491749999997,-0.1304987755,1.4167327925000004,0.17754709025000004,-0.33283567425000005,,,,
,-0.085705221,-0.08601907549999999,0.04771242850000007,-1.33624561375,0.3091921678749999,0.2134124146250001,,,,
,-0.715965339,0.3579826695,0.20690747049999997,0.15194527874999997,0.016026655625000052,0.08034065712499983,,,,
,2.1170691560000003,-1.111526842,-0.9784446689999999,0.65897165775,0.5658388358750001,-0.09078349262500007,,,,
,-0.006230473000000014,-0.1447159175,-0.3758250555,-0.6333285367499999,0.400617275375,0.23332609062500004,,,,
,-0.04691422199999995,-0.4800948,0.096145743,0.3797828012500001,0.040684109874999985,0.17289878062500003,,,,
,0.12797495199999998,-0.10489418100000003,-0.555598308,90.060801411,45.7195992945,1329.63734842275,,,,
,-0.024373356000000124,-0.012186678000000062,-1.3522850430000002,0.0,0.0,0.0,,,,
,0.9146400350000001,0.6262836215,-0.3545509894999999,0.0,0.0,0.5,,,,
,-1.3394027239999997,-0.3933877359999999,0.467362215,0.0,0.0,0.0,,,,
,0.3499857559999999,0.12958522299999997,-0.8442427960000001,-1.3787458994999404,0.48763981824997027,-1004.268636545,,,,
,-0.713305616,0.356652808,0.9674662300000001,0.24474735050000004,-0.11311400550000002,0.1578815155,,,,
,1.43827616,-0.17952584199999988,1.662251333,-0.21473771100000003,-0.08350693800000002,0.017198854250000006,,,,
,1.157790838,0.428523159,-0.0013428099999999998,0.07755063875000001,-0.094502711875,0.11321104637499996,,,,
,-0.15238724199999998,-0.03387462499999999,-1.162527546,0.13941095624999994,-0.038158375375000025,0.879224642625,,,,
,0.6335511699999999,-0.24391587799999997,0.7752955029999999,-0.78508691975,1.1546969773750002,-0.17024634412500006,,,,
,199.0,-99.5,-2560.5,0.54359687925,0.22553482412499995,0.17800975612499997,,,,
,0.0,0.0,-1.0,0.21054737824999997,-0.3213192301250001,0.2671214916249999,,,,
,0.0,0.0,0.0,-0.037757730749999885,-0.20341816437500004,0.07753176937499995,,,,
,0.0,0.0,0.0,-0.016299189999999908,-0.26777999225,0.09034269900000003,,,,
,0.0,0.0,0.0,-0.26720249725,-0.03680556637499999,0.16299104512499996,,,,
,0.0,0.0,0.0,-63.43000977275,-32.034995113625,1290.268788081625,,,,
,-1.0,0.5,-1995.532521522,0.0,0.0,0.0,,,,
,-0.23314976599999998,-0.388338355,0.163878774,0.0,0.0,0.5,,,,
,0.11915312599999994,-0.38115340400000003,-0.4107348860000001,0.0,0.0,0.0,,,,
,-0.597658257,0.14563502149999996,0.4378882135,-0.661593969250048,0.550598763125024,-1006.572953698125,,,,
,-0.052106042000000075,-0.17604776000000003,-0.649146113,-0.05172829924999994,-0.029063945374999983,0.021594118125000006,,,,
,-0.39551551399999996,-0.19775775699999998,-0.26736419599999994,-0.40290910899999993,0.32230651675,0.03638008399999998,,,,
,0.08657922000000001,-0.26636666200000003,0.005812067000000032,-0.010272488750000003,0.083810476625,0.000988169875,,,,
,0.21963015500000005,-0.06501453550000003,0.06782424549999999,-0.1578122892499998,-0.06827145587499994,1.193443078875,,,,
,-0.08403132700000004,-0.4305138495,0.21891363249999998,0.9094540997500002,-1.334953665625,-1.040960300125,,,,
,0.268487002,-0.134243501,0.11741180300000004,-0.24805845149999994,-0.820426215,0.235573574,,,,
,0.221994325,0.16374734649999997,0.03155943849999998,-0.29522856675,0.02168266487499998,0.23972563662500002,,,,
,-0.12187558799999992,0.349019018,0.285562301,0.03651390175000008,-0.16735919712500005,0.10997407287499994,,,,
,0.08258285900000001,-0.39838543150000005,-0.2055223995,-0.17764050650000002,0.1354876695,0.07414072475,,,,
,0.12925517400000008,-0.737133812,0.01954945899999999,-0.08613952325000002,-0.10447408512499992,-0.06406738912499998,,,,
,0.377787008,0.188893504,-0.822164564,97.14182486225,49.179087568875005,1397.052904557125,,,,
,0.5944017340000001,1.367303691,0.008045279000000072,0.0,0.0,0.0,,,,
,0.9044215389999999,-0.14847102749999996,0.16018440149999996,0.0,0.0,0.5,,,,
,0.43740098400000016,0.945222965,-0.94392415,0.0,0.0,0.0,,,,
,-1.450791082,0.725395541,0.5745436449999999,-0.7168048207499256,0.4773763173749628,-1008.7529963188749,,,,
,-0.625087305,0.5951976825,0.3871569605,0.213773477,-0.230727027,0.21878062000000004,,,,
,-2.270056514,0.022838146999999864,0.18416336300000002,0.69626887575,-0.236256867875,0.32699918762499997,,,,
,-0.07774639699999997,0.7228687285,0.37455517750000006,0.01141845625,-0.027562929874999996,-0.021317629374999994,,,,
,0.08361790400000002,0.7920299239999999,0.759030034,0.334355313,0.07026234649999999,0.20622988825,,,,
,-77.0,38.5,-2305.5,1.1514284437500002,0.06598312012499996,-0.8172878781250001,,,,
,0.0,0.0,-1.0,0.7638630902500001,0.5201334683750001,0.9300881966250001,,,,
,0.0,0.0,0.0,0.39517105849999995,-0.007233536750000019,0.48430942975,,,,
,0.0,0.0,0.0,-0.1711495560000001,0.011912637749999982,0.075443278,,,,
,0.0,0.0,0.0,0.4427669635000001,-0.24100417675000002,0.04637959875,,,,
,0.0,0.0,0.0,0.30835059274999993,0.197484849625,-0.18288685687500006,,,,
,-1.0,0.5,-1997.532521522,187.37849464575,93.31075267712501,1493.805415323875,,,,
,0.910082034,0.319159281,0.09717611199999998,0.0,0.0,0.0,,,,
,-0.45901451600000004,-0.127800343,0.28052956999999995,0.0,0.0,0.5,,,,
,1.335912144,-0.5913590179999999,0.11638182600000002,0.0,0.0,0.0,,,,
,0.623350727,0.011685885499999937,0.4273505225,14.653034288999985,-7.478223279749993,-1002.97177169325,,,,
,0.0,0.0,-0.509068121,0.010798382749999919,0.125181071125,0.024525991125000007,,,,
,0.0015152000000000498,0.177704042,0.09295948700000001,0.19685155450000008,0.19728506399999998,0.6009905725000001,,,,
,-0.26443069599999997,0.04261426500000007,-0.1326850529999999,0.14267831400000008,0.44905494474999996,-0.002943658000000071,,,,
,-0.17099196800000005,-0.258161844,-0.03809741,0.8151109122500001,0.719309217875,-0.06232121137500002,,,,
,0.08949566699999997,-0.04474783349999999,0.027916135499999994,0.3235473175000002,0.8347175785000001,0.43680886500000016,,,,
,-0.4012711820000001,-0.41325941,0.11526790799999997,1.6849926935,1.6742514492499998,-0.74037573575,,,,
,0.2749374109999999,0.5006059375,-0.1490693265,-0.3048457339999999,0.73458021425,0.17303750099999998,,,,
,-1.725276535,0.5894695845000001,-0.32205698350000006,0.05626121775000004,0.562490656125,0.13075167587500014,,,,
,0.24595076800000004,-0.81184429,-0.483965192,0.11396600749999997,0.679833039,-0.17544259725000005,,,,
,-0.8286940819999999,-0.41434704099999997,-0.19455066399999998,-0.23066004650000016,0.75145452425,0.33603868825,,,,
,0.37991289999999994,0.17869221,0.35500307799999997,-562.7485028975,-280.12574855125,1155.27474089275,,,,
,1.3053668310000002,-0.26035291549999995,-0.5679796735,0.0,0.0,0.0,,,,
,0.34371385899999995,1.3184002074999999,-0.07979694549999994,-0.5,-0.25,0.25,,,,
,-1.8981183330000002,0.9490591665000001,0.8223871215,-0.5,0.25,-0.25,,,,
,1.211058624,0.24243277800000007,-0.5085229579999999,-0.8754920165000988,0.4710199515000494,-996.970688711,,,,
,0.3010029489999999,0.4136529295,-0.24766783550000004,0.037216177749999996,0.17553001437499993,0.13661234162500002,,,,
,0.595707992,0.323245393,0.09326960400000002,-0.20547752025000005,-0.06012750087499999,0.9792873793750001,,,,
,0.712563145,0.0403990575,-0.07478816950000003,0.021968041750000333,0.14445145187499986,0.035385138375000125,,,,
,114.0,-57.0,-2461.0,0.3982047009999998,0.5538656497499997,0.6003652244999997,,,,
,0.0,0.0,-1.0,1.4774444265000002,0.879092428,-0.6230331782499998,,,,
,0.0,0.0,0.0,2.936752129,-1.0862993022499998,-0.22141961274999988,,,,
,0.0,0.0,0.0,0.14142142625000043,3.499312553125,0.041320715124999685,,,,
,0.0,0.0,0.0,0.03569892725000079,4.0121206826249995,0.12981693887499968,,,,
,0.0,0.0,0.0,-2.0862175500000006,2.2664809605,-0.45087756349999975,,,,
,-1.0,0.5,-1999.532521522,0.2899956937499999,2.759823118875,0.02602089312500011,,,,
,0.367174193,0.5232914364999999,-0.47382068450000003,4.52710520725,5.2364473963750005,1064.595774950875,,,,
,-0.04670148900000004,-0.2267645755,0.4629161685,0.0,0.0,0.0,,,,
,0.156973651,0.1896028625,0.1792473835,0.0,0.0,0.0,,,,
,-1.8958649779999999,0.13952936799999993,-0.2785414730000001,0.0,0.0,-0.5,,,,
,0.04394616899999998,0.02197308449999999,-0.3552565325,-1.0642680520000325,0.6503340542500162,-999.2795164912501,,,,
,-0.35540808300000004,-0.0007576005000000108,0.049101677499999996,0.19428620025000004,-0.03938034787499997,0.127149795125,,,,
,-0.22400270800000002,-0.11200135400000001,0.07001052199999996,-0.06604633500000001,0.04501578399999995,0.8618523259999998,,,,
,0.644358427,0.3221792135,-0.018501925499999988,0.06831618200000023,-0.15517330350000003,-0.00960517474999989,,,,
,-0.49222617100000005,0.24611308550000002,0.27402922050000006,0.5394363225000003,0.03308724024999998,-0.06470110274999996,,,,
,-0.45752114299999996,-0.6183003925,0.20747893950000001,-1.49844246375,-0.6069841366250002,-0.24118789687500009,,,,
,0.384799029,-0.002872392500000015,-0.5815567915,-1.1432126810000007,-0.9440072875,-0.3169358632500001,,,,
,-0.354890453,-0.37053773549999997,0.6729796785,-0.012367498749999872,-0.08644375937499998,-0.0867605023750001,,,,
,0.491333402,0.27466658200000005,-1.029570369,-0.18665818649999988,0.4026484375,0.14943254150000018,,,,
,0.097493422,0.048746711,-0.755137837,-0.23280907900000003,-0.09329442125000004,0.007242902999999856,,,,
,1.813638674,0.4337212469999999,0.201352203,0.08954610799999996,-0.27361595125000004,0.27455644999999995,,,,
,-0.23540159199999988,0.6872128120000001,-0.40919443200000005,38.1004994275,18.949750286249998,939.290931058,,,,
,1.7990752859999999,1.058464434,0.06051021499999987,0.0,0.0,0.0,,,,
,0.265978365,-0.1329891825,0.16348617149999997,0.0,0.0,0.0,,,,
,-0.131039803,-0.020132834500000002,-0.5480204175,0.0,0.0,-0.5,,,,
,-0.533125732,0.613114857,-0.41926993900000004,-1.074033944249967,0.6728213203749834,-1001.0292653693749,,,,
,0.16092875499999998,0.24974036149999998,0.0638500565,-0.1810530740000001,-0.08433652900000002,-0.056452905499999984,,,,
,-1.107176482,0.488824056,0.676387892,0.25736990400000004,0.05514831825000005,0.6825976215,,,,
,-270.0,135.0,-2511.0,0.12201211675000012,-0.105260030625,0.07272795537499999,,,,
,0.0,0.0,-1.0,0.56728409675,0.28348512087500005,0.07960033562500013,,,,
,0.0,0.0,0.0,-0.049428321750000004,0.2517857681250001,1.3556591338750001,,,,
,0.0,0.0,0.0,0.6594636285000002,0.8660239347499998,-0.97824324525,,,,
,0.0,0.0,0.0,0.13290871050000008,-0.060822235,0.18911156125,,,,
,0.0,0.0,0.0,0.2176142002500001,-0.014219099124999968,-0.11710845087499999,,,,
,-1.0,0.5,-2001.532521522,-0.16247612449999999,0.31315369174999996,0.10266830900000001,,,,
,0.14145366400000003,-0.6766227170000001,-0.42394846399999997,0.30020114375000007,-0.030816299124999946,-0.08818310762500003,,,,
,-0.40400909099999993,-0.4054183755,0.2988900084999999,314.25581537425,157.372092312875,896.735889127875,,,,
,0.854409314,-0.350607604,-0.18206892600000002,0.0,0.0,0.0,,,,
,0.582450126,-0.533746,0.13320398700000002,0.0,0.0,0.0,,,,
,-0.175784672,-0.087892336,-0.245391112,0.0,0.0,-0.5,,,,
,0.134603833,0.15577513650000002,-0.017442638499999996,-1.5099379522500054,0.8910054878750027,-1003.487335999125,,,,
,-0.13112221000000002,0.06556110500000001,0.024663411999999996,0.03891103825000011,-0.015361013875000037,-0.37311268787499996,,,,
,-0.25753413499999994,-0.1719335325,0.17553793050000005,0.07105765675000009,0.321151170875,1.2658272078750001,,,,
,0.402730503,-0.2013652515,-0.08395344849999997,0.04372689974999977,0.0436976548750001,0.06859404687500015,,,,
,-0.12573976700000006,0.42892414050000005,0.3293326765,-0.4892983512500001,-0.16931709837500014,-0.3607260428749999,,,,
,0.129333888,0.318177841,-0.29810351199999996,-0.30680438875000027,-0.21747716162499997,0.378026950375,,,,
,-0.21567195099999997,0.09960800350000001,0.10010636049999999,1.5775068892500002,1.112973593625,-0.41064283337499985,,,,
,-0.18978381999999994,-1.0177704570000001,-0.17777672299999997,-0.1161920780000002,-0.028945884000000033,0.10915032175000006,,,,
,0.48746710700000007,0.24373355350000003,-0.2798574075,-0.0275666689999996,0.0045582127500001235,-0.23523027249999995,,,,
,-0.172500215,0.5107546255,-0.11204408350000003,-0.2704250825000001,-0.11680064749999997,-0.12986339624999998,,,,
,-0.23275438899999984,0.027786436499999928,0.9446419914999998,-0.05930247750000017,-0.04064586925000002,-0.3432721162500001,,,,
,-1.669910048,-1.482014102,0.1902783600000001,-140.7337490025,-70.38312549874999,1068.4725676,,,,
,1.789309002,-0.894654501,0.683352976,0.0,0.0,0.0,,,,
,0.768684966,0.574968163,-0.025909763999999974,0.0,0.0,0.0,,,,
,-0.4252409629999999,-0.7464420055000001,-0.43608442849999995,0.0,0.0,-0.5,,,,
,-0.30401727600000006,0.364283113,-0.09140062999999998,-1.2023898207500987,0.5575710493750494,-1005.677266887875,,,,
,-0.41914798,-1.425721671,0.17625160299999998,0.27254549274999995,0.23020872787500002,0.07845976137499999,,,,
,327.0,-163.5,-2229.5,-0.5231804970000002,0.1446823049999999,1.41467279,,,,
,0.0,0.0,-1.0,-0.00020081549999972914,0.18913628650000003,-0.19678322950000005,,,,
,0.0,0.0,0.0,0.4245963647500002,0.24482995887500003,0.025683562125000226,,,,
,0.0,0.0,0.0,1.58401722525,0.717476323125,-0.159034122125,,,,
,0.0,0.0,0.0,-0.25136867100000004,-0.285249207,2.50440062925,,,,
,0.0,0.0,0.0,0.19381946725,-0.368741330375,0.147964016375,,,,
,-1.0,0.5,-2003.532521522,0.23154630549999977,-0.259680334,-0.13324045424999997,,,,
,-0.0663931109999999,-0.13510785750000004,-0.18569109849999998,-0.00896130824999991,-0.05595312562500007,-0.261664740875,,,,
,-0.6861982610000001,-0.47870835050000005,-0.12256529250000003,-0.11031280924999998,-0.015252291874999935,-0.3220733521250001,,,,
,0.693656122,-0.6532162749999999,0.222836849,229.131246367,114.68437681649999,1185.4813877095,,,,
,-0.16412165299999998,0.4054220745,-0.8152089445,0.0,0.0,0.0,,,,
,-0.13183850400000002,-0.06591925200000001,-0.26736419599999994,0.0,0.0,0.0,,,,
,-0.08923082100000002,-0.04461541050000001,0.04948047750000001,0.0,0.0,-0.5,,,,
,-0.40429801299999996,-0.2458564095,0.06727767650000005,-1.6221896949999424,0.5082242929999713,-1007.7988320815,,,,
,0.2596265,-0.258684936,0.21870439599999997,0.4937460020000003,-0.16681136600000007,0.19302547049999985,,,,
,0.22373916800000002,-0.11186958400000001,0.09503788600000002,-0.0645856857499999,0.11624116012500013,1.1799756701250002,,,,
,-0.299198035,0.2066676105,0.07425803750000001,0.21087341849999963,-0.31632628949999997,-0.09449627349999967,,,,
,0.5215966619999999,0.377276311,0.147513552,0.41135420450000004,0.0762823252499999,-0.6847471219999999,,,,
,-0.589361064,0.3341748,0.542599663,0.0013014949999999859,-0.7230986799999999,-0.10017628224999992,,,,
,-0.633440605,0.009101883500000019,0.42284061549999996,-0.34835520299999995,0.4165937397499999,-0.7735456047499999,,,,
,0.499653785,0.2498268925,-0.46875091150000003,-0.5683888850000001,-0.16739965475000002,0.08890586250000002,,,,
,-1.428697138,0.4909251379999999,0.194137915,-0.010071028750000002,0.07610350587499998,0.560794327875,,,,
,1.40027,-1.04184221,0.04218624000000015,-1.12994171675,-0.23746698737500005,5.388812500001228e-05,,,,
,-0.8070423959999999,1.469544552,-0.7401926109999999,0.04905000525000003,-0.22169665212499998,-0.03321430687499999,,,,
,-2.80486276,1.40243138,1.130680227,132.308337044,66.34583147800001,1064.94573806825,,,,
,2.137273557,0.5330693904999998,0.9156772095000001,0.0,0.0,0.0,,,,
,-0.567168196,-0.9978523340000001,-0.848140994,0.0,0.0,0.0,,,,
,0.54624533,0.662457428,-0.49339223499999996,0.0,0.0,-0.5,,,,
,0.21925719500000007,0.7808789405000001,0.46147614849999996,1009.890958265,-505.77725583175,-504.9454791325,,,,
,-483.0,241.5,-2327.5,0.08958411999999993,-0.6898703079999999,-0.04479205999999997,,,,
,0.0,0.0,-1.0,-1.306665168,-1.474488353,0.653332584,,,,
,0.0,0.0,0.0,0.16570077900000002,-1.70114969175,-0.08285038950000001,,,,
,0.0,0.0,0.0,-0.1845160465000002,-1.9990812135,0.0922580232500001,,,,
,0.0,0.0,0.0,0.3747154694999999,-0.8629757622500001,-0.18735773474999995,,,,
,0.0,0.0,0.0,-2.7714309530000003,-2.5564765197500003,1.3857154765000002,,,,
,-1.0,0.5,-2005.532521522,0.22050108675000002,-0.230329397625,-0.11025054337500001,,,,
,0.40640700300000004,-0.06855997150000001,0.01147614750000002,0.029656839500000032,-0.42167575724999995,-0.014828419750000016,,,,
,-0.14109458600000002,-0.03664498799999999,-0.380489491,-0.24340120774999996,-0.705643072625,0.12170060387499998,,,,
,0.031999288000000015,-0.16919375100000003,0.11298065900000004,0.05920189400000009,-0.560995677,-0.029600947000000044,,,,
,-0.031655742,0.09666818300000002,0.25032246999999996,-1278.46046983425,-640.269765082875,639.230234917125,,,,
,0.08789233699999999,0.043946168499999994,-0.3772296165,0.0,0.0,0.0,,,,
,0.0003788009999999842,0.0444260105,-0.0395609435,0.0,0.0,0.0,,,,
,0.002186276999999903,0.08850794450000002,0.04542397550000005,0.5,-0.25,-0.25,,,,
,0.5588624449999999,0.19309829149999996,-0.14611819150000005,,,,,,,
,-0.04474783299999999,0.022373916499999993,0.005542218500000029,,,,,,,
,-0.09080696599999993,0.06415459199999995,0.17780818999999992,,,,,,,
,-0.07926267899999999,-0.06018627749999999,0.4086569455,,,,,,,
,-0.43799117400000004,0.006713898999999995,-0.298535624,,,,,,,
,-0.03452814100000001,0.5883216675,0.34584124150000006,,,,,,,
,0.268106909,0.1340534545,-0.9866847124999999,,,,,,,
,-0.07009829599999995,0.33667078,-1.435920979,,,,,,,
,-2.060784611,-0.7540786794999998,-0.03439088150000025,,,,,,,
,-0.19250840700000002,0.08537641449999998,-0.9240921384999999,,,,,,,
,-0.48359702699999985,0.24179851349999992,1.6142772545000001,,,,,,,
,-0.316826289,0.2954575225,0.3821322475,,,,,,,
,-0.37593065099999995,0.18796532549999997,-0.10406867350000004,,,,,,,
,1.345744071,-0.6728720355,0.7495149325,,,,,,,
,-0.061828626,-0.236237948,-0.30543202,,,,,,,
,66.0,-33.0,-2682.0,,,,,,,
,0.0,0.0,-1.0,,,,,,,
,0.0,0.0,0.0,,,,,,,
,0.0,0.0,0.0,,,,,,,
,0.0,0.0,0.0,,,,,,,
,0.0,0.0,0.0,,,,,,,
,-1.0,0.5,-2007.532521522,,,,,,,
,0.9122488940000001,0.082449673,-0.03452667899999995,,,,,,,
,-0.2685516469999999,0.8488910245000001,-0.04470418049999997,,,,,,,
,0.23861009500000002,0.37857580150000003,0.06309195549999999,,,,,,,
,-0.3116753630000001,-0.0058429425000000035,-0.5281258664999999,,,,,,,
,-0.48340785000000003,-0.24170392500000001,-0.44314886899999995,,,,,,,
,0.04272141100000004,-0.19982234649999997,-0.018389638499999972,,,,,,,
,0.04589367999999994,0.066654243,0.023570274000000002,,,,,,,
,-0.258998791,0.1294993955,0.0901465655,,,,,,,
,0.089495667,-0.0447478335,0.16215963650000004,,,,,,,
,-1.135757378,-0.23271213500000004,-0.17529925600000001,,,,,,,
,1.309606707,-0.7280871744999999,0.32932017249999995,,,,,,,
,0.671389569,0.29785909050000003,0.39159953450000007,,,,,,,
,-0.24415299599999998,-0.193723262,0.05116010700000001,,,,,,,
,-0.12186677700000001,-0.060933388500000005,0.0613695675,,,,,,,
,-1.9477828769999999,0.8621797225000001,0.05002950950000007,,,,,,,
,-0.8137163100000001,0.47013726800000005,-0.14478498600000003,,,,,,,
,-0.20335912700000003,-0.1811429585,-0.6679764305,,,,,,,
,1.4628810079999999,-0.7314405039999999,1.088365487,,,,,,,
,1.469359884,1.106853889,-0.9534755970000001,,,,,,,
,0.025696882000000032,-0.19015411100000004,0.24147937500000002,,,,,,,
,-0.31504362900000005,-0.039028625500000025,-0.15163707550000002,,,,,,,
,-0.76566779,-1.5358050730000001,-0.427658707,,,,,,,
,124.0,-62.0,-2711.0,,,,,,,
,0.0,0.0,-1.0,,,,,,,
,0.0,0.0,0.0,,,,,,,
,0.0,0.0,0.0,,,,,,,
,0.0,0.0,0.0,,,,,,,
,0.0,0.0,0.0,,,,,,,
,-1.0,0.5,-2009.532521522,,,,,,,
,0.20444170699999997,-0.16954261849999996,-0.15373274950000004,,,,,,,
,0.251943775,0.1598741925,0.26407347550000004,,,,,,,
,-0.6384764789999999,0.05114855150000003,0.08035144749999998,,,,,,,
,-0.265892707,-0.4329358315,-0.06889679249999997,,,,,,,
,-0.04394616800000006,-0.02197308400000003,-0.487095037,,,,,,,
,-0.04537301100000002,-0.11115972550000003,-0.06319444950000008,,,,,,,
,-0.04589367999999999,-0.06665424300000003,0.022477135000000037,,,,,,,
,-0.086123693,0.00010461849999998662,0.17679335049999995,,,,,,,
,0.223739168,-0.111869584,0.274029221,,,,,,,
,0.378778934,0.475052002,0.44685082000000004,,,,,,,
,-0.44448359000000004,-0.13659622200000002,-0.383797171,,,,,,,
,0.878779322,0.697716125,-0.11079039700000001,,,,,,,
,-1.535234198,-0.516853427,-0.010125837000000026,,,,,,,
,0.268106908,0.134053454,-0.7185778039999999,,,,,,,
,-1.372282867,0.45154683149999997,0.2745712275,,,,,,,
,-0.413601114,0.10555397700000002,0.07691904699999999,,,,,,,
,-1.414193822,0.07618512999999993,-0.01623025,,,,,,,
,0.386877622,-0.193438811,-0.283841079,,,,,,,
,1.177398503,0.6703959725,0.40426922350000005,,,,,,,
,0.13023779200000007,0.5312729030000001,-0.3636656019999999,,,,,,,
,0.9356578070000001,0.6878876825,-0.24770891749999996,,,,,,,
,-0.187272023,-0.7806804804999999,-0.18699261550000001,,,,,,,
,-18.0,9.0,-2775.0,,,,,,,
,0.0,0.0,-1.0,,,,,,,
,0.0,0.0,0.0,,,,,,,
,0.0,0.0,0.0,,,,,,,
,0.0,0.0,0.0,,,,,,,
,0.0,0.0,0.0,,,,,,,
,-1.0,0.5,-2011.532521522,,,,,,,
,0.643580937,-0.11982517350000005,-0.13612842949999998,,,,,,,
,0.0,0.0,0.291995358,,,,,,,
,-0.016378020999999965,-0.4896918385,-0.3901911285,,,,,,,
,0.16704312500000001,-0.36646265449999993,-0.06913701449999998,,,,,,,
,0.21973084099999995,0.10986542049999998,-0.6189335414999999,,,,,,,
,-0.17467364100000005,0.3550292825,0.004107466500000045,,,,,,,
,0.09943932999999999,0.443086293,-0.22173956700000003,,,,,,,
,-0.12970863199999993,0.10781154399999998,0.06929566100000001,,,,,,,
,-0.313234836,0.156617418,0.542516223,,,,,,,
,-0.31852977800000004,0.24812884000000002,-0.058318918,,,,,,,
,0.30725107399999996,0.13192865899999998,-0.48922892799999995,,,,,,,
,0.48797247900000007,0.8141310115,0.4728494455,,,,,,,
,1.4234070989999998,0.15388232049999995,-0.5713991265,,,,,,,
,0.012186678000000062,0.006093339000000031,-0.9562180189999999,,,,,,,
,-2.464172548,-0.443589456,-0.29473971100000007,,,,,,,
,0.623612606,-0.09665731899999996,0.6243148519999999,,,,,,,
,-0.34477038800000004,-0.251848589,-0.5972708,,,,,,,
,1.4628810079999999,-0.7314405039999999,1.088365487,,,,,,,
,-0.15217863300000006,0.49578772449999997,-0.23980381949999996,,,,,,,
,0.415583287,-0.4012160105,-0.3036975975,,,,,,,
,-0.19955934800000003,-0.057460678,-0.185793163,,,,,,,
,-1.038732513,-1.5854697425,-0.3797801795,,,,,,,
,534.0,-267.0,-2659.0,,,,,,,
,0.0,0.0,-1.0,,,,,,,
,0.0,0.0,0.0,,,,,,,
,0.0,0.0,0.0,,,,,,,
,0.0,0.0,0.0,,,,,,,
,0.0,0.0,0.0,,,,,,,
,-1.0,0.5,-2013.532521522,,,,,,,
,-0.10129219900000003,-0.01667566550000002,-0.07035442150000004,,,,,,,
,0.1145061,0.19286227000000003,0.03315693200000003,,,,,,,
,-0.222232074,0.111116037,-0.203107961,,,,,,,
,0.21378666600000001,0.25688807199999997,-0.18407409700000002,,,,,,,
,0.04394616800000001,0.021973084000000004,-0.399202701,,,,,,,
,0.0003788009999999842,0.0444260105,0.09390648750000002,,,,,,,
,0.09506677499999994,0.2660704035,-0.04253740049999988,,,,,,,
,-0.258998791,0.1294993955,0.26281242650000003,,,,,,,
,-0.178991334,0.089495667,-0.06157953199999999,,,,,,,
,-0.20381195999999996,0.254360648,0.08164480900000001,,,,,,,
,0.026208392000000025,-0.12050289799999997,-0.010905355000000005,,,,,,,
,-0.10222384999999995,0.036301575,0.09579242599999999,,,,,,,
,1.1391090720000001,-0.39938264499999987,1.1296848119999998,,,,,,,
,0.9261875030000001,0.46309375150000004,-0.8160712255000001,,,,,,,
,1.4211585719999997,0.41770903899999984,-0.57783628,,,,,,,
,-0.26887375199999997,0.754572183,0.05948605200000001,,,,,,,
,-0.1881330080000001,-1.0589791640000001,0.07608864199999998,,,,,,,
,0.822114947,-0.4110574735,0.6470831994999999,,,,,,,
,-0.507169767,0.08227941049999998,0.19274249849999997,,,,,,,
,0.514279476,0.460142289,0.508119769,,,,,,,
,-1.3387946880000001,-0.19542459000000006,-0.3655908600000001,,,,,,,
,0.556044186,-1.11186097,0.464907857,,,,,,,
,194.0,-97.0,-2800.0,,,,,,,
,0.0,0.0,-1.0,,,,,,,
,0.0,0.0,0.0,,,,,,,
,0.0,0.0,0.0,,,,,,,
,0.0,0.0,0.0,,,,,,,
,0.0,0.0,0.0,,,,,,,
,-1.0,0.5,-2015.532521522,,,,,,,
,-0.8838503879999999,0.5092469589999999,-0.15342319699999996,,,,,,,
,0.05317697100000007,-0.31243456550000004,0.5118652834999999,,,,,,,
,0.46588156,0.418134176,0.033612361999999986,,,,,,,
,-0.35745801899999996,0.4212499455,-0.32262317249999994,,,,,,,
,0.307623177,0.1538115885,-0.3552565325,,,,,,,
,0.13611903199999997,0.333479178,0.11678239299999998,,,,,,,
,-0.254592449,0.4409000155,-0.04035112350000003,,,,,,,
,-0.217506219,0.4524109375,0.15322237049999998,,,,,,,
,0.044747834,-0.022373917,-0.21819695,,,,,,,
,1.857130854,-0.6799094170000001,-0.47640156,,,,,,,
,-0.757684495,0.45591660950000007,-0.4042362805,,,,,,,
,0.30687445699999993,-0.01356169749999997,0.09082615149999995,,,,,,,
,-0.5503046600000001,0.01825822399999999,-0.72323768,,,,,,,
,-1.0480542800000001,-0.5240271400000001,-1.327911688,,,,,,,
,-0.14867169800000024,-1.00926779,-0.6544072400000001,,,,,,,
,-1.8392137610000006,-0.5231568944999999,0.4251348065,,,,,,,
,0.499457131,0.011338378499999968,-0.17733817250000028,,,,,,,
,-0.7616653179999999,0.38083265899999996,1.7533114,,,,,,,
,0.08393864800000006,-0.838539771,0.21085290800000006,,,,,,,
,0.609703447,0.0417002675,-0.18596231349999992,,,,,,,
,0.1849611630000001,-0.1868247925,-0.011217715499999947,,,,,,,
,-0.07476161900000011,0.5312077165,0.12315109149999992,,,,,,,
,1496.0,-748.0,-3492.0,,,,,,,
,0.0,0.0,-1.0,,,,,,,
,0.0,0.0,0.0,,,,,,,
,0.0,0.0,0.0,,,,,,,
,0.0,0.0,0.0,,,,,,,
,0.0,0.0,0.0,,,,,,,
,-1.0,0.5,-2017.532521522,,,,,,,
,-0.267429751,-0.3375374795,-0.45915710349999994,,,,,,,
,0.47828918099999995,-0.16768307050000003,-0.0634837875,,,,,,,
,0.076597054,0.038298527,-0.12273136400000001,,,,,,,
,-0.17288606600000006,0.28854381399999995,-0.30873648,,,,,,,
,-0.219730841,-0.1098654205,-0.22341802749999998,,,,,,,
,-0.13611903199999997,-0.333479178,0.11678239300000001,,,,,,,
,-0.493899097,-0.2906569515,-0.0627513945,,,,,,,
,0.34533172100000004,-0.17266586050000002,0.21839054150000003,,,,,,,
,-0.134243501,0.0671217505,-0.039205615499999985,,,,,,,
,-0.18793157799999996,-0.007942412000000024,0.500843489,,,,,,,
,-0.670592139,-0.08292711250000001,-0.04684867350000002,,,,,,,
,-0.679485442,-0.578498999,0.26302317000000003,,,,,,,
,-0.507691079,0.11803527950000003,-0.17805164750000002,,,,,,,
,1.108987669,0.5544938345,-0.7368578205,,,,,,,
,-0.978127527,0.26564033350000005,0.5067445805,,,,,,,
,0.7057814979999999,-0.175709232,-0.451226658,,,,,,,
,0.13530178500000004,-0.3069622575,-0.47407271949999996,,,,,,,
,-1.172722792,0.586361396,0.302520317,,,,,,,
,0.20696188400000015,0.23056472899999997,1.2995598199999998,,,,,,,
,2.5082585659999994,0.4947493689999998,1.5706416939999996,,,,,,,
,2.174731107,1.0196551605,-0.42002320150000005,,,,,,,
,-0.05274080300000006,-0.1922087215,-0.5806591315,,,,,,,
,241.0,-120.5,-2652.5,,,,,,,
,0.0,0.0,-1.0,,,,,,,
,0.0,0.0,0.0,,,,,,,
,0.0,0.0,0.0,,,,,,,
,0.0,0.0,0.0,,,,,,,
,0.0,0.0,0.0,,,,,,,
,-2.0,1.0,-2020.032521522,,,,,,,
,0.37460342999999985,-0.28828436200000007,-0.23293213099999988,,,,,,,
,-0.6650951410000001,-0.7393752315,0.04652706249999994,,,,,,,
,-0.6913900820000001,-1.530932773,0.165010683,,,,,,,
,-0.02433265699999998,-1.3621189775,-0.25394918850000003,,,,,,,
,-0.5273540179999999,-0.26367700899999996,-0.8606374669999999,,,,,,,
,-0.2261074529999999,-0.46694660849999997,-0.0200942395,,,,,,,
,0.07757655899999999,-0.4419931545,0.04269112850000001,,,,,,,
,-0.21353072300000003,-0.36576415249999994,-0.23161417550000007,,,,,,,
,0.35798266999999995,-0.17899133499999997,0.385898805,,,,,,,
,-0.845442682,-0.9583385950000001,0.562224724,,,,,,,
,0.4850436669999999,-0.7795153445,-0.20475769950000006,,,,,,,
,0.654738942,-0.278001637,-0.3759369689999999,,,,,,,
,0.007936214999999969,-0.11032553950000001,0.00333463249999999,,,,,,,
,0.572773851,0.2863869255,-1.1146448285,,,,,,,
,1.232179343,0.21057702150000002,0.3930304255000001,,,,,,,
,0.32262952,0.041178400999999976,-0.038455639999999985,,,,,,,
,-0.8933740270000001,-0.6737252865000001,-0.49698653950000005,,,,,,,
,1.015553758,-0.507776879,0.5503637939999999,,,,,,,
,-0.012469022999999968,-0.6961179265,0.18498985250000005,,,,,,,
,0.07330549499999994,-0.6249851975,0.20966740449999996,,,,,,,
,-0.7911325810000001,-0.6579440655000001,0.33494419950000004,,,,,,,
,0.5566395670000002,-1.0878720904999999,-0.05873769949999991,,,,,,,
,-66.0,33.0,-2682.0,,,,,,,
,0.0,0.0,-1.0,,,,,,,
,0.0,0.0,0.0,,,,,,,
,0.0,0.0,0.0,,,,,,,
,0.0,0.0,0.0,,,,,,,
,0.0,0.0,0.0,,,,,,,
,-1.0,0.5,-1990.532521522,,,,,,,
,-0.005262376000000013,0.5748661909999999,-0.022649061999999998,,,,,,,
,0.007313819999999999,0.13926613,0.283691422,,,,,,,
,-0.29001019299999997,0.3364977315,-0.034165757500000005,,,,,,,
,-0.40128008899999995,-0.1631413595,-0.058191200499999984,,,,,,,
,0.571300186,0.285650093,0.787343841,,,,,,,
,0.13422503000000008,0.11134912600000002,-0.007404434999999987,,,,,,,
,-0.13112220900000005,0.06556110450000002,-0.029957238500000094,,,,,,,
,-0.345122485,0.1296040134999999,-0.30473333849999995,,,,,,,
,-0.22373916900000013,0.11186958450000006,-1.5158841275,,,,,,,
,2.1753187130000002,-0.6474159294999999,0.2951888235000001,,,,,,,
,-1.680818573,0.11767919650000003,-1.4604696925,,,,,,,
,1.968406886,-1.0236977109999998,-1.130227888,,,,,,,
,0.04867741000000003,0.595806937,0.045741395000000074,,,,,,,
,-0.29248026400000005,-0.14624013200000002,0.40259654200000006,,,,,,,
,0.684698869,-0.05189897450000003,0.19702597050000004,,,,,,,
,-0.7046065789999999,-0.7487532754999999,-0.08947847950000004,,,,,,,
,0.334867918,-0.03690048700000001,0.09298116300000003,,,,,,,
,-0.7374854670000001,0.36874273350000003,-0.2777961165000001,,,,,,,
,0.3944258919999999,-0.265735135,0.10046851400000001,,,,,,,
,0.10953478199999991,-0.10312348199999997,-0.51985674,,,,,,,
,0.5979208340000001,-0.259650329,0.058909767999999973,,,,,,,
,0.463470763,0.6344855875,0.09325388550000002,,,,,,,
,796.0,-398.0,-1775.0,,,,,,,
,0.0,0.0,1.0,,,,,,,
,0.0,0.0,0.0,,,,,,,
,0.0,0.0,0.0,,,,,,,
,0.0,0.0,0.0,,,,,,,
,0.0,0.0,0.0,,,,,,,
,-1.0,0.5,-1993.532521522,,,,,,,
,0.268667957,0.2022748465,-0.23157926650000005,,,,,,,
,1.137060617,-0.21122270850000002,0.08625801449999998,,,,,,,
,-0.403645927,0.3167185435,0.39681844349999995,,,,,,,
,0.35793846099999993,0.10397186149999998,-0.07401907150000003,,,,,,,
,0.7031386909999999,0.35156934549999996,1.2927247755,,,,,,,
,-0.526293723,0.7985317865,0.10545989150000012,,,,,,,
,0.642511522,0.933159404,0.12301867199999994,,,,,,,
,-0.605167459,0.4744126435,-0.0030911734999996554,,,,,,,
,-0.8502088400000001,0.42510442000000004,-1.42638846,,,,,,,
,-0.510970422,-0.211661981,1.455519872,,,,,,,
,0.2720220729999998,1.5280370914999999,0.3577129484999998,,,,,,,
,-0.828491282,0.521209282,-0.581722952,,,,,,,
,-0.46254234399999994,-0.284153307,0.19505643900000003,,,,,,,
,0.377787008,0.188893504,-0.05440387099999999,,,,,,,
,0.5582793699999999,0.312932406,0.15811300699999997,,,,,,,
,0.052361939999999996,-0.17805084100000004,0.14979173200000007,,,,,,,
,-0.162665646,-0.35377875000000003,-0.45707192,,,,,,,
,0.290158217,-0.1450791085,-0.1387619705,,,,,,,
,-0.03039391300000005,-0.38737090350000003,0.6280794525000001,,,,,,,
,-0.24708444400000001,0.026830039,-0.237264645,,,,,,,
,0.07669825999999996,-0.26634764,-0.611128215,,,,,,,
,0.453068142,-0.428922147,0.252939939,,,,,,,
,24.0,-12.0,-2120.0,,,,,,,
,0.0,0.0,1.0,,,,,,,
,0.0,0.0,0.0,,,,,,,
,0.0,0.0,0.0,,,,,,,
,0.0,0.0,0.0,,,,,,,
,0.0,0.0,0.0,,,,,,,
,-1.0,0.5,-1995.532521522,,,,,,,
,-0.09788713199999988,-0.388647906,-0.31480281800000004,,,,,,,
,1.505338947,0.17633028750000002,-0.3975165315,,,,,,,
,-0.07911674900000001,-0.11363573249999999,-0.10635334450000006,,,,,,,
,-0.16752356600000004,-0.158759153,-0.05673046500000001,,,,,,,
,0.615246355,0.3076231775,0.5895860845,,,,,,,
,-0.27185926400000004,-0.6225323460000001,0.019827671999999907,,,,,,,
,-0.578034487,-0.11418763050000003,0.3355524944999999,,,,,,,
,0.0012554190000000354,-0.2583710804999999,0.21002107550000026,,,,,,,
,0.402730504,-0.201365252,-1.739623296,,,,,,,
,-0.329388216,0.5413468180000001,0.086483118,,,,,,,
,-4.579623649,-1.5007306075,1.1110132475,,,,,,,
,2.39667086,0.21852141700000005,1.090602093,,,,,,,
,2.247013862,1.1132716790000001,0.83391876,,,,,,,
,-0.15842680999999997,-0.07921340499999999,0.14058297200000003,,,,,,,
,0.3094423290000001,0.5602338135,0.10258289050000013,,,,,,,
,0.378844581,-0.06286406449999996,-0.12349887149999994,,,,,,,
,-0.12724167100000006,0.1180097825,0.22136754049999996,,,,,,,
,-0.024179852000000057,0.012089926000000029,-0.56190937,,,,,,,
,0.14686386800000006,0.354831748,0.37805341400000003,,,,,,,
,-0.8541358979999999,-0.08873036299999998,0.15009898200000005,,,,,,,
,0.08471570600000003,0.17777864,-0.042976141999999995,,,,,,,
,0.22250698199999996,-0.054584829,0.039562127,,,,,,,
,-164.0,82.0,-2207.0,,,,,,,
,0.0,0.0,1.0,,,,,,,
,0.0,0.0,0.0,,,,,,,
,0.0,0.0,0.0,,,,,,,
,0.0,0.0,0.0,,,,,,,
,0.0,0.0,0.0,,,,,,,
,-1.0,0.5,-1997.532521522,,,,,,,
,0.437591473,0.2187957365,0.19258683149999994,,,,,,,
,0.001828454999999951,0.0348165325,-0.05441740150000002,,,,,,,
,-0.7364909449999999,-0.6275162255,-0.2755470955,,,,,,,
,-0.15047518199999999,-0.45022443799999995,-0.14609496900000002,,,,,,,
,0.6152463549999999,0.30762317749999996,1.2927247755,,,,,,,
,-0.4866027129999999,0.24330135649999995,-0.17904767450000003,,,,,,,
,-0.0917873600000001,-0.133308486,0.04872152799999996,,,,,,,
,0.303629913,-0.4525155555,0.05925230250000002,,,,,,,
,0.04474783400000004,-0.02237391700000002,-1.7396232960000002,,,,,,,
,-0.17662429300000015,-1.0913771855,-0.8995791975,,,,,,,
,0.295239528,-1.351748744,0.17174108500000007,,,,,,,
,5.168585846,3.5784584070000003,2.050719799,,,,,,,
,0.7515373519999999,0.6043559679999999,0.5856679530000001,,,,,,,
,-0.341226975,-0.1706134875,0.41478321949999997,,,,,,,
,-0.163658686,-0.554927434,0.08573306400000003,,,,,,,
,0.6339660470000001,-0.6080669435,-0.014185729499999966,,,,,,,
,-0.4147783680000001,-0.17333344299999998,0.03406096499999989,,,,,,,
,0.10880933100000001,-0.054404665500000005,-0.6163140355000001,,,,,,,
,-0.272270134,-0.47199936100000006,-0.21956386500000002,,,,,,,
,0.30123357100000003,-0.2553883175,-0.2112198675,,,,,,,
,1.2856047670000001,0.2534676215,0.1964950755,,,,,,,
,0.6863333189999999,0.27209309449999997,0.3456828795,,,,,,,
,-3.0,1.5,-2218.5,,,,,,,
,0.0,0.0,1.0,,,,,,,
,0.0,0.0,0.0,,,,,,,
,0.0,0.0,0.0,,,,,,,
,0.0,0.0,0.0,,,,,,,
,0.0,0.0,0.0,,,,,,,
,-1.0,0.5,-1999.532521522,,,,,,,
,0.6775513710000001,-0.1368103905,0.10750597049999988,,,,,,,
,0.710119952,-0.39079073599999997,0.156805307,,,,,,,
,0.038298527,0.0191492635,-0.2391383405,,,,,,,
,0.406642588,-0.28416160700000004,0.276615712,,,,,,,
,-0.13183850499999994,-0.06591925249999997,1.3146978594999998,,,,,,,
,-0.35654448299999975,-0.13403563150000009,-0.24672839050000017,,,,,,,
,0.3146969290000001,0.20105586750000004,0.20388371549999995,,,,,,,
,-0.345331721,0.1726658605,0.1245250914999998,,,,,,,
,0.13424350100000004,-0.06712175050000002,-1.9633624645,,,,,,,
,-0.167975227,-0.4459350305,-0.4848724645,,,,,,,
,-3.134644927,1.3297818035,-0.9490023115000001,,,,,,,
,-1.0960107730000002,-0.8441675445000001,0.5553609875,,,,,,,
,0.6665210130000001,0.5601419235,0.3175162775,,,,,,,
,-0.07312006599999998,-0.03656003299999999,0.41478322,,,,,,,
,0.371626859,-0.1746422585,0.3105525255,,,,,,,
,-0.18488775599999996,-0.23660750900000005,-0.16747315699999998,,,,,,,
,0.631440045,-0.21781991849999993,-0.2747571845,,,,,,,
,-0.33851792,0.16925896,-0.441010113,,,,,,,
,-0.14225461000000006,-0.434223839,-0.00997073100000001,,,,,,,
,-0.7250829489999999,0.2013545015,-0.27272061050000007,,,,,,,
,0.019858792000000014,-0.26937597700000004,0.129687355,,,,,,,
,-0.850145692,0.214589246,0.21579893599999994,,,,,,,
,-79.0,39.5,-2315.5,,,,,,,
,0.0,0.0,1.0,,,,,,,
,0.0,0.0,0.0,,,,,,,
,0.0,0.0,0.0,,,,,,,
,0.0,0.0,0.0,,,,,,,
,0.0,0.0,0.0,,,,,,,
,-1.0,0.5,-2001.532521522,,,,,,,
,0.509866061,-0.2885939135,0.12526506649999997,,,,,,,
,0.284017626,0.10810650799999999,0.028014848999999953,,,,,,,
,0.06399857700000006,-0.33838750250000005,-0.06553512150000007,,,,,,,
,0.871714605,0.21086519450000007,-0.036280165499999906,,,,,,,
,-0.39551551400000007,-0.19775775700000003,1.2268055230000001,,,,,,,
,-0.35616568299999996,-0.08960962150000018,0.10811149249999996,,,,,,,
,-0.133308486,-0.022946840000000024,-0.10534752100000011,,,,,,,
,-0.3859873469999999,-0.32249306850000004,0.10273262250000004,,,,,,,
,-0.44747833700000017,0.22373916850000009,-1.6277537115,,,,,,,
,-1.606503112,0.16897491399999998,0.204373333,,,,,,,
,-0.5156226420000001,-0.08081047000000002,-0.842322764,,,,,,,
,-2.2152731709999998,1.1520676365,-1.1843950735,,,,,,,
,-0.7450708949999999,-1.3210021244999999,0.0844080255000001,,,,,,,
,0.29248026400000005,0.14624013200000002,0.47571660800000004,,,,,,,
,0.35868738199999994,0.03290856800000003,0.04491219200000007,,,,,,,
,0.8679263559999999,0.09758137099999997,0.18028009799999994,,,,,,,
,-0.687197225,-0.2981909575,0.027016775500000006,,,,,,,
,0.48359702800000004,-0.24179851400000002,-0.247571302,,,,,,,
,-0.21785791999999993,0.10892895999999996,0.11166503800000005,,,,,,,
,-0.06226016000000004,0.11172356700000001,-0.17881547600000003,,,,,,,
,-0.686771298,0.359109684,-0.270916367,,,,,,,
,-0.12262360799999997,-0.10869418099999999,-0.007444002000000005,,,,,,,
,-93.0,46.5,-2456.5,,,,,,,
,0.0,0.0,1.0,,,,,,,
,0.0,0.0,0.0,,,,,,,
,0.0,0.0,0.0,,,,,,,
,0.0,0.0,0.0,,,,,,,
,0.0,0.0,0.0,,,,,,,
,-1.0,0.5,-2003.532521522,,,,,,,
,0.205989466,-0.33862091,-0.23204359400000008,,,,,,,
,-0.022931574999999982,0.22585034750000005,-0.031066656500000067,,,,,,,
,-0.22475177000000002,0.03577883100000001,-0.065535122,,,,,,,
,0.20210077999999998,0.10105038999999999,0.09934743899999987,,,,,,,
,-0.21973084100000007,-0.10986542050000003,1.7102133735,,,,,,,
,0.2635256600000001,-0.35483988299999997,0.28600493399999993,,,,,,,
,-0.17373647299999995,0.13166877849999992,0.09188236149999995,,,,,,,
,-0.001255419999999896,0.25837108100000006,0.33993894400000024,,,,,,,
,-0.04474783399999982,0.02237391699999991,-1.78437113,,,,,,,
,1.2163193429999999,0.06280392149999992,0.13196090750000003,,,,,,,
,-1.563375264,-0.7143131140000001,-0.18363269999999998,,,,,,,
,0.19059751400000002,-0.9197415919999999,0.284559243,,,,,,,
,0.14795620300000006,-0.2637852115,-0.08247918449999991,,,,,,,
,-0.41434704099999997,-0.20717352049999999,0.4269698974999999,,,,,,,
,0.09169608999999995,-0.23575796100000004,0.19125424699999993,,,,,,,
,0.07518329300000004,-0.9234992285,0.25254982449999996,,,,,,,
,-0.026943877000000005,-0.14969490149999998,-0.07091039849999992,,,,,,,
,-0.06044962800000003,0.030224814000000017,-0.120627082,,,,,,,
,0.2729233750000001,0.30893254150000005,0.18859311450000005,,,,,,,
,0.226870483,-0.7662424804999999,-0.17360095949999998,,,,,,,
,0.22182526699999994,-0.2445669325,0.18413912449999997,,,,,,,
,0.23040404400000003,-0.058533361000000006,0.279471589,,,,,,,
,214.0,-107.0,-2563.0,,,,,,,
,0.0,0.0,1.0,,,,,,,
,0.0,0.0,0.0,,,,,,,
,0.0,0.0,0.0,,,,,,,
,0.0,0.0,0.0,,,,,,,
,0.0,0.0,0.0,,,,,,,
,-1.0,0.5,-2005.532521522,,,,,,,
,0.3387756849999999,-0.06840519550000002,0.13915476849999997,,,,,,,
,-0.2409730459999999,0.04902500300000001,0.08526789899999998,,,,,,,
,-1.307692398,0.309159458,-0.578785691,,,,,,,
,0.26541226399999995,-0.09228597600000002,0.125160237,,,,,,,
,-0.08789233600000013,-0.04394616800000006,1.380617112,,,,,,,
,-0.043479009999999985,0.1109703259999999,0.08788718799999984,,,,,,,
,0.8828931690000001,-0.08304225249999997,0.007200401500000009,,,,,,,
,0.043584938000000184,-0.10770692599999998,0.10231414900000013,,,,,,,
,0.0,0.0,-1.806745047,,,,,,,
,-0.912570915,0.3690520375,-0.27653468049999996,,,,,,,
,1.231883348,0.35443718899999993,0.19203624599999997,,,,,,,
,5.080215381,-0.1605780714999998,1.9412535864999998,,,,,,,
,1.592718413,1.0215347485000001,0.18836551349999997,,,,,,,
,0.19498684299999997,0.09749342149999998,0.2319830545,,,,,,,
,-0.14401533699999997,-0.21844279149999998,-0.17069200350000002,,,,,,,
,-0.9238750490000001,-0.46193752450000003,0.2713456475,,,,,,,
,0.8759397070000001,0.040652876500000046,-0.1425778125,,,,,,,
,-0.459417176,0.229708588,0.13930631999999998,,,,,,,
,-0.14319005399999996,0.037333932999999986,0.09877270999999999,,,,,,,
,-0.281047417,-0.2382656775,0.2291080435,,,,,,,
,0.9105184800000001,-0.298018888,0.08656282800000004,,,,,,,
,-0.38735299999999995,0.177485454,-0.443667832,,,,,,,
,-146.0,73.0,-2687.0,,,,,,,
,0.0,0.0,1.0,,,,,,,
,0.0,0.0,0.0,,,,,,,
,0.0,0.0,0.0,,,,,,,
,0.0,0.0,0.0,,,,,,,
,0.0,0.0,0.0,,,,,,,
,-1.0,0.5,-2007.532521522,,,,,,,
,-1.04410646,-0.45411236200000005,-0.21351061900000007,,,,,,,
,0.18048225499999992,0.12414343249999998,0.05502250349999993,,,,,,,
,0.947384389,0.17738276149999999,-0.7589396955,,,,,,,
,0.06671339900000006,0.3708448615,0.2912230685,,,,,,,
,0.04394616799999995,0.021973083999999976,1.358644028,,,,,,,
,0.397371892,-0.2879167669999999,0.26483362899999996,,,,,,,
,-0.5725687930000001,0.10708223049999999,0.16236258950000004,,,,,,,
,0.08591445699999989,0.042957228499999944,0.16706384650000006,,,,,,,
,0.35798266999999995,-0.17899133499999997,-1.6277537119999999,,,,,,,
,1.354305144,0.709614224,-0.055667566,,,,,,,
,-0.833124573,-0.5159111514999999,0.3914156335000001,,,,,,,
,-4.831593894,-1.301600985,2.06556433,,,,,,,
,-1.6583799639999999,-1.209600178,0.15553473799999995,,,,,,,
,-0.511840462,-0.255920231,0.07355624499999996,,,,,,,
,-0.8056302369999999,-1.5968245854999998,-0.6455147904999999,,,,,,,
,0.553535806,-0.732377516,0.08617602600000002,,,,,,,
,-1.0285404630000001,-1.6721654225000002,-0.2188781905,,,,,,,
,1.8981183330000002,-0.9490591665000001,0.8586568985,,,,,,,
,-1.2848798810000002,-1.0963106075,-0.6152622575,,,,,,,
,0.8160259779999999,-1.020523484,0.4965973239999999,,,,,,,
,-1.673192969,-1.9622817765,-0.29477441649999997,,,,,,,
,0.6204858749999997,-2.0588759205,-0.3271013945000001,,,,,,,
,-202.0,101.0,-2572.0,,,,,,,
,0.0,0.0,1.0,,,,,,,
,0.0,0.0,0.0,,,,,,,
,0.0,0.0,0.0,,,,,,,
,0.0,0.0,0.0,,,,,,,
,0.0,0.0,0.0,,,,,,,
,-1.0,0.5,-2009.532521522,,,,,,,
,0.8032179070000001,0.9111654634999999,-0.002917998499999852,,,,,,,
,-0.9961178089999998,1.5699817054999998,-0.02474295149999972,,,,,,,
,0.06425223300000016,1.9210987514999998,0.45565290950000015,,,,,,,
,-0.11981913999999994,1.5150351880000001,-0.4570496679999998,,,,,,,
,-0.6591925230000001,-0.32959626150000004,1.3586440275,,,,,,,
,-0.14104343400000008,-0.9110173129999999,-0.22745108600000008,,,,,,,
,-0.5758482090000001,-0.025679686499999965,-0.3277105214999998,,,,,,,
,-1.0695367429999998,-1.4412641394999999,-0.4982501035000001,,,,,,,
,2.41638302,-1.20819151,-0.6433013700000001,,,,,,,
,-0.467851805,-0.7427622935,0.3648297115,,,,,,,
,-0.37528123700000027,-2.4783742255,0.2641702614999999,,,,,,,
,2.163730057,-1.5640242114999998,-1.1026992615000002,,,,,,,
,-0.833559581,-0.6402494575000001,0.39135716749999994,,,,,,,
,0.0,0.0,-0.182363986,,,,,,,
,0.0,0.0,-1.048329909,,,,,,,
,0.0,0.0,0.362943929,,,,,,,
,0.0,0.0,-0.733148422,,,,,,,
,0.0,0.0,1.8077160650000001,,,,,,,
,0.0,0.0,-1.257702198,,,,,,,
,0.0,0.0,0.9046103129999999,,,,,,,
,0.0,0.0,-1.131370901,,,,,,,
,0.0,0.0,-0.016858457000000104,,,,,,,
,-200.0,100.0,-2501.0,,,,,,,
,0.0,0.0,1.0,,,,,,,
,0.0,0.0,0.0,,,,,,,
,0.0,0.0,0.0,,,,,,,
,0.0,0.0,0.0,,,,,,,
,0.0,0.0,0.0,,,,,,,
,-1.0,0.5,-2011.532521522,,,,,,,
,-0.10036354399999992,-0.11812263999999995,0.34850918300000044,,,,,,,
,0.9803482759999995,0.11724878299999997,-0.03262771800000008,,,,,,,
,-1.1338376320000003,-0.12245466699999985,-0.07913978999999971,,,,,,,
,0.40128009,0.1631413599999999,-0.316319193,,,,,,,
,0.571300187,0.2856500935,1.3146978595,,,,,,,
,0.310035072,-0.11040212599999999,-0.142955267,,,,,,,
,0.56819624,-0.28409812,-0.33153650599999995,,,,,,,
,0.429572285,0.2147861425,-0.8182323325,,,,,,,
,-1.073948009,0.5369740045,0.027916135499999994,,,,,,,
,1.924158035,-0.43052584250000003,-0.3223451895,,,,,,,
,-0.02779731200000002,-0.01389865600000001,0.06263098700000003,,,,,,,
,0.0,0.0,-0.02083423299999998,,,,,,,
,0.0,0.0,-0.025422622999999978,,,,,,,
,0.24373355300000002,0.12186677650000001,-0.06049720949999998,,,,,,,
,1.3499434499999998,0.8889922899999999,-0.373358184,,,,,,,
,-0.48779740199999994,-0.13577597699999996,0.11904522800000006,,,,,,,
,0.4985088820000001,0.033568082000000055,-0.4838939809999999,,,,,,,
,-0.5077768790000001,0.25388843950000006,1.5538276255,,,,,,,
,0.905551675,-0.2643398175000001,-0.8049263605000001,,,,,,,
,-0.4066492089999999,-0.030396505500000004,0.7012857084999999,,,,,,,
,1.862463246,0.279519085,-0.20013927799999998,,,,,,,
,0.4033869320000001,0.14641402599999997,0.18483500899999994,,,,,,,
,90.0,-45.0,-2792.0,,,,,,,
,0.0,0.0,1.0,,,,,,,
,0.0,0.0,0.0,,,,,,,
,0.0,0.0,0.0,,,,,,,
,0.0,0.0,0.0,,,,,,,
,0.0,0.0,0.0,,,,,,,
,-1.0,0.5,-2013.532521522,,,,,,,
,0.8971611029999997,-1.9633202644999999,0.06564197250000015,,,,,,,
,-0.5284958040000003,-1.45082858,-0.44254134300000003,,,,,,,
,0.09524111200000007,-1.6561586830000001,0.12167487399999999,,,,,,,
,0.4836005430000001,-1.3331444854999999,0.35111323150000007,,,,,,,
,0.04394616799999995,0.021973083999999976,1.138913187,,,,,,,
,-0.13119462999999998,0.24405895700000002,0.08561438700000013,,,,,,,
,1.109082155,0.11746704649999995,-0.3779767555,,,,,,,
,0.46750783399999984,1.269749081,-0.19556175600000003,,,,,,,
,-1.3871828449999999,0.6935914224999999,-1.2473971255,,,,,,,
,-2.046430826,1.4390008719999998,-1.040004671,,,,,,,
,-1.7543909050000002,1.1463239645,-0.8448888045,,,,,,,
,-0.507950653,1.4799432145,-0.4183242615,,,,,,,
,0.016890240999999973,0.4366198255,-0.016977502499999964,,,,,,,
,1.864561684,0.932280842,-0.31032410200000005,,,,,,,
,0.6308934479999999,1.0250938600000001,-0.113067839,,,,,,,
,1.3839015140000002,1.4848507290000001,-0.790177211,,,,,,,
,0.4520176279999999,1.3839040049999998,-0.33264792399999993,,,,,,,
,-1.366161603,0.6830808015,0.4355094995,,,,,,,
,-0.38852585100000003,1.5304456114999998,-0.23075253949999996,,,,,,,
,-0.026802232000000092,1.294837548,0.08931791099999997,,,,,,,
,0.1347223609999999,1.3792500555,0.07161493149999998,,,,,,,
,-0.19757541699999992,2.0255222005,-0.0034996044999999754,,,,,,,
,173.0,-86.5,-2847.5,,,,,,,
,0.0,0.0,1.0,,,,,,,
,0.0,0.0,0.0,,,,,,,
,0.0,0.0,0.0,,,,,,,
,0.0,0.0,0.0,,,,,,,
,0.0,0.0,0.0,,,,,,,
,-1.0,0.5,-2015.532521522,,,,,,,
,-0.677551372,0.13681039099999998,-0.1336921339999999,,,,,,,
,-1.086550442,-0.814493661,-0.3137508849999999,,,,,,,
,0.9604859609999998,-0.5568400345,-0.05167679749999998,,,,,,,
,-1.025111258,-0.700049053,0.10957258800000003,,,,,,,
,0.21973084100000007,0.10986542050000003,1.4465363645,,,,,,,
,0.2223194530000001,0.022686505499999954,-0.0003966324999997717,,,,,,,
,-0.4064842900000001,-0.334364354,-0.021212130999999967,,,,,,,
,-0.431036942,0.08664678499999989,0.038715252999999894,,,,,,,
,-0.13424350099999982,0.06712175049999991,-1.8291189635,,,,,,,
,0.950512603,-0.25431932150000003,-0.04631020650000002,,,,,,,
,-0.869767693,0.13037693849999998,0.12910519649999996,,,,,,,
,-1.2295870150000001,-0.5782624915000001,0.6660682085,,,,,,,
,-0.026488015999999948,0.4354012,-0.628652363,,,,,,,
,-0.1706134880000001,-0.08530674400000005,0.451343253,,,,,,,
,0.134798608,-0.02271461800000002,0.10109379099999993,,,,,,,
,-0.17378267200000008,0.21344956200000004,-0.1556866589999999,,,,,,,
,0.1910860350000001,-0.05203186049999997,0.2362483165,,,,,,,
,-0.544046656,0.272023328,-0.543774481,,,,,,,
,0.13909293800000005,0.033236815,0.044961470999999975,,,,,,,
,0.78013461,0.367511466,0.02753486000000005,,,,,,,
,0.108340616,0.299620484,0.28564642999999995,,,,,,,
,0.213898769,0.5649790305,0.012162212499999936,,,,,,,
,-508.0,254.0,-3121.0,,,,,,,
,0.0,0.0,1.0,,,,,,,
,0.0,0.0,0.0,,,,,,,
,0.0,0.0,0.0,,,,,,,
,0.0,0.0,0.0,,,,,,,
,0.0,0.0,0.0,,,,,,,
,-1.0,0.5,-2017.532521522,,,,,,,
,-0.737134349,-0.7422419484999999,-0.3660680205,,,,,,,
,-0.13560921999999997,0.06780460999999999,0.05368910600000004,,,,,,,
,0.0,0.0,-0.012118422000000018,,,,,,,
,0.0,0.0,-0.11664003500000009,,,,,,,
,-0.263677009,-0.1318385045,1.3366709435000002,,,,,,,
,0.5754547340000001,-0.24311195699999993,-0.09379425499999994,,,,,,,
,0.0,0.0,-0.04853152500000002,,,,,,,
,0.0,0.0,0.16873774000000008,,,,,,,
,0.0,0.0,-1.2697710420000001,,,,,,,
,1.027630874,1.3107489879999998,0.5530980919999999,,,,,,,
,1.003766122,-0.501883061,-0.13356995900000002,,,,,,,
,0.0,0.0,-0.13042727799999998,,,,,,,
,0.0,0.0,0.68043743,,,,,,,
,-0.170613487,-0.0853067435,0.42696989750000003,,,,,,,
,-0.012287995999999968,0.12902688500000004,-0.04068643399999994,,,,,,,
,0.0,0.0,-0.16792743300000001,,,,,,,
,0.0,0.0,0.06411371900000001,,,,,,,
,0.0,0.0,-0.368470559,,,,,,,
,1.213425953,0.9607320975,-0.02139719049999994,,,,,,,
,-2.654070394,1.327035197,1.1257930950000001,,,,,,,
,0.0,0.0,-0.125323577,,,,,,,
,0.0,0.0,0.215141536,,,,,,,
,-207.0,103.5,-3050.5,,,,,,,
,0.0,0.0,1.0,,,,,,,
,0.0,0.0,0.0,,,,,,,
,0.0,0.0,0.0,,,,,,,
,0.0,0.0,0.0,,,,,,,
,0.0,0.0,0.0,,,,,,,
,-2.0,1.0,-2020.032521522,,,,,,,
,0.19979843500000005,0.3376922555,-0.05971501149999997,,,,,,,
,-0.740365347,0.47737495350000003,-0.0489320365,,,,,,,
,-0.07281751099999997,0.07470728250000001,0.6068304165,,,,,,,
,-0.542510413,0.028734270499999992,-0.024594279500000038,,,,,,,
,0.4394616819999999,0.21973084099999995,1.0729939339999999,,,,,,,
,0.5365213259999999,0.40097049400000007,0.06217028200000008,,,,,,,
,-0.09506677599999991,-0.26607040300000007,-0.09825119000000004,,,,,,,
,-0.13117328800000005,0.409244472,0.059147684000000034,,,,,,,
,-0.089495667,0.0447478335,-1.6277537115,,,,,,,
,1.0892818579999999,-2.456438775,-0.66385019,,,,,,,
,1.9589888689999997,-3.3473199405,0.3869742774999998,,,,,,,
,2.3380580859999998,-1.4520712939999998,-2.048253591,,,,,,,
,-0.5211735740000001,-0.640996983,0.902241032,,,,,,,
,-0.097493422,-0.048746711,0.378223187,,,,,,,
,-0.34621324899999995,-0.1843708645,-0.0384993185000001,,,,,,,
,-0.28787298699999986,-0.08386831350000001,0.18473617749999982,,,,,,,
,0.14947137499999996,-0.11824684449999995,-0.26036406849999993,,,,,,,
,-0.09671940599999995,0.048359702999999976,-0.47727989,,,,,,,
,0.4587621289999999,-0.6148183775,0.00429862950000004,,,,,,,
,0.28771518,-0.450112838,0.34921301299999996,,,,,,,
,0.03426269500000012,-0.5753345965000001,-0.4367659814999999,,,,,,,
,0.22778271700000008,-0.4862854195,0.19740415449999998,,,,,,,
,307.0,-153.5,-2868.5,,,,,,,
,0.0,0.0,1.0,,,,,,,
,0.0,0.0,0.0,,,,,,,
,0.0,0.0,0.0,,,,,,,
,0.0,0.0,0.0,,,,,,,
,0.0,0.0,0.0,,,,,,,
,-1.0,0.5,-1998.532521522,,,,,,,
,-0.033351330999999984,-0.050646099499999986,0.3965642115,,,,,,,
,0.3463368699999999,-0.030245395000000008,-0.332035434,,,,,,,
,0.492841458,0.09826601200000001,-0.5110075709999999,,,,,,,
,0.6788586820000001,0.751914873,-0.2456846239999999,,,,,,,
,-0.30762317699999997,-0.15381158849999998,0.3039359905,,,,,,,
,-0.13687663299999997,-0.4223311985,-0.010624236499999995,,,,,,,
,-0.319069484,-0.378071757,-0.0037400519999999937,,,,,,,
,0.04400341200000002,-0.19383062,-0.02007120100000001,,,,,,,
,-0.089495667,0.0447478335,-0.5538057025,,,,,,,
,0.15593883100000006,-0.051065650500000004,0.017438863500000013,,,,,,,
,0.675716357,-0.29363518350000006,-0.1463487484999999,,,,,,,
,-0.260174963,0.032997407499999964,0.13195656750000007,,,,,,,
,-0.625054447,-0.3125272235,2.0673643865,,,,,,,
,-0.463093752,-0.231546876,-0.41391086200000005,,,,,,,
,-0.375352534,-0.7283597989999999,0.33289340599999995,,,,,,,
,-0.136566847,-0.7290334005000001,-0.08811565049999998,,,,,,,
,0.379855587,-0.5706504205,-0.6719929524999999,,,,,,,
,0.979283981,-0.4896419905,-0.0722673795,,,,,,,
,1.4811025290000002,-0.15811265749999992,-1.0211067594999998,,,,,,,
,0.291552016,-0.28278493400000004,0.26304321100000005,,,,,,,
,-0.7227426929999999,-0.4798645355,0.3603256335,,,,,,,
,-0.3639843090000001,-0.8137571834999999,0.9940110675,,,,,,,
,-41.0,20.5,-3463.5,,,,,,,
,0.0,0.0,0.0,,,,,,,
,0.0,0.0,-1.0,,,,,,,
,0.0,0.0,0.0,,,,,,,
,0.0,0.0,0.0,,,,,,,
,0.0,0.0,0.0,,,,,,,
,-1.0,0.5,-2000.532521522,,,,,,,
,-0.472800113,-0.06654788550000001,-0.057548150500000006,,,,,,,
,-0.08624093700000013,1.0078509895,0.2983949505,,,,,,,
,-0.692396273,0.6908848784999999,0.3660790025000001,,,,,,,
,-1.122519513,0.07621788350000003,-0.4304967975000001,,,,,,,
,0.351569346,0.175784673,-0.025660270999999985,,,,,,,
,0.399644693,-0.021360704499999994,0.2084754145,,,,,,,
,0.09069422199999999,0.089054514,-0.03160601500000001,,,,,,,
,0.172247387,-0.00020923650000000127,0.21650741150000002,,,,,,,
,0.178991335,-0.0894956675,-0.4195622015,,,,,,,
,0.7137842670000001,-0.26069079149999996,-0.1344327715,,,,,,,
,0.260935934,-0.26692749399999993,-0.10530389399999995,,,,,,,
,0.141764122,-0.047843738999999996,0.10161805599999996,,,,,,,
,-1.484859923,-0.6434891924999999,0.9103754235,,,,,,,
,0.146240132,0.073120066,-0.072683887,,,,,,,
,-1.009593531,0.002094046500000002,0.1279499665,,,,,,,
,0.21054422100000003,-0.9279005794999999,-0.4736092355,,,,,,,
,-0.22885355900000004,-0.6252628935,0.5177296754999999,,,,,,,
,0.4231473990000001,-0.21157369950000005,-0.21734648750000002,,,,,,,
,1.1663247989999999,0.10205949149999993,0.08358360249999996,,,,,,,
,-0.17208117499999975,-1.5822445775,-0.6235607034999999,,,,,,,
,0.21433188999999997,-0.9169537569999999,-0.2930373199999998,,,,,,,
,1.503939804,0.35711675900000006,0.3569289600000001,,,,,,,
,146.0,-73.0,-3652.0,,,,,,,
,0.0,0.0,0.0,,,,,,,
,0.0,0.0,-1.0,,,,,,,
,0.0,0.0,0.0,,,,,,,
,0.0,0.0,0.0,,,,,,,
,0.0,0.0,0.0,,,,,,,
,-1.0,0.5,-2002.532521522,,,,,,,
,-0.31687776200000006,1.370230651,0.159699828,,,,,,,
,-0.5185151900000001,-0.5982806460000001,0.673072873,,,,,,,
,-0.4608421690000001,-0.26745976350000006,0.3155603745000001,,,,,,,
,-0.606302341,-0.3031511705,0.22937232149999998,,,,,,,
,0.39551551399999996,0.19775775699999998,0.08420514999999998,,,,,,,
,0.04272140999999999,-0.199822347,-0.146553868,,,,,,,
,-0.004372553000000001,-0.1770158895,-0.11847425249999999,,,,,,,
,0.043166465,-0.0215832325,0.1102651415,,,,,,,
,0.178991335,-0.0894956675,-0.5538057025,,,,,,,
,0.2578950899999999,-0.16726502799999998,0.022434736999999982,,,,,,,
,-0.506505261,0.3416986205,-0.34337681450000007,,,,,,,
,-0.718691866,-0.42066585100000004,0.3032853639999999,,,,,,,
,-0.10252703799999985,0.015265619000000008,-0.035918651999999995,,,,,,,
,0.499653785,0.2498268925,-0.3468841345,,,,,,,
,0.023459168000000016,-0.123441299,0.366406921,,,,,,,
,-0.5420859010000001,0.005270675499999988,0.05778663049999999,,,,,,,
,0.05157127100000003,-0.16719689649999991,0.18840893250000001,,,,,,,
,0.12089925700000004,-0.06044962850000002,1.2273996325,,,,,,,
,1.334520864,-0.8214353569999999,-0.02425052800000005,,,,,,,
,-0.12771304999999994,0.28951828700000004,-1.2346935170000002,,,,,,,
,0.38644242500000003,0.17629361350000006,-0.7362997845000001,,,,,,,
,0.4012452149999999,0.3822550535,0.31515308450000035,,,,,,,
,-191.0,95.5,-3209.5,,,,,,,
,0.0,0.0,0.0,,,,,,,
,0.0,0.0,-1.0,,,,,,,
,0.0,0.0,0.0,,,,,,,
,0.0,0.0,0.0,,,,,,,
,0.0,0.0,0.0,,,,,,,
,-1.0,0.5,-2004.532521522,,,,,,,
,0.20413215499999998,-0.1357269605,0.07988134349999998,,,,,,,
,-0.030245394999999953,0.08658421750000003,0.5489294395000001,,,,,,,
,-0.420023947,-0.1729732945,-0.5166768855,,,,,,,
,0.989092717,-0.8179076064999999,0.18408951450000005,,,,,,,
,0.175784672,0.087892336,-0.245391112,,,,,,,
,-0.263146861,0.39926589349999997,0.005622666499999984,,,,,,,
,-0.11800454699999996,0.5966087725,0.029035966500000066,,,,,,,
,-0.604121276,0.259103409,0.132162229,,,,,,,
,0.044747833999999986,-0.022373916999999993,-0.08395344899999999,,,,,,,
,-0.009146689000000041,-0.04352732650000002,0.11581058150000001,,,,,,,
,0.779444879,0.4239806685,0.35649994150000003,,,,,,,
,-1.5240881530000001,0.7735632385,-0.9169724135000001,,,,,,,
,-1.150296535,-0.5751482675,0.5491687864999999,,,,,,,
,0.280293586,0.140146793,-0.261577391,,,,,,,
,-0.09048619699999998,0.0899277845,-0.04040869050000001,,,,,,,
,-0.18111309199999992,0.546166159,0.17793849000000006,,,,,,,
,0.19153308899999993,0.1979337675,-0.6606681085,,,,,,,
,0.132989183,-0.0664945915,0.3508800195,,,,,,,
,-1.03198222,0.16481489100000002,0.26973327700000005,,,,,,,
,0.734867875,0.0516521915,-0.9039003875,,,,,,,
,0.125384783,0.6213031385000001,0.3326436795,,,,,,,
,-1.1110299179999998,-0.31070601,-0.5497489520000001,,,,,,,
,-62.0,31.0,-3292.0,,,,,,,
,0.0,0.0,0.0,,,,,,,
,0.0,0.0,-1.0,,,,,,,
,0.0,0.0,0.0,,,,,,,
,0.0,0.0,0.0,,,,,,,
,0.0,0.0,0.0,,,,,,,
,-1.0,0.5,-2006.532521522,,,,,,,
,0.776986261,0.0827592245,0.3656892935,,,,,,,
,-0.52864758,-0.12871457000000003,-0.06954009899999997,,,,,,,
,1.6617011689999999,-0.9840446915,-0.34080551950000004,,,,,,,
,0.239119021,-0.4429207595,0.3740239664999999,,,,,,,
,0.08789233699999999,0.043946168499999994,-0.1574987755,,,,,,,
,0.490390714,0.200958747,-0.05959584800000001,,,,,,,
,-0.347472947,0.2633375565,0.1885707075,,,,,,,
,-0.21541385199999996,0.02179246900000001,-0.234020397,,,,,,,
,-0.22373916900000002,0.11186958450000001,-0.12870128249999999,,,,,,,
,-0.18472265599999993,-0.017699529000000047,-0.06320893899999991,,,,,,,
,-0.07212917800000007,0.140936263,-0.02018362500000004,,,,,,,
,0.29001154800000006,0.11499815400000002,1.1760732870000001,,,,,,,
,-0.7961555229999999,0.4668010255,-0.46123846350000003,,,,,,,
,0.31685361900000003,0.15842680950000002,-0.3164174405,,,,,,,
,0.447126067,0.1897703125,-0.01606536950000001,,,,,,,
,0.5863967800000001,0.8458256430000001,-0.22700860600000006,,,,,,,
,-0.20056852099999994,0.2743288895,0.3167141005,,,,,,,
,-0.265978365,0.1329891825,0.26020557749999995,,,,,,,
,-1.7557922590000001,-0.42402546250000006,-0.6309008025,,,,,,,
,0.505834449,0.7867387484999999,0.3619700214999999,,,,,,,
,-2.5083323259999997,1.183408004,1.002370809,,,,,,,
,0.531410312,0.794808367,-0.385374277,,,,,,,
,333.0,-166.5,-3378.5,,,,,,,
,0.0,0.0,0.0,,,,,,,
,0.0,0.0,-1.0,,,,,,,
,0.0,0.0,0.0,,,,,,,
,0.0,0.0,0.0,,,,,,,
,0.0,0.0,0.0,,,,,,,
,-1.0,0.5,-2008.532521522,,,,,,,
,-0.28043091500000017,1.0827201675,-0.024042043500000054,,,,,,,
,-0.559731315,-0.7205956235,0.30795639450000006,,,,,,,
,1.7277163459999998,-0.13618616300000008,-0.275295548,,,,,,,
,-0.935026089,-0.01752882750000001,0.0499226465,,,,,,,
,0.087892336,0.043946168,-0.06960643899999999,,,,,,,
,-0.17808284200000005,-0.044804811000000014,-0.08190355300000002,,,,,,,
,-0.178109028,-0.045347110999999996,-0.03488543100000001,,,,,,,
,-0.08696063999999998,0.172352006,0.08878652699999999,,,,,,,
,-0.402730503,0.2013652515,0.005542218500000029,,,,,,,
,0.798483223,0.11763678250000004,0.4606064815,,,,,,,
,-2.637516524,-0.006668075999999967,0.04175759899999998,,,,,,,
,0.685008449,-0.1911095325,-0.2623414124999999,,,,,,,
,-0.21458024100000017,1.0612344725,-0.18047725250000002,,,,,,,
,-0.426533719,-0.2132668595,-0.3712574905,,,,,,,
,1.33244068,0.294500412,-0.19173138399999995,,,,,,,
,-0.292368292,-0.17021141799999998,0.090311012,,,,,,,
,-0.03879698299999999,0.1281763855,0.053276534500000014,,,,,,,
,-0.61658621,0.308293105,0.22998076299999998,,,,,,,
,-0.0025449989999999367,-1.6261294895,0.045967466500000054,,,,,,,
,-0.6528828030000001,0.6810527415000001,-0.4293769185000001,,,,,,,
,-0.211148626,-0.34256069,0.070867686,,,,,,,
,0.778956356,0.460551744,-0.305849613,,,,,,,
,-85.0,42.5,-3534.5,,,,,,,
,0.0,0.0,0.0,,,,,,,
,0.0,0.0,-1.0,,,,,,,
,0.0,0.0,0.0,,,,,,,
,0.0,0.0,0.0,,,,,,,
,0.0,0.0,0.0,,,,,,,
,-1.0,0.5,-2010.532521522,,,,,,,
,0.06701221400000001,0.067476541,0.03941032699999991,,,,,,,
,-0.141094585,-0.036644987500000004,-0.45659803649999997,,,,,,,
,0.16201304199999994,0.34027727399999996,0.37325971299999994,,,,,,,
,0.2308350510000001,-0.03457721349999997,0.4945443635,,,,,,,
,0.0,0.0,0.150124402,,,,,,,
,-0.043857811,0.06654431549999999,-0.057891247500000007,,,,,,,
,-0.131122209,0.0655611045,-0.009205744499999991,,,,,,,
,0.043375702000000016,-0.06464508,-0.19074931299999998,,,,,,,
,0.7607131730000001,-0.38035658650000004,-0.12870128249999996,,,,,,,
,-0.21544985500000002,-0.1556058635,0.22081207149999993,,,,,,,
,0.08538972500000003,-0.2233773855,-0.42291560450000004,,,,,,,
,0.17194868900000004,-0.043188887499999995,-0.12261571549999994,,,,,,,
,1.117796275,-0.9303310155,-0.6474381475,,,,,,,
,0.36560033000000014,0.18280016500000007,-1.059804779,,,,,,,
,-0.033048172000000015,-0.072845287,0.45070258499999993,,,,,,,
,-0.257611758,-0.21290133100000003,0.036061739999999995,,,,,,,
,0.5094137409999999,-0.22207350250000002,-0.01833673849999995,,,,,,,
,0.20552873699999996,-0.10276436849999998,0.9191065275000001,,,,,,,
,-0.2220961399999999,0.33374518500000006,-0.1432994649999999,,,,,,,
,0.02180835999999997,-0.470287052,0.459996262,,,,,,,
,0.32692383399999997,-0.564424814,-0.15472369700000005,,,,,,,
,-1.7114878470000001,-0.6662144145000001,-1.0578815335,,,,,,,
,-167.0,83.5,-3633.5,,,,,,,
,0.0,0.0,0.0,,,,,,,
,0.0,0.0,-1.0,,,,,,,
,0.0,0.0,0.0,,,,,,,
,0.0,0.0,0.0,,,,,,,
,0.0,0.0,0.0,,,,,,,
,-1.0,0.5,-2012.532521522,,,,,,,
,-1.011683785,-0.3020192875,-0.19234645649999996,,,,,,,
,1.774728934,0.0059045350000000996,0.024852997000000043,,,,,,,
,-0.372906487,0.1098561895,-0.2313277055,,,,,,,
,0.14074988200000005,-0.7170974379999999,0.414924566,,,,,,,
,-0.439461682,-0.219730841,-0.113552607,,,,,,,
,-0.0022727999999999637,-0.266556062,-0.037477542999999974,,,,,,,
,-0.576941347,-0.0699336585,0.0760227845,,,,,,,
,0.17120120300000002,0.2150999975,-0.12641808849999997,,,,,,,
,0.13424350100000004,-0.06712175050000002,0.13978571950000002,,,,,,,
,0.39152043700000005,-0.11749472049999998,0.050911306499999975,,,,,,,
,-0.26125589399999993,-0.47206829999999994,0.132158438,,,,,,,
,0.49317230500000003,0.5910214385,0.13575501850000005,,,,,,,
,-0.4889274509999999,0.02847632550000001,-0.05389894849999999,,,,,,,
,-0.02437335500000004,-0.01218667750000002,-0.4992176055,,,,,,,
,0.164589374,0.44275037500000003,-0.277145336,,,,,,,
,0.42791713200000003,0.406176741,0.07792155500000003,,,,,,,
,0.19053069999999994,0.742324427,-0.192869028,,,,,,,
,0.20552873700000002,-0.10276436850000001,0.7014878645,,,,,,,
,1.722043305,0.3980735715,-0.7486511064999999,,,,,,,
,-2.720580874,0.36899055599999997,-0.14136552800000002,,,,,,,
,0.23434610999999994,-0.746134462,0.58383021,,,,,,,
,-1.276504395,1.0754104435,-0.6030065785000001,,,,,,,
,191.0,-95.5,-3882.5,,,,,,,
,0.0,0.0,0.0,,,,,,,
,0.0,0.0,-1.0,,,,,,,
,0.0,0.0,0.0,,,,,,,
,0.0,0.0,0.0,,,,,,,
,0.0,0.0,0.0,,,,,,,
,-1.0,0.5,-2014.532521522,,,,,,,
,-0.20691811999999998,0.440067885,0.311947678,,,,,,,
,1.2239881170000002,0.7815055835000001,-0.9220880324999999,,,,,,,
,-1.4878464020000002,0.552430567,-0.18484016900000008,,,,,,,
,-0.26833373500000013,0.053326555499999956,1.0933028045,,,,,,,
,0.439461683,0.2197308415,0.06223206549999999,,,,,,,
,0.04764581100000004,0.3777157885,-0.1028854585,,,,,,,
,-0.253499311,0.4851539875,0.010461679499999987,,,,,,,
,-0.08696063999999998,0.172352006,0.08878652699999999,,,,,,,
,0.0,0.0,-0.240570867,,,,,,,
,-0.026959630000000012,-0.02565293399999996,0.10916369199999998,,,,,,,
,0.5377023870000001,-0.35350664049999997,-0.41894723850000004,,,,,,,
,-1.08199186,0.49491928500000015,-0.500845248,,,,,,,
,-0.435178732,-0.29947138100000004,0.7914938450000001,,,,,,,
,-0.20717352,-0.10358676,-0.261577391,,,,,,,
,-0.011450378000000011,0.028067531999999992,-0.06512574800000004,,,,,,,
,0.583076391,-0.1649799695,-0.09210195350000003,,,,,,,
,-0.07472215199999997,-0.07141681700000002,0.24201901799999997,,,,,,,
,-0.012089925000000001,0.006044962500000001,0.6410382365,,,,,,,
,0.034914336000000046,-0.14593627199999998,-0.749463734,,,,,,,
,-1.179420263,-0.7400823915,0.8631426294999999,,,,,,,
,1.351432103,0.024003513500000073,-0.5249374474999999,,,,,,,
,0.3372748719999999,0.38185813300000004,-0.819559753,,,,,,,
,-444.0,222.0,-3913.0,,,,,,,
,0.0,0.0,0.0,,,,,,,
,0.0,0.0,-1.0,,,,,,,
,0.0,0.0,0.0,,,,,,,
,0.0,0.0,0.0,,,,,,,
,0.0,0.0,0.0,,,,,,,
,-1.0,0.5,-2016.532521522,,,,,,,
,-0.545074703,0.44084176349999993,-0.13229915250000002,,,,,,,
,-0.056682103999999844,-1.0793125099999998,-0.5244026469999999,,,,,,,
,3.324412747,1.4399742985,0.14384692849999992,,,,,,,
,1.0976675989999998,1.1488127544999998,0.19699591449999998,,,,,,,
,0.263677009,0.1318385045,0.2819629065,,,,,,,
,-0.35540808300000004,-0.0007576005000000108,-0.2579029945,,,,,,,
,-0.5223025600000001,0.35075236300000007,0.442070019,,,,,,,
,1.252873673,-0.8412229784999999,0.4569569005,,,,,,,
,0.044747833999999986,-0.022373916999999993,-0.352440451,,,,,,,
,-0.02029597999999999,0.008517459000000005,0.11834726500000003,,,,,,,
,0.121110461,0.16561380050000007,-0.0020885784999999935,,,,,,,
,-1.047086394,0.36885731600000005,-0.10715418099999996,,,,,,,
,-0.199203071,0.21086777249999994,-0.2420314825,,,,,,,
,0.25592023199999997,0.12796011599999998,-0.602804366,,,,,,,
,0.20294246199999993,-0.12381357400000001,0.12129262899999999,,,,,,,
,0.6386492640000001,-0.281357164,-0.13915398900000003,,,,,,,
,0.17976119000000002,-0.307436382,0.326670711,,,,,,,
,0.362697771,-0.1813488855,0.018407063499999987,,,,,,,
,-0.5036213570000001,-1.0415456395,-0.32000068849999996,,,,,,,
,2.55550538,-0.7297169840000002,0.845413666,,,,,,,
,0.099469319,0.8622593815,0.24760765549999997,,,,,,,
,-1.708833441,-1.5256670635,-0.45109355049999994,,,,,,,
,-258.0,129.0,-3551.0,,,,,,,
,0.0,0.0,0.0,,,,,,,
,0.0,0.0,-1.0,,,,,,,
,0.0,0.0,0.0,,,,,,,
,0.0,0.0,0.0,,,,,,,
,0.0,0.0,0.0,,,,,,,
,-1.0,0.5,-2018.532521522,,,,,,,
,1.480459727,0.8081707315,-0.12502469150000006,,,,,,,
,-0.17514866800000006,1.302420175,0.145758689,,,,,,,
,-2.1565592259999997,-0.30046735199999985,-0.30880623100000004,,,,,,,
,-0.14267165400000015,-1.3837897909999999,0.29950703999999995,,,,,,,
,0.878923365,0.4394616825,0.2819629065,,,,,,,
,0.005303202000000007,0.621964145,0.054026079000000005,,,,,,,
,0.010931385000000016,0.4425397235,0.017020511500000002,,,,,,,
,-0.172456624,0.04327108299999999,-0.04092210499999999,,,,,,,
,0.089495667,-0.0447478335,-0.28531870049999997,,,,,,,
,-0.21181263699999997,-0.07182158350000001,0.1557379325,,,,,,,
,-0.166128218,-0.088773814,-0.006113496999999857,,,,,,,
,-0.8350748160000002,0.8453919730000001,-0.4219156960000001,,,,,,,
,-0.37076910799999996,-0.0011500199999999738,0.04103890899999996,,,,,,,
,0.03656003299999999,0.018280016499999996,0.03090287350000001,,,,,,,
,-0.5313766590000002,-0.8514288235,-0.25107878150000007,,,,,,,
,1.481718251,-0.4244635604999999,0.3394256605,,,,,,,
,0.281373079,0.43583629450000005,0.0416875595,,,,,,,
,-0.278068291,0.1390341455,0.06072180349999998,,,,,,,
,-1.471371873,-0.009492868499999974,0.14602281649999993,,,,,,,
,0.43553882,-0.22582875800000002,-0.223837686,,,,,,,
,2.606249365,2.1325770035,0.15997022049999998,,,,,,,
,-1.080855697,2.5157354785,-0.14806960450000006,,,,,,,
,-327.0,163.5,-3350.5,,,,,,,
,0.0,0.0,0.0,,,,,,,
,0.0,0.0,-1.0,,,,,,,
,0.0,0.0,0.0,,,,,,,
,0.0,0.0,0.0,,,,,,,
,0.0,0.0,0.0,,,,,,,
,18.963506384,-9.518246808,-2011.55076833,,,,,,,
,0.5219385719999998,-1.607404586,-0.10277709800000001,,,,,,,
,1.790346689,-0.35921194349999996,-0.008554250500000027,,,,,,,
,0.1085963430000001,-0.13089522450000002,0.2573558325,,,,,,,
,0.782109879,0.053566777499999996,-0.1711676975,,,,,,,
,0.09255887499999993,-1.0570413065,-0.3748963475,,,,,,,
,-0.5879551390000001,-1.2229463855,-0.19950288149999995,,,,,,,
,0.14094231899999987,-1.4592879485,-0.14853556150000014,,,,,,,
,0.17915219599999999,-1.4212501819999999,0.3079666390000001,,,,,,,
,0.6038277439999997,-1.040521139,0.061343004999999895,,,,,,,
,0.07051506799999985,0.12290399400000002,0.24332516299999996,,,,,,,
,0.015901287999999902,-0.531045499,-0.014908498999999908,,,,,,,
,0.337300864,0.19996273099999998,0.13399557100000004,,,,,,,
,-0.10346222799999999,0.39861997000000005,-0.06072044799999998,,,,,,,
,1.425841288,0.712920644,-0.456564234,,,,,,,
,-0.15555585800000005,1.172552739,-0.16836528500000003,,,,,,,
,0.15288787799999998,0.569003013,0.281471951,,,,,,,
,0.019777871000000058,0.8385786315,-0.4107024815,,,,,,,
,-0.946931988,0.08267058699999996,0.08898772499999999,,,,,,,
,-0.7498560280000004,1.985199457,0.6504986319999999,,,,,,,
,-1.479107192,0.546129229,0.10707075500000007,,,,,,,
,0.4815438450000001,0.6554980825000001,-0.011062288499999962,,,,,,,
,-0.539894486,0.796156243,0.1294811449999999,,,,,,,
,1113.0,-556.5,-2158.5,,,,,,,
,0.0,0.0,0.0,,,,,,,
,2.0,0.0,0.0,,,,,,,
,0.0,0.0,0.0,,,,,,,
,0.0,0.0,0.0,,,,,,,
,0.0,0.0,0.0,,,,,,,
,-2.0948084820000004,-0.04740424100000018,-2003.860964066,,,,,,,
,0.0738223469999999,-0.6764679415,-0.11867888450000008,,,,,,,
,0.22352683400000006,0.281274943,0.34060119099999997,,,,,,,
,-0.486542219,0.09007700249999998,-0.19718709849999994,,,,,,,
,0.167523567,0.1587591525,-0.3776506845,,,,,,,
,-0.05167364600000013,-0.457571027,0.10480832399999984,,,,,,,
,-0.31420187499999985,-0.37828398850000006,0.24248442149999994,,,,,,,
,0.694945895,-0.5266751145,0.16014910650000003,,,,,,,
,0.2573248970000003,0.21499537949999997,0.18024575549999988,,,,,,,
,0.06909361600000008,0.482025145,0.11232234299999999,,,,,,,
,-0.23620356800000014,-0.06940930599999998,0.32297538699999995,,,,,,,
,0.29700022000000004,-0.171243364,-0.09097096199999999,,,,,,,
,0.262613285,0.12869728450000004,0.15020260750000003,,,,,,,
,-0.05772133300000004,0.022315593499999953,0.10934352849999995,,,,,,,
,-0.308414516,0.397940812,-0.21041702499999998,,,,,,,
,-0.8415606139999999,0.02978930299999999,-0.125495439,,,,,,,
,0.066944322,-0.134718742,0.15670710300000001,,,,,,,
,-0.207206261,0.4299368105,-0.3014504645,,,,,,,
,1.172514796,0.840145837,-0.407253239,,,,,,,
,-0.16233259200000005,1.126129679,0.6333863689999999,,,,,,,
,-0.24366109400000002,-0.708282362,-0.93282778,,,,,,,
,0.732972981,0.3410950925,0.3034572725,,,,,,,
,-0.285245219,0.4259659165,0.1923227465,,,,,,,
,-148.0,74.0,-2011.0,,,,,,,
,0.0,0.0,0.0,,,,,,,
,0.0,0.0,1.0,,,,,,,
,0.0,0.0,0.0,,,,,,,
,0.0,0.0,0.0,,,,,,,
,0.0,0.0,0.0,,,,,,,
,-0.48908937499999994,0.7554553125000001,-2006.2259002265,,,,,,,
,-0.27083481800000003,0.03443476100000001,-0.38982325400000006,,,,,,,
,-0.669742167,-0.1653595575,0.1897933845,,,,,,,
,-0.2610336969999998,1.2028755995,-1.1441931105,,,,,,,
,0.1266229679999999,-0.38667273199999996,0.6810769010000001,,,,,,,
,0.49580186699999995,-0.4236856065,0.010879538500000008,,,,,,,
,-0.22459225300000007,-0.28924256750000005,-0.20007108149999997,,,,,,,
,0.20432621499999992,-0.6845701474999999,0.3224166945,,,,,,,
,0.6493801069999998,-0.7113051095,0.07138802749999995,,,,,,,
,-0.5849913959999999,-0.47148703300000006,0.780933411,,,,,,,
,-0.07850349499999998,0.08653715249999999,0.06949500050000013,,,,,,,
,-1.1473664069999998,-0.5508443844999998,0.5919956315,,,,,,,
,-0.714740048,0.018377560999999987,-0.10223037700000004,,,,,,,
,-0.105205412,0.199866842,-0.1155545859999999,,,,,,,
,0.336838511,0.05094094249999999,-0.0875036435,,,,,,,
,-0.04840743499999994,0.4263658925,0.005578957500000009,,,,,,,
,-0.749716555,-0.1946537385,0.2733114355,,,,,,,
,0.806378783,0.36913365049999997,0.051129440499999956,,,,,,,
,-0.303717311,0.00531037849999999,0.0873379815,,,,,,,
,0.150218909,-0.006587265499999995,0.025994017500000008,,,,,,,
,-0.36493700200000007,-0.43810134300000003,0.16043658400000005,,,,,,,
,0.757529456,-0.323730605,0.6044173179999999,,,,,,,
,0.4114824550000001,0.15046178749999997,-0.060995184499999966,,,,,,,
,-102.0,51.0,-2450.0,,,,,,,
,0.0,0.0,0.0,,,,,,,
,0.0,0.0,1.0,,,,,,,
,0.0,0.0,0.0,,,,,,,
,0.0,0.0,0.0,,,,,,,
,0.0,0.0,0.0,,,,,,,
,-1.5109106250000002,0.2445446874999999,-2007.5690151375,,,,,,,
,-0.026231646000000053,-0.828406239,0.13238475199999997,,,,,,,
,1.510824312,0.28077988500000006,-0.330626149,,,,,,,
,-2.186038819,-0.055936394499999986,-0.43793851250000004,,,,,,,
,0.8926453470000002,1.0088029445,-0.13731114849999992,,,,,,,
,0.5072325240000001,0.49346859800000004,-0.23098494599999997,,,,,,,
,-0.974720628,0.308898672,0.2653603270000001,,,,,,,
,0.32234889899999997,0.5108336745,-0.03052194550000009,,,,,,,
,-0.08633292999999986,0.04316646499999993,-0.03579580699999996,,,,,,,
,1.449599193,-0.5281397475,0.4554676605000001,,,,,,,
,0.574319059,0.19058611550000004,0.06423133450000007,,,,,,,
,3.934930829,1.7333675135,1.7738933545000002,,,,,,,
,-0.560347922,-0.264517812,0.46899201300000004,,,,,,,
,0.22527745000000005,-0.31553598000000005,-0.21823748799999987,,,,,,,
,-1.029521709,0.3075873345,0.5673534935,,,,,,,
,-0.053156865,-0.3532413995,-0.44922674149999997,,,,,,,
,-0.478994698,-0.203456441,0.21966512200000005,,,,,,,
,-0.006610669999999957,-0.10547255799999998,0.167242726,,,,,,,
,1.104847895,0.39525491349999997,0.2024891365,,,,,,,
,0.5372814760000001,0.6135824460000001,-0.21232335899999993,,,,,,,
,-1.338185865,-0.2254947645,0.39559900150000005,,,,,,,
,-0.8454872090000001,-0.4735264005,0.16813362650000008,,,,,,,
,-1.3533415739999999,-0.7319502269999999,-0.163301427,,,,,,,
,-32.0,16.0,-2540.0,,,,,,,
,0.0,0.0,0.0,,,,,,,
,0.0,0.0,1.0,,,,,,,
,0.0,0.0,0.0,,,,,,,
,0.0,0.0,0.0,,,,,,,
,0.0,0.0,0.0,,,,,,,
,-0.781038304,0.609480848,-2010.189406611,,,,,,,
,0.09943488999999989,0.21956961500000002,0.20171860200000002,,,,,,,
,-0.060490790000000016,0.173168435,-0.18713216300000002,,,,,,,
,-0.22853131399999993,-0.07722697799999995,-0.230194687,,,,,,,
,0.24544240900000003,0.16021988850000002,0.01000234050000004,,,,,,,
,-0.17304485199999986,1.9762076599999998,-0.21826981,,,,,,,
,0.4094934960000003,1.1337155650000001,0.2802814299999996,,,,,,,
,-0.015285801000000099,1.1724569825,-0.27802713150000025,,,,,,,
,-0.21980782200000015,0.926091253,0.07640970700000027,,,,,,,
,-0.19769690000000006,0.751360391,1.241045141,,,,,,,
,-0.919257987,-0.2031819445,0.3635246984999999,,,,,,,
,-1.1451369639999998,0.729244236,-0.835547329,,,,,,,
,-0.958785848,-0.231503892,0.16248147200000002,,,,,,,
,1.99231088,0.811920906,0.14043249300000005,,,,,,,
,0.39500303999999997,0.984606215,-0.15874992200000004,,,,,,,
,0.2722060650000001,0.9921852915,-0.07746027849999998,,,,,,,
,-0.49309180399999997,1.1830767739999999,0.35905158099999995,,,,,,,
,-1.081750666,0.6170198580000001,0.618711587,,,,,,,
,-0.754215474,0.39664750800000004,-0.10530195700000003,,,,,,,
,0.511214619,0.4553104025,0.006929879499999958,,,,,,,
,-0.10765414799999995,0.690515615,0.03740925500000003,,,,,,,
,0.07035066000000001,0.5937860770000001,0.593167788,,,,,,,
,0.09937068500000013,0.4603326105,0.32749069249999996,,,,,,,
,-352.0,176.0,-2935.0,,,,,,,
,0.0,0.0,0.0,,,,,,,
,0.0,0.0,1.0,,,,,,,
,0.0,0.0,0.0,,,,,,,
,0.0,0.0,0.0,,,,,,,
,0.0,0.0,0.0,,,,,,,
,-0.41610214300000004,0.7919489285,-2011.8244704505,,,,,,,
,0.20691811999999998,-0.440067885,0.118959378,,,,,,,
,-0.31609147499999984,-0.05633882249999991,-0.7932216865000001,,,,,,,
,-0.42506333799999985,-0.3236477060000001,0.2051989809999999,,,,,,,
,-0.17580753900000007,0.24958439350000003,0.6915422725000001,,,,,,,
,-0.3531749439999996,2.4617882189999998,0.03454365300000006,,,,,,,
,0.02121280700000039,2.4878565815,0.003728666500000033,,,,,,,
,0.06121575600000018,2.478222451,0.0006234330000001176,,,,,,,
,0.3742700939999999,2.733956491,-0.14559509999999998,,,,,,,
,-3.809220822,1.451477118,0.533801697,,,,,,,
,-0.2329678569999999,0.2819828465,-0.011549440500000063,,,,,,,
,0.06866827399999992,0.05032131100000001,0.26588952600000004,,,,,,,
,-0.244315909,0.12051236050000003,-0.22950797349999996,,,,,,,
,0.08901924899999991,-0.011784261500000004,-0.03720688449999998,,,,,,,
,0.6744536929999999,-0.20317339149999997,0.09392947149999996,,,,,,,
,-0.7628040010000001,0.0015821684999999808,0.2751761745,,,,,,,
,-0.5908610870000001,0.7257285115000001,0.0861367985,,,,,,,
,-0.07569747199999999,0.211893365,0.208423866,,,,,,,
,-3.0359610960000003,-0.3089879790000001,-0.1193630630000001,,,,,,,
,-0.34084458900000003,0.1019001055,-0.34127018550000005,,,,,,,
,0.37593065000000003,-0.18796532500000002,0.861637697,,,,,,,
,-0.13184895400000005,-0.091315874,-0.15727628699999996,,,,,,,
,0.8653113590000001,1.0407295205,-0.6845489215,,,,,,,
,317.0,-158.5,-3079.5,,,,,,,
,0.0,0.0,0.0,,,,,,,
,0.0,0.0,1.0,,,,,,,
,0.0,0.0,0.0,,,,,,,
,0.0,0.0,0.0,,,,,,,
,0.0,0.0,0.0,,,,,,,
,0.09480848199999992,1.047404241,-2013.605508754,,,,,,,
,-0.27764495200000006,0.778379243,0.14596490199999998,,,,,,,
,-0.725737706,0.755907214,-0.06904504099999999,,,,,,,
,0.5575967869999999,0.9084559385,0.13968900850000004,,,,,,,
,-0.36818301799999986,1.315855879,0.5408074620000001,,,,,,,
,0.3441629880000001,-0.787327849,0.15076664100000015,,,,,,,
,0.21663745,-0.64370365,0.024331770999999947,,,,,,,
,-0.022955908999999997,-0.9293334195,-0.04909623150000009,,,,,,,
,0.08884376999999999,-0.559908627,0.13352226700000003,,,,,,,
,0.48838374800000006,-0.6955126329999999,0.035905833,,,,,,,
,0.19924473900000006,-0.008312622499999978,0.0318922264999999,,,,,,,
,-0.18179422099999998,-0.006393478499999994,0.02626881549999993,,,,,,,
,-0.5135293089999999,-0.5594502084999999,0.07675956950000001,,,,,,,
,4.701511041,1.5762881255,1.5508655024999998,,,,,,,
,-0.1853322220000001,0.16578617700000003,0.27131194699999994,,,,,,,
,-0.10891965400000003,-0.392387034,0.49971643,,,,,,,
,-0.101622402,-0.531356638,-0.11016163500000009,,,,,,,
,0.089921201,-0.5453389095000001,-0.08248583950000005,,,,,,,
,1.0782194299999999,0.16432201800000001,-0.408593833,,,,,,,
,-0.15752996699999994,0.28433155050000003,0.35345242350000006,,,,,,,
,0.015088910999999927,0.10528642550000003,-0.2947873995,,,,,,,
,0.17341074199999995,-0.36187598600000004,0.022142804999999877,,,,,,,
,0.393463922,-0.253400622,0.067263866,,,,,,,
,79.0,-39.5,-3377.5,,,,,,,
,0.0,0.0,0.0,,,,,,,
,0.0,0.0,1.0,,,,,,,
,0.0,0.0,0.0,,,,,,,
,0.0,0.0,0.0,,,,,,,
,0.0,0.0,0.0,,,,,,,
,-1.145974464,0.427012768,-2014.912130049,,,,,,,
,-1.2151968370000001,-0.23392364450000003,-0.5661760065000001,,,,,,,
,-0.656942982,0.07835617,0.21264907200000005,,,,,,,
,0.3729064860000001,-0.10985618899999999,-0.2557679080000001,,,,,,,
,-0.502090258,0.048944349,-0.533248145,,,,,,,
,-0.10737159099999993,-0.8691837365,-0.2786342934999999,,,,,,,
,0.4824359119999999,-0.7319874710000001,0.1542006010000001,,,,,,,
,-1.3090539529999998,-1.0478936045,-0.6462515735,,,,,,,
,0.26674054699999994,-1.7227877275,-0.1656090575,,,,,,,
,1.8880222330000005,-1.1143892345000002,0.5283134425000002,,,,,,,
,-0.31495322600000003,-0.214284503,0.31606221,,,,,,,
,0.397395461,-0.1986977305,-0.1828167665,,,,,,,
,0.7539205139999999,-0.251895076,-0.35883813,,,,,,,
,-0.697607105,-0.3351565495,0.6500777085,,,,,,,
,-0.020423737999999914,0.095518613,-0.10747115500000004,,,,,,,
,0.6425270379999999,-0.377119377,0.22741875799999994,,,,,,,
,-0.35545949499999996,0.0385156985,-0.33137216449999995,,,,,,,
,0.13672415800000004,-0.340306812,-0.15930094599999997,,,,,,,
,0.559178919,-0.6996945215,0.10687775250000003,,,,,,,
,0.40708828300000005,-0.33202324650000004,0.2613979405,,,,,,,
,-0.14895679499999998,-0.3526670795,-0.10382218550000011,,,,,,,
,0.05371398900000007,-0.28630357549999996,0.24400692849999994,,,,,,,
,0.1123036770000001,-0.30711305349999996,0.2088362895,,,,,,,
,144.0,-72.0,-3083.0,,,,,,,
,0.0,0.0,0.0,,,,,,,
,0.0,0.0,1.0,,,,,,,
,0.0,0.0,0.0,,,,,,,
,0.0,0.0,0.0,,,,,,,
,0.0,0.0,0.0,,,,,,,
,-2.277276562,-0.13863828099999997,-2016.419466232,,,,,,,
,-0.119785056,-1.6904733619999999,-0.36560369299999995,,,,,,,
,-0.11351598499999993,-0.8365110085,0.12057948950000003,,,,,,,
,0.8455903810000001,-0.6142878245000001,-0.22024062450000015,,,,,,,
,0.527903058,-0.22353137299999998,-0.03237840099999997,,,,,,,
,-0.6403555080000001,1.550670464,0.3146389770000002,,,,,,,
,0.7255893710000001,1.7341296055000002,-0.3571720184999998,,,,,,,
,-0.4425215870000003,1.7892797485,0.2721504605,,,,,,,
,0.989062439,0.2786988935,-0.9663856474999999,,,,,,,
,0.053128957000000025,0.0713123125,-0.7616161295,,,,,,,
,-0.469696911,-0.07984406850000003,0.32192939349999994,,,,,,,
,0.30809301499999997,0.3538861785,-0.14296435749999997,,,,,,,
,0.596133368,-0.27338276699999997,0.6701013659999999,,,,,,,
,0.9147152279999998,0.9776495859999998,0.49377015099999993,,,,,,,
,0.503704425,0.6865219695,0.3468456685,,,,,,,
,-0.22491253000000003,0.06777157900000001,-0.015460423000000029,,,,,,,
,-1.3690217660000001,-0.25201998900000006,-0.732599322,,,,,,,
,0.606365596,-0.15089374699999997,0.726845969,,,,,,,
,0.09573995900000007,-0.1455688315,-1.5936239895,,,,,,,
,0.08365644500000002,-0.5300488194999999,0.6506136005,,,,,,,
,0.5993499789999999,-1.4521618425,0.2583833324999999,,,,,,,
,2.7604020989999998,-1.3959250844999997,0.041078999499999824,,,,,,,
,-0.15040803599999997,-1.228175196,-0.39646737600000004,,,,,,,
,896.0,-448.0,-2930.0,,,,,,,
,0.0,0.0,0.0,,,,,,,
,0.0,0.0,1.0,,,,,,,
,0.0,0.0,0.0,,,,,,,
,0.0,0.0,0.0,,,,,,,
,0.0,0.0,0.0,,,,,,,
,-2.4014297769999997,0.7992851115000001,-2018.4085556075,,,,,,,
,-0.7112122539999999,0.11997994900000003,0.6610532229999999,,,,,,,
,-0.7503459609999998,-0.3751729804999999,0.09616273949999998,,,,,,,
,-0.53869907,-0.343426894,0.05817939299999997,,,,,,,
,0.38959420499999986,0.0073036785000000215,0.01240455550000008,,,,,,,
,0.151959999,-0.1638723365,-0.2724372854999999,,,,,,,
,0.09339762200000001,0.5333015249999999,0.3982595579999999,,,,,,,
,0.14751928700000005,0.5982484805000001,-0.6085564325000001,,,,,,,
,0.2571156619999999,0.25805722600000003,0.6518337040000002,,,,,,,
,-1.649884107,0.42799728949999993,-0.49228088449999996,,,,,,,
,2.358441128,-2.222760539,-1.039895948,,,,,,,
,0.18499443900000007,-0.09249721950000003,-0.23877187449999993,,,,,,,
,1.439371396,0.516155757,-0.535081218,,,,,,,
,-1.29529894,-0.743178488,0.5994603079999999,,,,,,,
,0.386563937,0.42823859349999993,-0.30239010749999984,,,,,,,
,0.010705827999999973,0.06167411500000003,0.026942617000000002,,,,,,,
,0.21193805100000007,0.045900845499999954,0.09327930650000005,,,,,,,
,-0.0515442,-0.093883582,0.022329671999999995,,,,,,,
,-0.08181971599999999,0.07998939899999999,0.013999555999999969,,,,,,,
,0.32892427500000004,0.25523627050000003,0.022665109500000002,,,,,,,
,0.619488374,0.294706961,-0.128232816,,,,,,,
,-0.06706975600000006,0.135741106,0.23488306299999995,,,,,,,
,-0.336836606,-0.042065297,0.080097627,,,,,,,
,386.0,-193.0,-2908.0,,,,,,,
,0.0,0.0,0.0,,,,,,,
,0.0,0.0,1.0,,,,,,,
,0.0,0.0,0.0,,,,,,,
,0.0,0.0,0.0,,,,,,,
,0.0,0.0,0.0,,,,,,,
,-0.7080510710000001,0.6459744645,-1992.5396704045,,,,,,,
,-0.068559971,0.10160175049999998,-0.27073184149999996,,,,,,,
,0.10170691499999984,-0.05085345749999992,0.3385053425,,,,,,,
,-0.468904352,0.6174374440000001,0.4405326279999999,,,,,,,
,0.3233612490000002,0.1616806245000001,-0.3357503865,,,,,,,
,0.259652711,0.17779682250000006,-0.15854756550000015,,,,,,,
,0.04461541099999988,0.02230770549999994,-0.0734220525,,,,,,,
,-0.308138099,0.06446796649999997,-0.04965186950000011,,,,,,,
,-0.3889166599999998,0.280372787,-0.26986357900000013,,,,,,,
,-0.36897391500000004,0.3077392135,2.1467388615,,,,,,,
,0.7695101750000002,0.3628434725000001,2.8637418064999998,,,,,,,
,-0.09323935999999994,-0.13911690000000002,-1.357098328,,,,,,,
,2.620676926,-0.22918288900000006,-0.1086929900000001,,,,,,,
,-0.08309563500000006,0.4309796455,0.0698859275,,,,,,,
,-0.09837111399999998,-0.07268122000000005,0.17081286399999995,,,,,,,
,0.292591041,-0.1127820054999999,0.15308729650000008,,,,,,,
,-0.918925467,-0.6036263645000001,-0.33373750049999995,,,,,,,
,0.856500612,0.496361787,-0.33719270999999995,,,,,,,
,-1.300735322,-0.54155833,0.0008904730000000027,,,,,,,
,-1.745408364,-0.7546978079999999,-0.76211569,,,,,,,
,0.24983980700000008,0.12491990350000004,-0.4967204195,,,,,,,
,1.381482326,-0.494190723,0.19151593100000008,,,,,,,
,0.14238693800000013,0.26072297699999997,0.18613740199999995,,,,,,,
,514.0,-257.0,-2247.0,,,,,,,
,0.0,0.0,0.0,,,,,,,
,0.0,0.0,0.0,,,,,,,
,0.0,0.0,-1.0,,,,,,,
,0.0,0.0,0.0,,,,,,,
,0.0,0.0,0.0,,,,,,,
,-1.291948928,0.354025536,-1995.868112949,,,,,,,
,0.7420871720000002,0.20119141600000012,-0.5145611350000001,,,,,,,
,-0.4094944549999999,-0.5098679735,-0.11136689749999995,,,,,,,
,-0.2592707540000001,0.12963537700000005,0.9144763699999998,,,,,,,
,1.085501271,0.46775326650000015,-0.02967774450000027,,,,,,,
,0.3555936449999999,0.12982635450000002,-0.11862569649999988,,,,,,,
,-0.08733681999999998,0.17751464099999992,-0.004036735999999763,,,,,,,
,0.22946840000000002,0.3332712149999999,0.001707502999999999,,,,,,,
,-0.47190180400000004,-0.3654502970000001,-0.1401549470000003,,,,,,,
,1.9933296690000002,1.1756561694999998,4.2431038575,,,,,,,
,-1.1190509180000001,-0.669895075,0.918086478,,,,,,,
,1.6701751740000002,0.548460401,0.24494748600000005,,,,,,,
,-0.9707060619999999,0.08218238300000003,-1.356302447,,,,,,,
,-0.13093675999999993,-0.10470351200000003,0.22480584799999992,,,,,,,
,-0.4843951809999999,-0.15996277249999996,-0.2123587025000001,,,,,,,
,0.684419663,-0.018245856499999935,0.10360810850000002,,,,,,,
,-0.19138807700000005,0.3488104905,0.13751173049999998,,,,,,,
,-1.108112137,-0.5881118095,-0.5689586905,,,,,,,
,1.516370516,-0.7288756020000001,1.0272058499999999,,,,,,,
,-0.6899722499999998,-0.10897337799999995,0.29670159799999984,,,,,,,
,0.6512884029999997,0.5286467525,-0.3154109185,,,,,,,
,-0.31444184599999986,-0.04719153400000001,-0.6577274320000001,,,,,,,
,-0.541407744,-0.23121855800000002,0.277032182,,,,,,,
,-233.0,116.5,-2821.5,,,,,,,
,0.0,0.0,0.0,,,,,,,
,0.0,0.0,0.0,,,,,,,
,0.0,0.0,-1.0,,,,,,,
,0.0,0.0,0.0,,,,,,,
,0.0,0.0,0.0,,,,,,,
,-1.474417009,0.2627914955,-1997.4484363645,,,,,,,
,-0.2621673740000001,-0.9124036700000002,0.0613884859999998,,,,,,,
,1.146202893,-0.03714004550000016,-0.8902056875,,,,,,,
,-1.430147065,0.025700049499999822,0.1577031434999998,,,,,,,
,-0.049184571000000066,-0.1370883395000002,0.23963628349999988,,,,,,,
,-0.1757846729999999,-0.08789233649999995,0.14706346250000002,,,,,,,
,-0.041963809000000074,0.2886743675,0.0632651795000001,,,,,,,
,0.6283007200000003,0.35785776399999997,0.19784424799999978,,,,,,,
,-0.3470056140000001,0.517160635,0.008626078000000037,,,,,,,
,0.008598480000000075,0.541273244,1.68448488,,,,,,,
,0.10505632099999995,1.2714631834999999,-0.26361519550000007,,,,,,,
,-4.218205983,-1.6043650774999998,2.9856784175,,,,,,,
,2.261405334,-0.14005478900000012,-2.001392507,,,,,,,
,2.263406844,0.759822602,0.341217374,,,,,,,
,0.13536999399999994,0.10292849100000001,0.018698815999999896,,,,,,,
,0.0845297989999999,0.6280053925,-0.09067749950000004,,,,,,,
,0.1857963090000001,-0.21945638050000005,-0.39104902249999995,,,,,,,
,-0.1712810939999999,0.6295300130000001,0.16955920700000005,,,,,,,
,-1.0128725699999999,0.29149881099999997,-0.09099598900000005,,,,,,,
,-0.24756202500000013,0.6205668825,0.07200034249999998,,,,,,,
,-0.993848503,-0.19617973049999998,0.06324925349999977,,,,,,,
,0.24131541899999998,0.15451290650000005,-0.03576422749999986,,,,,,,
,0.23794553299999988,0.24532577149999996,0.14903361049999986,,,,,,,
,263.0,-131.5,-2596.5,,,,,,,
,0.0,0.0,0.0,,,,,,,
,0.0,0.0,0.0,,,,,,,
,0.0,0.0,-1.0,,,,,,,
,0.0,0.0,0.0,,,,,,,
,0.0,0.0,0.0,,,,,,,
,-0.1606468310000002,0.9196765844999999,-1999.2294746685,,,,,,,
,0.571306348,0.387564476,0.6529303419999999,,,,,,,
,-0.5635400020000003,0.5318853210000001,-0.015221235999999916,,,,,,,
,-1.16785352,-1.139506947,-0.4788835630000001,,,,,,,
,0.21330622200000016,-0.2683337359999999,-0.49450953900000005,,,,,,,
,-0.0003211189999998698,0.5275145785,-0.09665261250000001,,,,,,,
,0.0022728009999999355,0.26655606249999997,0.12886249449999987,,,,,,,
,0.003279416000000035,0.13276191700000017,0.0219214969999999,,,,,,,
,-0.042957228999999986,-0.021478614499999993,-0.011806352500000061,,,,,,,
,-1.431908573,-0.35797161649999987,2.5238000995,,,,,,,
,0.49993106499999984,-0.6005297425,-1.3955189875,,,,,,,
,0.9450517280000001,-1.6880264710000001,-1.373698509,,,,,,,
,3.1958364880000003,1.535293647,0.4664151680000001,,,,,,,
,0.501466747,0.47249716550000004,-0.33546728049999996,,,,,,,
,0.11450741000000009,0.18647984900000003,0.24717376700000016,,,,,,,
,0.06823692299999995,-0.11231666249999994,0.34588234249999983,,,,,,,
,0.8117112949999999,0.2016238365000001,-0.033435829500000014,,,,,,,
,-0.9942271560000002,0.38833568500000004,-0.12462876400000011,,,,,,,
,-0.6032842639999999,-0.05984361899999996,0.05615829799999994,,,,,,,
,-0.10022258500000003,-0.09549835950000007,-0.49728986649999996,,,,,,,
,0.02894129600000006,-0.14342022599999998,-0.15860151599999983,,,,,,,
,0.572199652,0.531550003,0.20393016699999988,,,,,,,
,0.2290148230000001,-0.11450741150000004,-0.04595355450000005,,,,,,,
,256.0,-128.0,-2468.0,,,,,,,
,0.0,0.0,0.0,,,,,,,
,0.0,0.0,0.0,,,,,,,
,0.0,0.0,-1.0,,,,,,,
,0.0,0.0,0.0,,,,,,,
,0.0,0.0,0.0,,,,,,,
,0.56922549,1.284612745,-2001.083500204,,,,,,,
,-0.44099653900000013,0.1531765045000001,0.5164295034999999,,,,,,,
,0.8540331089999997,-0.9629779545,-0.3005722584999999,,,,,,,
,0.4633618650000002,0.3427969704999999,-0.03567926149999989,,,,,,,
,-0.5366674710000001,0.1066531114999999,0.2043189995000001,,,,,,,
,-0.10769271099999989,-0.3416691585,-0.014796724500000025,,,,,,,
,-0.09188242199999985,-0.35559748299999994,-0.22521978799999998,,,,,,,
,0.07976283599999989,-0.35348520899999997,-0.10701443499999996,,,,,,,
,0.6894080219999998,-0.08696064000000003,-0.16362130900000027,,,,,,,
,-1.726662568,-0.952826952,1.156798266,,,,,,,
,0.014284087,0.09965775149999997,-0.9874870765,,,,,,,
,-4.897380836,4.707853707,-2.061545572,,,,,,,
,-1.075788179,0.055734906500000014,-0.5349904335,,,,,,,
,-0.0641544850000001,0.6178612535000001,0.3253535875,,,,,,,
,1.197300073,-0.9520636895000001,0.5950008175000001,,,,,,,
,1.2778877849999999,0.1095246004999999,0.5383051145000001,,,,,,,
,-0.8022664070000001,-0.2569695715000001,-0.20332615450000002,,,,,,,
,0.09842836899999996,-0.48432575650000004,-0.15440385050000005,,,,,,,
,-1.481000763,-1.0669283755,-0.8351570055,,,,,,,
,-0.14393213100000007,-0.2535143325,-0.6092655314999998,,,,,,,
,-0.7469946799999999,0.4460314779999999,0.08877913800000004,,,,,,,
,-0.3144807030000001,-0.15724035150000004,0.0950460555,,,,,,,
,-0.9070541590000001,-0.14554162750000005,0.28631846650000004,,,,,,,
,32.0,-16.0,-2659.0,,,,,,,
,0.0,0.0,0.0,,,,,,,
,0.0,0.0,0.0,,,,,,,
,0.0,0.0,-1.0,,,,,,,
,0.0,0.0,0.0,,,,,,,
,0.0,0.0,0.0,,,,,,,
,-0.5985702230000001,0.7007148885,-2003.6309044445,,,,,,,
,0.33970433999999994,-0.16985216999999997,0.06525788000000032,,,,,,,
,1.0774081670000002,0.6404109984999999,0.44611679250000025,,,,,,,
,0.39608684000000016,-0.542730162,0.22145017300000003,,,,,,,
,1.385490749,0.3177585275,-0.5317680025000002,,,,,,,
,-0.39149121500000006,-0.24371607449999988,0.18714589149999994,,,,,,,
,-0.1346038319999998,-0.15577513599999993,0.10693358999999991,,,,,,,
,-0.04698681899999979,-0.11090821550000007,-0.0469190235000001,,,,,,,
,-0.644358427,-0.3221792135,0.20402597249999999,,,,,,,
,-0.24423516000000012,-0.3011089149999999,2.407007757,,,,,,,
,0.4775693890000001,1.4439235165,0.5013394714999999,,,,,,,
,-0.6105186610000001,-1.3044576885,-1.3657629875000001,,,,,,,
,-1.164949815,1.2884349395,-0.3398370765,,,,,,,
,0.14276296300000002,-0.7406151695000001,0.24256517750000003,,,,,,,
,0.1801670860000002,0.019596555999999987,0.03549338099999999,,,,,,,
,-0.3015285630000001,-0.16202852149999997,0.0030210305000001325,,,,,,,
,1.8776355050000002,0.3141086835000001,0.3783719085000001,,,,,,,
,-1.426941039,-0.14587483749999997,-0.044386506500000006,,,,,,,
,1.2908122860000002,-0.684485683,0.61315804,,,,,,,
,-0.3634675730000001,0.03612413449999996,0.08866316750000003,,,,,,,
,-1.01872234,-0.5544728480000001,-0.6094101459999999,,,,,,,
,-1.1988894330000002,0.4500663825,0.027500554499999996,,,,,,,
,0.44826374899999977,-0.9446334285,0.3963811964999999,,,,,,,
,753.0,-376.5,-2461.5,,,,,,,
,0.0,0.0,0.0,,,,,,,
,0.0,0.0,0.0,,,,,,,
,0.0,0.0,-1.0,,,,,,,
,0.0,0.0,0.0,,,,,,,
,0.0,0.0,0.0,,,,,,,
,-2.131302097,-0.06565104849999992,-2005.3389555165,,,,,,,
,0.10438771400000024,-0.32148091700000003,0.11373711900000005,,,,,,,
,0.007313819000000166,0.1392661304999998,0.5450810255000003,,,,,,,
,-0.7815918050000001,0.27590032149999977,-0.39384595150000035,,,,,,,
,0.06379192700000003,0.3318854405,0.0019779975000000505,,,,,,,
,0.18013009200000019,-0.48558056000000005,0.18915804100000022,,,,,,,
,0.13081583099999983,-0.28848496749999997,0.10390318850000013,,,,,,,
,-0.0098382469999998,-0.3982857504999999,0.010990111500000399,,,,,,,
,-0.08591445699999989,-0.042957228499999944,-0.07498677650000007,,,,,,,
,3.376401154,2.090931081,3.18600191,,,,,,,
,1.078257125,0.2875507614999999,0.01785326949999988,,,,,,,
,2.828735995,-1.7214019345,-2.4460128434999997,,,,,,,
,1.388878141,-0.1431649195,0.6830880195,,,,,,,
,0.030844971000000054,-0.01869502150000002,-0.16203086249999998,,,,,,,
,-0.26712819500000007,0.2188708405,0.08852753350000009,,,,,,,
,-1.607811082,-0.9052837029999999,-0.560564719,,,,,,,
,-0.14041996600000017,-0.8030417750000001,-0.04123602500000001,,,,,,,
,-0.13290409399999997,-0.009692477999999977,-0.137138918,,,,,,,
,0.13543779900000008,0.17652823050000005,0.45103977549999996,,,,,,,
,0.22181393699999996,-0.025254232500000084,0.26651148850000017,,,,,,,
,0.659602254,-1.256626219,-0.0017026460000001409,,,,,,,
,0.5337434169999998,-0.49487021950000004,0.3305474075000001,,,,,,,
,-0.06496264500000004,-0.0403783855,0.09821539050000005,,,,,,,
,-407.0,203.5,-2361.5,,,,,,,
,0.0,0.0,0.0,,,,,,,
,0.0,0.0,0.0,,,,,,,
,0.0,0.0,-1.0,,,,,,,
,0.0,0.0,0.0,,,,,,,
,0.0,0.0,0.0,,,,,,,
,-0.890519152,0.554740424,-2007.849866141,,,,,,,
,-0.3378470309999999,-0.03304177949999998,-0.10397518650000004,,,,,,,
,-0.7558313259999998,-0.47962257799999997,0.0003206310000001267,,,,,,,
,0.025196954999999965,0.7533720594999999,-1.0539913894999997,,,,,,,
,-0.14171076800000026,-0.33334617700000013,0.3808666089999999,,,,,,,
,-0.1358628030000002,-0.019960934499999805,0.12339934850000023,,,,,,,
,-0.17770404099999992,-0.0003788004999999428,-0.09724495849999992,,,,,,,
,0.3900872120000003,-0.3294452310000001,0.12244489700000005,,,,,,,
,0.08633292999999997,-0.04316646499999999,-0.0754052489999999,,,,,,,
,-2.696708585,-1.3931021264999999,3.4800927855,,,,,,,
,0.4419268159999999,0.587780073,0.8687741929999999,,,,,,,
,0.08653590100000004,-0.16456530850000003,0.2697075875,,,,,,,
,0.717924961,-1.4845491055,1.9333452604999997,,,,,,,
,1.022702921,0.5505865925000001,-0.9978316515,,,,,,,
,-0.22155443100000005,-0.16951637150000004,0.08397015750000003,,,,,,,
,0.07950116300000004,-0.11794878250000004,-0.4323289185000001,,,,,,,
,-1.2887794329999998,-0.3680760904999999,-0.07544432750000007,,,,,,,
,0.432768021,0.012049565500000026,0.11063900950000005,,,,,,,
,-0.9045529609999999,0.1884895815,0.5310291745,,,,,,,
,-0.6897057450000001,1.2527718774999999,0.6369896314999999,,,,,,,
,0.88323225,0.283725251,-0.26092779799999993,,,,,,,
,1.032855498,0.254049974,0.678504704,,,,,,,
,-0.2690955180000001,0.11026119000000001,-0.432632617,,,,,,,
,-33.0,16.5,-2627.5,,,,,,,
,0.0,0.0,0.0,,,,,,,
,0.0,0.0,0.0,,,,,,,
,0.0,0.0,-1.0,,,,,,,
,0.0,0.0,0.0,,,,,,,
,0.0,0.0,0.0,,,,,,,
,-1.218961696,0.390519152,-2009.904606565,,,,,,,
,-0.031803574,-0.21972439099999996,-0.28880048899999977,,,,,,,
,1.371558182,0.2789514299999999,0.308184059,,,,,,,
,-0.5412187669999999,-0.4187640994999998,-1.3120022955000001,,,,,,,
,-0.06915442699999952,0.11541752550000006,0.2754340114999998,,,,,,,
,-0.23212485799999993,0.5555241109999999,-0.06059448199999995,,,,,,,
,0.18073444299999997,0.3557868835,-0.09572975750000001,,,,,,,
,-0.24584734100000016,0.7949317945000001,0.1945648325,,,,,,,
,-0.0014646570000000914,0.30143292750000006,-0.032971112499999844,,,,,,,
,1.782285601,0.9358906344999999,3.0228812935,,,,,,,
,-1.6811243019999997,0.03752552900000006,0.24917544999999985,,,,,,,
,0.7596889379999999,0.39468970200000003,0.6928200069999999,,,,,,,
,-1.0054876520000002,0.4040081569999999,1.789563915,,,,,,,
,0.19661258999999998,-1.351687726,-0.3881738960000001,,,,,,,
,0.12166473399999989,-0.597046184,0.034025309000000004,,,,,,,
,0.4850138110000001,-0.3207051065,-0.15007143150000007,,,,,,,
,0.71669867,0.033981165000000035,-0.36148470899999996,,,,,,,
,-0.253453885,-0.5694515745,0.2002960775,,,,,,,
,0.32044731800000015,-0.03321515199999997,0.23897635299999997,,,,,,,
,-0.14370219499999992,0.04615527649999995,0.22028566150000017,,,,,,,
,-0.15709170999999988,0.650759608,0.10214247200000004,,,,,,,
,-1.1359544359999998,0.591563271,0.6269552350000002,,,,,,,
,0.654786414,0.611687469,-0.2397871690000002,,,,,,,
,171.0,-85.5,-2740.5,,,,,,,
,0.0,0.0,0.0,,,,,,,
,0.0,0.0,0.0,,,,,,,
,0.0,0.0,-1.0,,,,,,,
,0.0,0.0,0.0,,,,,,,
,0.0,0.0,0.0,,,,,,,
,-1.5838978570000002,0.2080510714999999,-2011.9411001815,,,,,,,
,-0.23253066200000028,-0.4559696710000001,0.385036264,,,,,,,
,1.9817996750000002,-0.0261693154999999,0.3970917894999997,,,,,,,
,-0.8838889069999998,0.5951385615,0.10554629250000014,,,,,,,
,0.6087433689999999,-0.18311121649999995,-0.0635148864999997,,,,,,,
,0.0006422400000001272,-1.0550291569999999,0.09104439700000011,,,,,,,
,0.21095544899999985,-1.3100938064999998,-0.025018640500000133,,,,,,,
,1.283893629,-1.7619603545,0.7704130415000003,,,,,,,
,1.118352598,0.2570110430000001,-0.034435768999999894,,,,,,,
,1.075731067,0.8958482035,2.0313455205,,,,,,,
,0.4633282000000001,0.465387993,-0.15194447,,,,,,,
,-1.050957677,-0.26169047250000005,-0.39970904249999994,,,,,,,
,3.2212574849999998,-1.1004944535,-1.2976136665,,,,,,,
,-2.8857558859999997,0.9078182459999999,-1.371718431,,,,,,,
,-0.02066054099999992,0.7415309305,0.08452740550000004,,,,,,,
,-0.073541839,0.7517258975,0.055664554500000074,,,,,,,
,1.026484458,-0.171535019,0.510106855,,,,,,,
,0.19719551200000007,0.32563602799999997,0.17216689099999993,,,,,,,
,0.4077579859999999,-0.29180796000000003,0.6030790050000001,,,,,,,
,0.6166108670000001,-0.14556523449999992,0.45673999749999994,,,,,,,
,-1.2647769990000002,-0.6248698865000001,-0.6087918825,,,,,,,
,0.22058284700000008,-0.3382899335,0.16926944050000015,,,,,,,
,-0.9543207680000001,-0.761454646,-0.38955434600000016,,,,,,,
,-29.0,14.5,-2760.5,,,,,,,
,0.0,0.0,0.0,,,,,,,
,0.0,0.0,0.0,,,,,,,
,0.0,0.0,-1.0,,,,,,,
,0.0,0.0,0.0,,,,,,,
,0.0,0.0,0.0,,,,,,,
,0.09480848099999983,1.0474042405,-2013.3572023245,,,,,,,
,0.30604345700000013,-0.18668261149999987,0.3853458155,,,,,,,
,-0.9529214519999998,0.40499920600000017,-0.885139492,,,,,,,
,-0.181413853,0.20560250650000023,-0.10887514849999969,,,,,,,
,-0.10032972600000001,0.737307516,0.5427874549999998,,,,,,,
,-0.5075536439999999,0.03404598099999989,0.045246639000000144,,,,,,,
,0.1327098309999999,-0.06635491549999994,0.10522898949999981,,,,,,,
,-0.09069422100000013,-0.0890545144999999,0.018642081499999907,,,,,,,
,-0.12845321100000007,-0.1505595365000001,-0.3556734174999998,,,,,,,
,-2.482735731,-0.3464111914999999,2.0036141335,,,,,,,
,-1.2195011189999998,0.48583018749999995,-1.9880439705000001,,,,,,,
,-0.3938462490000001,-0.7987260215,2.4053126205,,,,,,,
,0.02537397099999994,-0.4569974945,-0.2095867145000001,,,,,,,
,0.019251879,-0.0210798165,-0.9717829345,,,,,,,
,0.3423414699999998,-0.451464322,0.48602949900000003,,,,,,,
,-0.21150770900000004,-0.19586777649999992,-0.12940432449999995,,,,,,,
,-0.258708221,0.002795884500000012,-0.043977181500000295,,,,,,,
,-0.012273091999999819,-0.23317481900000003,-0.5876595309999999,,,,,,,
,-1.611284179,-0.24950550850000008,0.7550416595,,,,,,,
,-0.041431050999999885,0.10636826149999995,-0.26819100549999986,,,,,,,
,0.8296994229999998,-0.4873838495000001,0.7011087345,,,,,,,
,0.5067021020000002,-0.01749052299999998,-0.1176747739999997,,,,,,,
,0.561840879,-0.5561682244999999,-0.9852533635,,,,,,,
,340.0,-170.0,-2861.0,,,,,,,
,0.0,0.0,0.0,,,,,,,
,0.0,0.0,0.0,,,,,,,
,0.0,0.0,-1.0,,,,,,,
,0.0,0.0,0.0,,,,,,,
,0.0,0.0,0.0,,,,,,,
,-0.5620766069999998,0.7189616965000001,-2016.0140874135,,,,,,,
,0.13495308100000036,0.03350610650000019,0.33624747349999984,,,,,,,
,-2.9621479500000003,-0.09107946700000014,-0.09308234799999981,,,,,,,
,0.27741171600000003,-0.713183761,-0.19769230300000018,,,,,,,
,0.7246413369999998,0.3248219844999999,0.6031774665,,,,,,,
,-0.3518904660000002,0.351729906,-0.08457971599999992,,,,,,,
,0.13611903200000008,0.33347917800000004,0.14851859999999983,,,,,,,
,-1.3953574820000003,0.8320803660000001,0.7146811149999999,,,,,,,
,-0.5582347339999999,-0.32228383200000005,0.2456231630000001,,,,,,,
,0.9956609429999997,-0.1733870345000001,3.0670415254999996,,,,,,,
,-1.5424364,-0.050569531000000056,-0.6914985699999998,,,,,,,
,2.5347369960000004,0.3309768940000002,0.34218061700000013,,,,,,,
,-1.8075114119999998,0.8445143049999999,-0.59074063,,,,,,,
,2.7157958189999998,-0.7573874855,-1.4566984645,,,,,,,
,0.12449985500000005,0.1327369155,0.13644706250000005,,,,,,,
,-0.35180029700000004,-0.8630188034999999,-0.15700651350000006,,,,,,,
,-1.064530381,0.8613165775,0.4910838935,,,,,,,
,-0.37879905900000005,-0.49590119749999995,0.08136511749999997,,,,,,,
,1.010062806,-0.32917346999999997,1.311989401,,,,,,,
,-0.9437687860000001,0.16353454200000006,0.29316103800000004,,,,,,,
,0.598888734,-0.11407934899999994,-0.941736015,,,,,,,
,-0.3482581870000002,0.07978488249999999,0.10543177050000008,,,,,,,
,0.3729480970000001,-0.11361434050000008,-0.6802406815000002,,,,,,,
,-226.0,113.0,-3013.0,,,,,,,
,0.0,0.0,0.0,,,,,,,
,0.0,0.0,0.0,,,,,,,
,0.0,0.0,-1.0,,,,,,,
,0.0,0.0,0.0,,,,,,,
,0.0,0.0,0.0,,,,,,,
,-1.4744170079999999,0.26279149600000007,-2017.192981052,,,,,,,
,-0.9443620189999997,-0.2683584054999999,0.06185281350000005,,,,,,,
,-0.159379135,-0.3848103125,-0.29973391949999995,,,,,,,
,1.1532384430000002,-0.4234251145000001,-0.23372268149999997,,,,,,,
,-0.9992984589999996,-0.8746360765,0.1746238425000004,,,,,,,
,1.1472669109999998,-0.5296872874999999,0.45701990849999996,,,,,,,
,0.359574885,0.4894437145,-0.13598896650000003,,,,,,,
,-0.6523316309999998,0.4605674405000001,-0.043639607500000066,,,,,,,
,0.08256667100000015,0.7319467775,-0.07707914249999992,,,,,,,
,-0.320941787,0.3317552775,1.0308889185,,,,,,,
,2.05152712,0.3846459379999999,0.6201219069999999,,,,,,,
,0.19620578400000005,-0.29015704200000003,-0.15458638999999996,,,,,,,
,0.423673885,-0.3961435245,0.016513157499999986,,,,,,,
,-0.40126103699999993,0.41007284549999995,0.6005144275,,,,,,,
,-0.573989369,0.006701097499999975,0.4377216345,,,,,,,
,-0.10556625499999983,0.5554858465,-0.49833219149999985,,,,,,,
,-0.44715173099999983,0.8816786404999999,-0.6009820584999999,,,,,,,
,1.538983661,0.6446207805,0.32851306849999995,,,,,,,
,-1.6465499330000002,0.8330448525,0.21790312549999985,,,,,,,
,0.33316249399999975,0.030420047000000006,-0.015073844999999864,,,,,,,
,0.44715269599999996,0.501765029,0.07496453700000005,,,,,,,
,0.08663762100000005,0.4834363675,0.14799337150000003,,,,,,,
,0.252830048,0.845047745,-0.11579501299999984,,,,,,,
,504.0,-252.0,-2800.0,,,,,,,
,0.0,0.0,0.0,,,,,,,
,0.0,0.0,0.0,,,,,,,
,0.0,0.0,-1.0,,,,,,,
,0.0,0.0,0.0,,,,,,,
,0.0,0.0,0.0,,,,,,,
,-1.693378704,0.15331064800000005,-2019.11999382,,,,,,,
,-0.2606196169999999,-1.0814819615000002,-0.10738025349999991,,,,,,,
,0.07976545499999976,-0.4686518485000001,-0.06832231849999992,,,,,,,
,0.5192982589999997,0.8893066745,0.6025456695,,,,,,,
,-0.09692781100000047,1.3014887435,-0.37348929249999996,,,,,,,
,-0.06374654200000007,-0.3196960739999999,-0.06493990100000024,,,,,,,
,-0.04840341200000009,-0.46656780899999994,-0.025397441000000187,,,,,,,
,-0.10162560700000034,-0.5315942375,-0.4206182265,,,,,,,
,0.606841352,-0.818907418,0.26762486900000004,,,,,,,
,0.729218567,-0.3066082225000001,1.6555350045,,,,,,,
,3.4704018420000002,4.715180552,1.687426274,,,,,,,
,1.9383081160000002,1.3734011650000002,-0.5946915349999999,,,,,,,
,-0.36065298999999995,-0.464746541,0.04802360499999997,,,,,,,
,0.6102111079999999,-0.6945373819999999,0.704989463,,,,,,,
,0.21297954600000019,0.5881508550000001,0.12481763300000004,,,,,,,
,-0.7790939519999999,0.6129704060000001,0.4416749190000001,,,,,,,
,-0.617300195,-0.7291273555,-1.1332080214999998,,,,,,,
,-0.19463540000000012,-2.208773636,1.000687199,,,,,,,
,2.1709528220000003,-0.401584449,0.15769835899999984,,,,,,,
,1.2461506289999997,1.0043266754999998,-0.3064081165000001,,,,,,,
,-2.449549007,1.0232907875000001,0.9308637955,,,,,,,
,-0.22297104300000026,-1.2879536085,0.07982666049999998,,,,,,,
,0.11690133899999977,-1.4104030225000002,0.06907068050000009,,,,,,,
,-299.0,149.5,-2798.5,,,,,,,
,0.0,0.0,0.0,,,,,,,
,0.0,0.0,0.0,,,,,,,
,0.0,0.0,-1.0,,,,,,,
,0.0,0.0,0.0,,,,,,,
,0.0,0.0,0.0,,,,,,,
,-2.109480848,0.945259576,-2021.61999382,,,,,,,
,0.2263396310000001,1.1322828365000002,0.14414771049999997,,,,,,,
,0.5386281950000003,0.9812625045000001,-0.18888472950000001,,,,,,,
,-0.6339401829999998,1.3127317884999998,0.2763782674999997,,,,,,,
,-0.599498513,0.8252112845000001,0.16121759349999998,,,,,,,
,0.855098691,0.1876970095,0.11502963049999981,,,,,,,
,-0.21474344899999986,0.8658337025,-0.15659207149999999,,,,,,,
,1.083958106,0.891638278,0.47703231299999993,,,,,,,
,-0.1804076160000001,1.679621263,-0.21107712600000017,,,,,,,
,-1.2507934090000004,0.9407774755,1.0394910824999999,,,,,,,
,4.213446476,-2.833940158,-3.218823657,,,,,,,
,0.288078203,-0.5799514805,0.011240315499999987,,,,,,,
,1.7779896510000002,-2.8867465255,-1.2332455555,,,,,,,
,1.065829045,-0.12384747549999997,-0.05220571949999997,,,,,,,
,-0.772824806,0.13049217199999996,0.36179957800000007,,,,,,,
,0.21346215199999996,-0.039704046999999965,-0.10682930999999996,,,,,,,
,-0.44166941800000004,-0.19680743700000003,0.35150952400000013,,,,,,,
,0.674395868,0.598291948,-0.438201692,,,,,,,
,-0.8174502889999999,1.3564040065,0.9470235895000001,,,,,,,
,0.00833533700000011,-0.2953869725,-0.056178274500000125,,,,,,,
,-0.132734727,-0.11899765450000005,-0.10031934350000005,,,,,,,
,0.23341454500000003,0.04053307950000007,-0.057729255499999965,,,,,,,
,0.4324365459999999,0.350468342,0.020199851999999963,,,,,,,
,-20.0,10.0,-2705.0,,,,,,,
,0.0,0.0,0.0,,,,,,,
,0.0,0.0,0.0,,,,,,,
,0.0,0.0,-1.0,,,,,,,
,0.0,0.0,0.0,,,,,,,
,0.0,0.0,0.0,,,,,,,
,-1.0,0.5,-1990.532521522,,,,,,,
,0.0,0.0,-0.258120463,,,,,,,
,0.0,0.0,0.46417367699999995,,,,,,,
,0.0,0.0,0.3940472,,,,,,,
,0.0,0.0,-0.32750522800000004,,,,,,,
,0.0,0.0,-0.113552607,,,,,,,
,0.0,0.0,-0.08625975399999997,,,,,,,
,0.0,0.0,-0.04854966199999999,,,,,,,
,0.0,0.0,0.305351181,,,,,,,
,0.0,0.0,0.02791613500000001,,,,,,,
,0.0,0.0,-0.37454843800000004,,,,,,,
,0.0,0.0,0.19404069200000007,,,,,,,
,0.0,0.0,0.03773716100000002,,,,,,,
,0.0,0.0,-0.04589312699999992,,,,,,,
,0.0,0.0,0.012622857000000015,,,,,,,
,0.0,0.0,-0.002800152,,,,,,,
,0.0,0.0,0.40733326299999995,,,,,,,
,0.0,0.0,-0.72327302,,,,,,,
,0.0,0.0,1.336208964,,,,,,,
,0.0,0.0,-0.606440914,,,,,,,
,0.0,0.0,-0.6161335219999999,,,,,,,
,0.0,0.0,-0.8024085820000001,,,,,,,
,0.0,0.0,0.09699155499999979,,,,,,,
,892.0,-446.0,-2414.0,,,,,,,
,0.0,0.0,0.0,,,,,,,
,0.0,0.0,0.0,,,,,,,
,0.0,0.0,1.0,,,,,,,
,0.0,0.0,0.0,,,,,,,
,0.0,0.0,0.0,,,,,,,
,-1.0,0.5,-1993.532521522,,,,,,,
,0.47125235499999996,0.23562617749999998,0.44875806949999997,,,,,,,
,-0.14840840500000002,-0.17591111750000002,0.1416826095,,,,,,,
,0.836268351,0.2329407805,0.45867570049999995,,,,,,,
,-0.25616740699999996,0.7343860444999999,0.1268611945,,,,,,,
,0.0,0.0,-0.113552607,,,,,,,
,-0.797016586,0.309277472,-0.16602057200000003,,,,,,,
,0.40757742899999994,0.3786183265,0.044886474499999995,,,,,,,
,-0.34700561399999996,0.517160635,-0.08649479100000002,,,,,,,
,-0.6264696719999999,0.31323483599999996,-1.00128404,,,,,,,
,-0.13941041799999998,-0.06970520899999999,-0.404305632,,,,,,,
,-0.532517079,-0.18860655249999997,0.03680001549999995,,,,,,,
,-0.21731047900000006,-0.0460306415,-0.15915026449999992,,,,,,,
,1.489072656,0.662654312,0.523808632,,,,,,,
,0.0,0.0,0.012622857000000015,,,,,,,
,-0.06981908999999997,0.303017662,0.04253601499999998,,,,,,,
,0.5864752360000001,0.13706035100000002,0.287611952,,,,,,,
,0.22226996000000004,0.25870985700000004,-0.08526291,,,,,,,
,0.024179850999999974,-0.012089925499999987,0.5503637935,,,,,,,
,-0.2912193030000001,-0.14560965150000005,-1.7627528545,,,,,,,
,0.76574149,0.608429136,-0.05060143600000011,,,,,,,
,-1.7080375190000001,0.3901597215,-0.6029946985000001,,,,,,,
,0.035433418999999744,-0.8272690165000001,-0.3739917555000001,,,,,,,
,-395.0,197.5,-3265.5,,,,,,,
,0.0,0.0,0.0,,,,,,,
,0.0,0.0,0.0,,,,,,,
,0.0,0.0,1.0,,,,,,,
,0.0,0.0,0.0,,,,,,,
,0.0,0.0,0.0,,,,,,,
,-1.0,0.5,-1995.532521522,,,,,,,
,-0.471252355,-0.2356261775,0.5834015995,,,,,,,
,0.17598700700000003,-0.6239549035,0.08119181949999998,,,,,,,
,-0.568178663,-0.0988959365,0.24803380249999998,,,,,,,
,-0.31215580600000004,-0.53106475,0.15389450800000004,,,,,,,
,0.0,0.0,-0.113552607,,,,,,,
,-0.13308863199999998,0.02192890500000011,-0.025018641000000175,,,,,,,
,-0.17810902800000017,-0.045347110999999884,0.1552299829999999,,,,,,,
,0.4752495899999999,-0.32353925200000005,-0.14371197000000024,,,,,,,
,0.2684870020000001,-0.13424350100000004,0.699133641,,,,,,,
,0.303278805,0.1516394025,-0.2897608145,,,,,,,
,-1.79987197,0.518354713,-0.620836416,,,,,,,
,-0.871237802,0.613343105,-0.55419317,,,,,,,
,1.013996022,0.278410719,0.13942782600000003,,,,,,,
,0.0,0.0,0.012622857000000015,,,,,,,
,-0.09039312799999999,0.07871007899999993,0.0016235370000000637,,,,,,,
,0.5018160519999999,-0.541991946,-0.203153744,,,,,,,
,0.176943515,-0.5018277515,0.14360418450000006,,,,,,,
,-0.012089925999999918,0.006044962999999959,-0.32615581900000007,,,,,,,
,-0.6595260700000001,-0.32976303500000004,0.040237245000000005,,,,,,,
,-0.93673727,0.17823208399999996,-0.22817551100000005,,,,,,,
,-0.22547481200000002,0.183495565,-0.30513073900000004,,,,,,,
,1.6501801770000002,1.4173698025,-0.3385459344999999,,,,,,,
,96.0,-48.0,-3289.0,,,,,,,
,0.0,0.0,0.0,,,,,,,
,0.0,0.0,0.0,,,,,,,
,0.0,0.0,1.0,,,,,,,
,0.0,0.0,0.0,,,,,,,
,0.0,0.0,0.0,,,,,,,
,-1.0,0.5,-1997.532521522,,,,,,,
,-0.1683044130000001,-0.08415220650000005,0.6675538055,,,,,,,
,0.478289181,-0.1676830705,-0.1982546685,,,,,,,
,-0.38928450700000006,-0.3798356495,-0.3738131075,,,,,,,
,-0.825931949,-0.6379580825,-0.4292762835,,,,,,,
,0.0,0.0,-0.113552607,,,,,,,
,0.268828863,0.2671242625,-0.038424543499999964,,,,,,,
,0.35731119400000005,0.134948194,-0.039257984999999995,,,,,,,
,-0.257534135,-0.17193353249999999,-0.1253719055,,,,,,,
,0.0,0.0,0.02791613500000001,,,,,,,
,0.20218587000000002,0.10109293500000001,-0.029691086000000033,,,,,,,
,-0.504260089,0.1384137715,-0.33721771149999996,,,,,,,
,-0.38769851199999994,-0.08425621099999997,0.010389015000000001,,,,,,,
,0.494290203,0.08338107149999999,-0.39921613749999996,,,,,,,
,0.0,0.0,0.012622857000000015,,,,,,,
,-0.17892488200000006,-0.06693396100000001,-0.03091275600000004,,,,,,,
,-0.25852031,0.24316255900000006,0.487363957,,,,,,,
,-0.146125434,-0.22063759400000005,-0.279024304,,,,,,,
,0.13298918299999996,-0.06649459149999998,-0.4954147785000001,,,,,,,
,-0.8907884580000001,-0.44539422900000003,-0.495092357,,,,,,,
,-1.1136333809999999,-1.3613082825,-0.4062028154999999,,,,,,,
,-0.260999855,-1.1038368335,-0.14006722649999997,,,,,,,
,0.819781278,-1.4380220700000002,0.39534754900000013,,,,,,,
,-149.0,74.5,-3148.5,,,,,,,
,0.0,0.0,0.0,,,,,,,
,0.0,0.0,0.0,,,,,,,
,0.0,0.0,1.0,,,,,,,
,0.0,0.0,0.0,,,,,,,
,0.0,0.0,0.0,,,,,,,
,-1.0,0.5,-1999.532521522,,,,,,,
,-0.572235002,-0.286117501,0.36460586300000003,,,,,,,
,1.161820648,-0.402256524,0.081191819,,,,,,,
,0.832488809,0.11993497149999999,-0.028496442500000052,,,,,,,
,-0.17676842300000017,-0.8008592215,-0.1358698195,,,,,,,
,0.0,0.0,-0.113552607,,,,,,,
,0.5289453230000001,-0.4875497135,-0.040318543499999915,,,,,,,
,0.12784279300000007,-0.1983230215,-0.025056252499999987,,,,,,,
,-0.04212028199999995,-0.193726002,0.027175379,,,,,,,
,0.044747833999999986,-0.022373916999999993,-0.08395344899999999,,,,,,,
,0.262515525,0.1312577625,-0.3199256415,,,,,,,
,-0.3149410330000001,0.04122721449999994,-0.012902239500000023,,,,,,,
,-0.07801885900000005,0.14103628750000002,-0.01762207150000006,,,,,,,
,-0.9802861469999999,0.5163233644999999,-0.22758249649999995,,,,,,,
,0.0,0.0,0.012622857000000015,,,,,,,
,1.124562651,-0.3388578955,0.2413834535,,,,,,,
,0.30657485500000003,-0.2671898305,-0.0437263165,,,,,,,
,0.384962675,0.3514081285,0.17671167749999994,,,,,,,
,1.124363089,-0.5621815445,0.12117143150000004,,,,,,,
,-0.453959503,-0.2269797515,-0.37089588949999996,,,,,,,
,-1.091590472,-0.147308746,-0.27091946699999997,,,,,,,
,-0.9023655350000002,-0.5866035545000001,-0.7417252835,,,,,,,
,-1.212500973,-0.21139734349999995,0.2273592444999999,,,,,,,
,-3.0,1.5,-3185.5,,,,,,,
,0.0,0.0,0.0,,,,,,,
,0.0,0.0,0.0,,,,,,,
,0.0,0.0,1.0,,,,,,,
,0.0,0.0,0.0,,,,,,,
,0.0,0.0,0.0,,,,,,,
,-1.0,0.5,-2001.532521522,,,,,,,
,0.06732176499999999,0.033660882499999996,-0.022494285500000002,,,,,,,
,0.8703374259999999,0.6724848489999999,0.5274071499999999,,,,,,,
,-0.0012598470000000361,-0.037668602499999926,0.09458814849999997,,,,,,,
,0.820089007,0.5600392425,-0.20380373249999995,,,,,,,
,0.0,0.0,-0.113552607,,,,,,,
,-0.266177263,0.04385781049999998,-0.0843657545,,,,,,,
,-0.12456337899999997,0.3310849385,-0.02013712949999996,,,,,,,
,0.21687850899999997,-0.3232253965,0.1116251795,,,,,,,
,-0.044747833999999986,0.022373916999999993,0.050290051999999974,,,,,,,
,0.17365157399999998,0.08682578699999999,-0.360281289,,,,,,,
,-0.691823893,-0.3641830024999999,0.33895409150000005,,,,,,,
,1.450863445,0.7737048495000001,0.8003828855,,,,,,,
,-0.019983253000000034,-0.0014622504999999841,0.19735447549999996,,,,,,,
,0.0,0.0,0.012622857000000015,,,,,,,
,0.13638370099999975,1.1382946745,-0.019603443500000095,,,,,,,
,0.8918751720000002,0.794333028,-0.548768801,,,,,,,
,-0.13111587600000008,0.99017003,0.353919324,,,,,,,
,-0.423147399,0.2115736995,0.3267001685,,,,,,,
,-0.745178806,-0.372589403,-0.37089588900000003,,,,,,,
,-1.0236684520000003,-1.970445151,-0.6566608870000001,,,,,,,
,2.343579667,-0.2755198285,-0.46236162549999993,,,,,,,
,-0.543632154,-0.642978031,0.523623139,,,,,,,
,513.0,-256.5,-3116.5,,,,,,,
,0.0,0.0,0.0,,,,,,,
,0.0,0.0,0.0,,,,,,,
,0.0,0.0,1.0,,,,,,,
,0.0,0.0,0.0,,,,,,,
,0.0,0.0,0.0,,,,,,,
,-1.0,0.5,-2003.532521522,,,,,,,
,0.0,0.0,0.07848836199999999,,,,,,,
,0.0,0.0,0.512703623,,,,,,,
,0.0,0.0,-0.219989077,,,,,,,
,0.0,0.0,-0.400542013,,,,,,,
,0.0,0.0,-0.113552607,,,,,,,
,0.0,0.0,-0.08436575400000002,,,,,,,
,0.0,0.0,0.30876153199999995,,,,,,,
,0.0,0.0,0.046561626999999994,,,,,,,
,0.0,0.0,-0.374814368,,,,,,,
,-0.14022568400000002,-0.07011284200000001,-0.360688922,,,,,,,
,0.06325433700000005,-0.22873537450000003,-0.015746204499999972,,,,,,,
,0.637664906,0.22750491499999997,0.206670682,,,,,,,
,-0.263471479,0.06955754850000001,0.13409737450000003,,,,,,,
,0.0,0.0,0.012622857000000015,,,,,,,
,0.0,0.0,0.04858840699999997,,,,,,,
,0.0,0.0,-0.102831215,,,,,,,
,0.0,0.0,0.288361386,,,,,,,
,0.0,0.0,0.11512646899999998,,,,,,,
,0.0,0.0,-0.743485292,,,,,,,
,0.0,0.0,-1.168495113,,,,,,,
,0.0,0.0,0.7094282080000001,,,,,,,
,0.0,0.0,0.25180706199999997,,,,,,,
,-166.0,83.0,-3236.0,,,,,,,
,0.0,0.0,0.0,,,,,,,
,0.0,0.0,0.0,,,,,,,
,0.0,0.0,1.0,,,,,,,
,0.0,0.0,0.0,,,,,,,
,0.0,0.0,0.0,,,,,,,
,-1.0,0.5,-2005.532521522,,,,,,,
,0.10098264699999998,0.05049132349999999,0.26362321549999995,,,,,,,
,-0.385724541,-0.05725305050000001,0.0825252165,,,,,,,
,-0.32578902500000007,0.3926856735,-0.9586213395000001,,,,,,,
,-0.04334162699999997,-0.05916949849999999,0.4986863485,,,,,,,
,0.0,0.0,-0.113552607,,,,,,,
,0.358817284,0.400591694,-0.08531275400000005,,,,,,,
,0.38899407300000005,-0.37369920349999997,0.24757298150000007,,,,,,,
,0.515695978,0.214681524,-0.383324513,,,,,,,
,-0.715965339,0.3579826695,0.6096379735000002,,,,,,,
,0.23479649400000002,0.11739824700000001,-0.349275204,,,,,,,
,-0.43793980899999996,-0.36856417249999995,-0.01073176549999999,,,,,,,
,0.31670908799999997,-0.12215146500000001,-0.3868167700000001,,,,,,,
,0.18653457299999993,0.09326728649999996,0.1655688085,,,,,,,
,0.0,0.0,0.012622857000000015,,,,,,,
,0.48194254400000003,0.04947918800000001,0.07888958800000001,,,,,,,
,-0.260368415,-0.5026069215,-0.04858194350000003,,,,,,,
,0.36942485299999994,-0.3261236875,-0.050536588500000035,,,,,,,
,0.253888439,-0.1269442195,0.2420706885,,,,,,,
,0.6680913430000001,0.33404567150000003,-0.38374379950000004,,,,,,,
,-0.7324226259999999,-0.576732477,-0.024363818999999953,,,,,,,
,1.4117268330000001,-0.46214087150000005,0.022530874500000034,,,,,,,
,0.07246278799999997,0.020437268000000022,0.11688305599999999,,,,,,,
,233.0,-116.5,-3002.5,,,,,,,
,0.0,0.0,0.0,,,,,,,
,0.0,0.0,0.0,,,,,,,
,0.0,0.0,1.0,,,,,,,
,0.0,0.0,0.0,,,,,,,
,0.0,0.0,0.0,,,,,,,
,-1.0,0.5,-2007.532521522,,,,,,,
,-0.875182945,-0.4375914725,0.3814363045,,,,,,,
,0.48278443,0.580415266,0.07338294199999995,,,,,,,
,-1.125018698,0.14122555400000003,-0.03416575700000002,,,,,,,
,0.110535469,0.9552361675,0.4538839855,,,,,,,
,0.0,0.0,-0.113552607,,,,,,,
,0.13611903199999997,0.333479178,-0.15280407100000004,,,,,,,
,0.066663311,0.9074797175,-0.10591222849999998,,,,,,,
,-0.47294798699999996,-0.15014106250000003,-0.18928465650000004,,,,,,,
,0.3132348359999999,-0.15661741799999995,0.5872640570000001,,,,,,,
,0.30817039900000004,0.15408519950000002,-0.33949201650000005,,,,,,,
,1.150384569,0.2839973335,0.16803371150000002,,,,,,,
,-0.7221399550000001,-0.5489437694999999,0.26638689849999997,,,,,,,
,-0.49345892299999994,-0.4241404945,0.18718933150000006,,,,,,,
,0.0,0.0,0.012622857000000015,,,,,,,
,-0.23896883300000005,0.4099348755,0.2000972385,,,,,,,
,-0.321799424,0.211523002,0.103287928,,,,,,,
,0.06716323400000002,-0.011826037999999983,0.06508903800000002,,,,,,,
,-0.24179851400000002,0.12089925700000001,0.15139624599999996,,,,,,,
,1.8672296519999998,0.9336148259999999,-1.300228078,,,,,,,
,1.1509402130000002,-0.4545798765,0.5549053395,,,,,,,
,0.18536866000000007,-0.7452317900000001,-0.06100069599999999,,,,,,,
,-0.5230005590000002,-1.4223685195,-0.29235845250000014,,,,,,,
,23.0,-11.5,-3134.5,,,,,,,
,0.0,0.0,0.0,,,,,,,
,0.0,0.0,0.0,,,,,,,
,0.0,0.0,1.0,,,,,,,
,0.0,0.0,0.0,,,,,,,
,0.0,0.0,0.0,,,,,,,
,-1.0,0.5,-2009.532521522,,,,,,,
,-0.1683044130000001,-0.08415220650000005,0.6675538055,,,,,,,
,-0.22352683400000004,-0.281274943,0.1380257,,,,,,,
,-0.610256733,-0.23105100850000002,0.3701100935,,,,,,,
,0.516697615,0.14585275250000002,-0.15924159049999995,,,,,,,
,0.0,0.0,-0.113552607,,,,,,,
,-0.04461541000000001,-0.022307705000000004,0.029824372999999987,,,,,,,
,0.04698681800000004,0.110908216,0.07001052299999999,,,,,,,
,-0.5161144520000001,-0.12855783000000004,0.21870439599999994,,,,,,,
,-0.268487002,0.134243501,-0.19582303299999998,,,,,,,
,-0.962013415,-0.4810067075,0.020040115499999955,,,,,,,
,-0.581721551,0.4639622125,-0.2844455825,,,,,,,
,-0.05577917700000001,-0.19097447749999996,0.8910345035,,,,,,,
,0.8681886289999999,-0.23119705949999997,-0.41641310449999996,,,,,,,
,0.0,0.0,0.012622857000000015,,,,,,,
,0.415008583,0.0047479675000000054,0.3365245485,,,,,,,
,-0.17672724100000006,-0.3166227025,-0.20577721850000008,,,,,,,
,-0.625249359,-0.1877536295,-0.12693170950000005,,,,,,,
,0.797935096,-0.398967548,0.33274513099999997,,,,,,,
,0.20556656700000003,0.10278328350000002,-0.5893103665,,,,,,,
,0.48956069399999996,0.440264286,-0.31035342099999996,,,,,,,
,0.619294045,0.33503841949999996,-0.09224501749999997,,,,,,,
,0.35636013,-0.137702449,0.091091496,,,,,,,
,-25.0,12.5,-3271.5,,,,,,,
,0.0,0.0,0.0,,,,,,,
,0.0,0.0,0.0,,,,,,,
,0.0,0.0,1.0,,,,,,,
,0.0,0.0,0.0,,,,,,,
,0.0,0.0,0.0,,,,,,,
,-1.0,0.5,-2011.532521522,,,,,,,
,0.53857412,0.26928706,0.583401599,,,,,,,
,-1.477912124,0.34591770099999986,-0.8803768499999999,,,,,,,
,-0.06777812,0.225381694,0.032352515,,,,,,,
,-0.501609814,0.574166156,0.636255131,,,,,,,
,0.0,0.0,-0.113552607,,,,,,,
,-0.13346743100000003,-0.022497105500000003,0.028498572499999986,,,,,,,
,0.265523834,0.0016397079999999897,0.008821972000000011,,,,,,,
,0.38870742299999994,-0.23731093949999998,-0.4470280274999999,,,,,,,
,-0.17899133499999997,0.08949566749999999,0.20690747050000002,,,,,,,
,-0.324475711,-0.1622378555,-0.30198979849999996,,,,,,,
,-0.34212624299999994,0.09272524450000003,0.18941849150000012,,,,,,,
,0.00716629000000002,-0.11383797500000004,0.10901969699999997,,,,,,,
,0.430929692,0.16087683599999997,0.03992519499999991,,,,,,,
,0.0,0.0,0.012622857000000015,,,,,,,
,0.43204308500000005,-0.6963819185,-0.024537548500000006,,,,,,,
,-0.2449559349999999,-0.20657341949999997,-0.04959995149999996,,,,,,,
,-0.29319911800000004,-0.419045486,-0.14248306800000005,,,,,,,
,-1.0639134600000002,0.5319567300000001,1.046050747,,,,,,,
,0.01713054700000005,0.008565273500000026,-1.3687502674999998,,,,,,,
,0.7219935909999999,0.09032672750000004,0.4385596775000001,,,,,,,
,0.03020565100000004,-0.07799896550000002,0.3746617845,,,,,,,
,1.14944024,-0.39661861200000004,-0.6989620939999999,,,,,,,
,-97.0,48.5,-3462.5,,,,,,,
,0.0,0.0,0.0,,,,,,,
,0.0,0.0,0.0,,,,,,,
,0.0,0.0,1.0,,,,,,,
,0.0,0.0,0.0,,,,,,,
,0.0,0.0,0.0,,,,,,,
,-1.0,0.5,-2013.532521522,,,,,,,
,0.37026970800000003,0.18513485400000002,0.36460586300000003,,,,,,,
,-1.832401153,-0.4415683055,0.05734601649999993,,,,,,,
,0.7201129239999999,0.13782438699999996,0.16828712999999995,,,,,,,
,-0.3978781740000001,0.401039868,0.4626484,,,,,,,
,0.0,0.0,-0.113552607,,,,,,,
,0.26655606200000004,0.0005681999999999909,0.095421688,,,,,,,
,0.12237710099999999,-0.4195928835,-0.2332084525,,,,,,,
,0.43438472800000005,-0.775636335,0.08941423700000006,,,,,,,
,-0.447478337,0.2237391685,0.027916135499999994,,,,,,,
,0.177727902,0.088863951,-0.372102641,,,,,,,
,0.04704518599999996,0.073767996,0.03794891299999992,,,,,,,
,0.811345285,-0.06009780149999999,0.2322027765,,,,,,,
,0.5697823799999999,1.3186516320000001,0.09229278500000004,,,,,,,
,0.0,0.0,0.012622857000000015,,,,,,,
,0.5917928859999999,0.32968916299999995,-0.20942029100000004,,,,,,,
,-0.6643367319999999,-0.212032006,0.6279800609999999,,,,,,,
,0.44130225900000003,-0.18801776150000002,-0.19949323349999995,,,,,,,
,-0.5682265070000001,0.28411325350000005,0.6773080135,,,,,,,
,-0.745178806,-0.372589403,-0.859116486,,,,,,,
,2.4473383049999997,1.1860760875,-0.2709333695,,,,,,,
,-0.20817857399999995,-0.49342405,-0.24934937,,,,,,,
,1.853668055,-0.6920638585000001,-0.6818159584999999,,,,,,,
,113.0,-56.5,-3612.5,,,,,,,
,0.0,0.0,0.0,,,,,,,
,0.0,0.0,0.0,,,,,,,
,0.0,0.0,1.0,,,,,,,
,0.0,0.0,0.0,,,,,,,
,0.0,0.0,0.0,,,,,,,
,-1.0,0.5,-2015.532521522,,,,,,,
,-0.504913237,-0.2524566185,0.8695191005,,,,,,,
,-0.8877836360000002,-0.34218490300000004,-0.22350975699999998,,,,,,,
,1.243693822,0.02922804499999998,-0.0030479400000000823,,,,,,,
,-0.6150667550000001,-0.4200294315,-0.05795097850000008,,,,,,,
,0.0,0.0,-0.113552607,,,,,,,
,0.44047210299999995,-0.4433131035,-0.2611227955,,,,,,,
,-1.292656876,-0.384084019,-0.017404282999999965,,,,,,,
,-0.25690642399999997,-0.301119073,0.09098351199999999,,,,,,,
,0.089495667,-0.0447478335,-0.15107519949999998,,,,,,,
,-0.022827437000000006,-0.011413718500000003,-0.36802631250000006,,,,,,,
,0.28452112799999996,-0.03359834699999997,-0.12384410400000001,,,,,,,
,0.42868854100000003,-0.1666220305,-0.1611267514999999,,,,,,,
,-1.521729413,-0.7608647065,0.8107104195,,,,,,,
,0.0,0.0,0.012622857000000015,,,,,,,
,-0.615065915,-0.2286832755,0.18529346150000003,,,,,,,
,-1.129203322,-0.14412440399999993,-0.2897942149999999,,,,,,,
,0.06339730899999996,-0.18398770450000002,-0.1513966845,,,,,,,
,0.713305616,-0.356652808,0.689397939,,,,,,,
,0.8650926369999999,0.43254631849999997,-1.5100772825,,,,,,,
,1.5198174210000002,0.3764594465000001,0.21782816149999995,,,,,,,
,0.14501043699999983,-0.30836574549999995,0.2557023154999998,,,,,,,
,-0.017977189000000005,-0.08006215950000006,0.3250388835,,,,,,,
,674.0,-337.0,-3237.0,,,,,,,
,0.0,0.0,0.0,,,,,,,
,0.0,0.0,0.0,,,,,,,
,0.0,0.0,1.0,,,,,,,
,0.0,0.0,0.0,,,,,,,
,0.0,0.0,0.0,,,,,,,
,-1.0,0.5,-2017.532521522,,,,,,,
,-0.94250471,-0.471252355,0.24679277400000002,,,,,,,
,0.03755921500000001,0.0526819125,0.24015178450000002,,,,,,,
,0.5550770909999999,0.8331187325,0.18000413549999972,,,,,,,
,-1.012464487,0.5062322435,0.06330948950000004,,,,,,,
,0.0,0.0,-0.113552607,,,,,,,
,-0.404569096,-0.55617743,-0.06319444900000004,,,,,,,
,-0.9156873259999999,-1.244576918,-0.5369830659999999,,,,,,,
,-0.38556887300000003,-0.4086167625,-0.40438465349999997,,,,,,,
,0.0,0.0,0.16215963700000002,,,,,,,
,-0.313877259,-0.1569386295,-0.19070604349999998,,,,,,,
,0.157639871,-0.0308063985,-0.014925434499999835,,,,,,,
,1.844658208,-0.721566577,-0.74240081,,,,,,,
,0.0,0.0,1.1578434,,,,,,,
,0.0,0.0,0.012622857000000015,,,,,,,
,0.781982007,0.3909910035,-0.9741336635,,,,,,,
,-1.8240676469999997,0.2412752265,0.21555386449999991,,,,,,,
,0.2498774490000002,-1.4302734435,-0.3515181514999999,,,,,,,
,0.0,0.0,0.29647535399999997,,,,,,,
,1.62740199,0.813700995,-1.146053153,,,,,,,
,0.04102426700000006,3.9527467394999998,-0.39388709649999987,,,,,,,
,-2.706222825,-0.9976318465,1.9121320795,,,,,,,
,1.721559703,-0.8607798515,-0.19884647849999992,,,,,,,
,-126.0,63.0,-3103.0,,,,,,,
,0.0,0.0,0.0,,,,,,,
,0.0,0.0,0.0,,,,,,,
,0.0,0.0,1.0,,,,,,,
,0.0,0.0,0.0,,,,,,,
,0.0,0.0,0.0,,,,,,,
,-2.0,1.0,-2020.032521522,,,,,,,
,0.13464353,0.067321765,0.34777542199999995,,,,,,,
,-0.08890773100000005,0.2945691855,-0.06954009849999998,,,,,,,
,-0.519801355,0.22160215049999998,0.4178574785,,,,,,,
,-1.027071843,0.31143514149999996,-0.6739980265000001,,,,,,,
,0.0,0.0,-0.113552607,,,,,,,
,-0.394720292,0.59889884,-0.10288545800000001,,,,,,,
,-0.0775765599999999,0.441993154,0.10170247100000003,,,,,,,
,0.126570083,0.5381161575,0.022676791500000015,,,,,,,
,-0.626469672,0.313234836,-0.33006653399999997,,,,,,,
,-0.334258899,-0.1671294495,-0.1552419895,,,,,,,
,-0.070262031,0.08819861050000002,-0.3695525445000001,,,,,,,
,0.024493991000000048,-0.04515888549999997,-0.2508777004999999,,,,,,,
,0.862888476,-0.9059620119999999,0.0012882309999999453,,,,,,,
,0.0,0.0,0.012622857000000015,,,,,,,
,0.45410914700000005,0.7001526645,0.055942298500000015,,,,,,,
,-1.002723552,0.627920002,0.055914798000000016,,,,,,,
,-0.860903079,0.9090742695,0.2978168025000001,,,,,,,
,-1.136453015,0.5682265075,0.48991416549999994,,,,,,,
,-0.11134855800000004,-0.05567427900000002,-0.67924574,,,,,,,
,0.7619285360000001,-0.679160167,0.06004066000000008,,,,,,,
,0.10385614699999995,-0.4135808825,-0.36613435650000004,,,,,,,
,1.825850548,-0.524340166,0.06417946399999996,,,,,,,
,599.0,-299.5,-3014.5,,,,,,,
,0.0,0.0,0.0,,,,,,,
,0.0,0.0,0.0,,,,,,,
,0.0,0.0,1.0,,,,,,,
,0.0,0.0,0.0,,,,,,,
,0.0,0.0,0.0,,,,,,,
,-1.598570223,1.2007148884999999,-1994.3427172585,,,,,,,
,-0.04201877399999998,0.8961923319999999,0.401826588,,,,,,,
,-0.8832883880000001,0.405913433,0.160957275,,,,,,,
,1.368668184,0.388024659,0.1327598459999999,,,,,,,
,-0.593655569,0.9031301254999999,-0.18747601150000004,,,,,,,
,-0.21602766100000004,0.3716908405,0.006213000499999982,,,,,,,
,-0.220425451,0.1994435465,0.030771373500000004,,,,,,,
,-0.04807995599999998,-0.155162188,-0.05291314799999999,,,,,,,
,0.21373995999999998,0.322702306,0.19555188899999998,,,,,,,
,-1.9157462509999998,-0.37615128749999993,1.0329077545,,,,,,,
,1.63775665,-1.159659349,-1.023256165,,,,,,,
,1.12049995,-0.37956745199999997,-0.11434476500000001,,,,,,,
,-1.327190194,-0.137809415,0.16113612300000002,,,,,,,
,1.052913417,-0.09448190749999996,-0.37358569550000004,,,,,,,
,0.1571102710000002,0.04331164149999994,-0.11744784850000012,,,,,,,
,0.4168699589999999,-0.21960615049999993,-0.2655058954999999,,,,,,,
,-0.7714414460000002,0.335097433,0.3517913899999998,,,,,,,
,0.29464856100000003,0.12462045249999998,-0.15656448050000005,,,,,,,
,0.3626977709999999,-0.18134888549999995,0.45843762050000014,,,,,,,
,-0.17437831099999967,-0.03272467550000002,0.13665535049999988,,,,,,,
,0.5393322520000001,0.036589121999999974,0.12780157100000022,,,,,,,
,0.3671076999999998,0.21740904699999997,-0.3670559590000002,,,,,,,
,-0.6470051189999999,0.02396820650000009,0.05093637849999988,,,,,,,
,74.0,-37.0,-2782.0,,,,,,,
,0.0,0.0,0.0,,,,,,,
,0.0,0.0,0.0,,,,,,,
,0.0,0.0,0.0,,,,,,,
,0.0,0.0,-1.0,,,,,,,
,0.0,0.0,0.0,,,,,,,
,-0.5620766070000001,0.7189616965,-1996.8244704505,,,,,,,
,-0.202584398,-0.03335133100000001,-0.08919694800000003,,,,,,,
,0.930828216,0.499316413,0.08949575500000001,,,,,,,
,-0.6893734819999999,-0.34468674099999996,-0.15977004299999997,,,,,,,
,0.8775575469999999,0.2887840355,-0.26807610249999997,,,,,,,
,-0.13988710199999999,0.025997383,0.092253747,,,,,,,
,-0.0015151989999999949,-0.17770404149999997,-0.0363411425,,,,,,,
,-0.08960108300000001,-0.044800541500000006,0.0978764865,,,,,,,
,-0.17266586,0.08633293,0.17501483899999998,,,,,,,
,-1.2356981730000003,-0.43885775150000017,0.6104134565,,,,,,,
,0.004516514000000027,0.45347521599999996,0.0029515530000000234,,,,,,,
,-0.67340465,-0.680426561,-0.12328916300000003,,,,,,,
,0.9217947970000001,0.5626623685000001,0.2670587065,,,,,,,
,-0.571643751,0.1696468345,-0.12880873750000002,,,,,,,
,-0.29248026400000005,-0.14624013200000002,-0.04844631299999991,,,,,,,
,0.7515397610000001,0.004049951500000093,0.14759477950000033,,,,,,,
,-0.692029212,-0.033660071999999985,-0.4202137880000001,,,,,,,
,0.05017596699999993,-0.3949328205,-0.06788273050000004,,,,,,,
,0.215788345,-0.049274861500000045,0.5612019895000001,,,,,,,
,-0.09766188700000011,-0.13960507649999987,0.06557246250000004,,,,,,,
,-0.14929078799999984,0.09076409200000002,-0.06121938300000007,,,,,,,
,-0.7324100549999999,-0.4593068185,0.02715134149999998,,,,,,,
,-0.16726888699999987,-0.29685514050000006,0.29894136250000014,,,,,,,
,-70.0,35.0,-2809.0,,,,,,,
,0.0,0.0,0.0,,,,,,,
,0.0,0.0,0.0,,,,,,,
,0.0,0.0,0.0,,,,,,,
,0.0,0.0,-1.0,,,,,,,
,0.0,0.0,0.0,,,,,,,
,-0.489089376,0.755455312,-1998.678495986,,,,,,,
,-1.210244013,-0.7749741765,-0.05414308350000002,,,,,,,
,0.463661541,-0.44621533150000003,0.19028844250000002,,,,,,,
,-0.6503182040000001,0.8230399500000001,0.503776561,,,,,,,
,-0.15047518199999999,-0.45022443800000006,0.793813176,,,,,,,
,-0.187857569,0.04998261650000002,-0.31549522350000003,,,,,,,
,0.08809442099999999,-0.08866262050000001,0.1419310995,,,,,,,
,0.49171282,0.202149006,-0.141421092,,,,,,,
,-0.34575019500000004,0.2587895545,-0.2126464005,,,,,,,
,-0.8450825369999998,-0.9595152725,0.5826636475,,,,,,,
,0.5469075740000002,1.309792019,-0.046073532999999944,,,,,,,
,-0.87799596,0.25073437200000004,-0.45688593,,,,,,,
,2.5866396160000003,-0.8802755929999999,-0.5719401700000001,,,,,,,
,-1.158604075,0.4663995325000001,-1.1963133585,,,,,,,
,-0.19971313200000007,0.09985656600000004,0.23421041799999998,,,,,,,
,-0.538356814,-0.010100881000000006,0.010002646999999976,,,,,,,
,0.21386461099999987,0.08290503350000006,-0.05007795450000008,,,,,,,
,-0.282795452,-0.40249174,-0.42687684800000003,,,,,,,
,0.07253955400000012,-0.03626977700000006,0.4635674249999999,,,,,,,
,-0.22576995200000005,-0.05842049599999999,-0.07608117300000017,,,,,,,
,0.20565454399999994,-0.17536140899999986,0.1893798419999999,,,,,,,
,0.24300419299999976,-0.20012227249999992,0.1630284464999998,,,,,,,
,0.1756372919999999,-0.654505262,0.41848883699999995,,,,,,,
,83.0,-41.5,-2808.5,,,,,,,
,0.0,0.0,0.0,,,,,,,
,0.0,0.0,0.0,,,,,,,
,0.0,0.0,0.0,,,,,,,
,0.0,0.0,-1.0,,,,,,,
,0.0,0.0,0.0,,,,,,,
,-5.02182125,1.4890893749999998,-2002.214989602,,,,,,,
,0.002785963000000058,-0.30434092450000005,-0.1548161795,,,,,,,
,-0.690845288,0.095307323,-0.003907224999999959,,,,,,,
,0.16251613600000003,-0.770631551,0.493446232,,,,,,,
,0.32336124899999996,0.16168062449999998,-0.9664241975,,,,,,,
,0.33579327,-0.167896635,0.22610440199999998,,,,,,,
,0.044994209999999986,0.066733715,-0.058838247999999996,,,,,,,
,-0.005465692999999994,-0.2212698615,-0.12339337549999999,,,,,,,
,-0.041492572000000005,-0.322911542,0.410547268,,,,,,,
,1.419329518,0.575421258,-0.19588105600000005,,,,,,,
,-0.011948583999999984,0.588073935,0.14667124800000003,,,,,,,
,0.726108736,0.038743130000000015,0.13016034299999998,,,,,,,
,-0.6152859219999999,0.8391699779999999,-0.20631743899999994,,,,,,,
,0.901652376,0.368944173,-0.09091179099999999,,,,,,,
,-0.810938182,0.72232271,0.5398229429999999,,,,,,,
,-0.29166035299999993,0.0006049464999998699,0.23109935949999993,,,,,,,
,0.817193609,-0.8768622405000001,0.007648616499999927,,,,,,,
,0.390205113,-0.031935716500000016,-0.22417476749999998,,,,,,,
,1.943949999,0.4641981205,0.1928081155000001,,,,,,,
,0.19495273599999985,0.13378602099999992,0.034057586000000084,,,,,,,
,-0.582539415,-0.5469025495,-0.30245910649999996,,,,,,,
,0.5132828430000002,-0.21733133349999995,0.13294883150000003,,,,,,,
,0.46925918599999994,-0.42082662400000004,0.1346493790000003,,,,,,,
,136.0,-68.0,-2717.0,,,,,,,
,0.0,0.0,0.0,,,,,,,
,0.0,0.0,0.0,,,,,,,
,0.0,0.0,0.0,,,,,,,
,0.0,0.0,-1.0,,,,,,,
,0.0,0.0,0.0,,,,,,,
,-1.890519152,1.054740424,-2006.196742794,,,,,,,
,-0.36717419100000004,-0.5232914365000001,-0.3765526555,,,,,,,
,0.43524460099999995,-0.3248145805,-0.0850060775,,,,,,,
,-0.077856902,-0.07596713,0.06309195500000003,,,,,,,
,-0.7626204650000001,-0.8312944495000001,-0.02263369450000008,,,,,,,
,0.127814206,0.11187757,-0.109688869,,,,,,,
,0.13308862999999999,-0.021928905,-0.05864884800000001,,,,,,,
,-0.178109028,-0.045347110999999996,-0.03488543100000001,,,,,,,
,0.559280918,0.106974598,-0.06166839099999999,,,,,,,
,-0.053578405999999995,-0.250528372,0.140343846,,,,,,,
,-0.008437992999999921,0.6442024975,0.4027402795,,,,,,,
,-0.9544322149999999,0.3015876415,0.30166530050000007,,,,,,,
,-0.09772474599999997,-0.410258487,-0.02267855299999999,,,,,,,
,-0.34729548599999993,0.718525049,0.07766878000000005,,,,,,,
,0.0,0.0,0.13435385200000005,,,,,,,
,0.820148957,-0.15313753350000003,0.047286907499999975,,,,,,,
,-0.512999591,0.8007001665000001,0.21871734249999997,,,,,,,
,1.354670717,-0.7643576735000001,0.5015553085000001,,,,,,,
,-1.1225327719999998,0.5026470749999999,0.4342577700000002,,,,,,,
,-0.5481775120000001,-0.27408875600000004,-0.14613978100000002,,,,,,,
,0.08242243500000013,0.5148838375,0.1973358194999999,,,,,,,
,-0.27513176000000006,-0.027536490000000025,-0.035589371999999786,,,,,,,
,1.563825175,0.8371920275000001,-0.7239101994999999,,,,,,,
,-82.0,41.0,-2763.0,,,,,,,
,0.0,0.0,0.0,,,,,,,
,0.0,0.0,0.0,,,,,,,
,0.0,0.0,0.0,,,,,,,
,0.0,0.0,-1.0,,,,,,,
,0.0,0.0,0.0,,,,,,,
,-0.744544688,0.627727656,-2008.842717258,,,,,,,
,-0.508318304,0.11951562200000004,0.09856909400000002,,,,,,,
,0.317081591,-0.5873099165,0.056507677500000006,,,,,,,
,0.29127004300000003,-0.2988291285,0.2960327355,,,,,,,
,0.9442709459999999,0.6596288969999999,-0.275139559,,,,,,,
,0.22375514000000002,0.063907103,-0.13351354199999999,,,,,,,
,0.08960962099999997,0.0890414205,-0.03728814250000001,,,,,,,
,-0.04370740299999999,0.021853701499999996,-0.011392021500000002,,,,,,,
,0.38828894999999997,-0.151187246,0.152908515,,,,,,,
,-1.083554064,-0.5865248660000001,0.669831941,,,,,,,
,1.377932232,0.36272651600000005,-0.371323363,,,,,,,
,-1.107357347,0.6876111724999999,0.2565184105,,,,,,,
,-1.1694950569999998,-0.05374312949999993,0.049003880499999986,,,,,,,
,1.5115587620000002,0.3634280580000001,0.5225970150000001,,,,,,,
,0.0,0.0,0.13435385200000005,,,,,,,
,1.617024885,-0.2052691795,-0.012293161500000038,,,,,,,
,-0.13672375699999983,0.6884971854999999,0.2912142065000001,,,,,,,
,0.180262386,-0.5796317120000001,-0.25447811900000006,,,,,,,
,0.072539554,-0.036269777,0.596556608,,,,,,,
,-0.00981948999999993,-0.286309559,0.06308231499999994,,,,,,,
,0.08777810599999991,0.479968608,0.005018766999999924,,,,,,,
,-0.488008016,-0.12551081899999994,0.13126005699999999,,,,,,,
,0.5127963969999998,0.36695707850000003,-0.20117425249999998,,,,,,,
,49.0,-24.5,-2730.5,,,,,,,
,0.0,0.0,0.0,,,,,,,
,0.0,0.0,0.0,,,,,,,
,0.0,0.0,0.0,,,,,,,
,0.0,0.0,-1.0,,,,,,,
,0.0,0.0,0.0,,,,,,,
,-1.087659599,1.4561702005,-2011.0507683295,,,,,,,
,0.2711443690000001,-0.06825041950000002,0.08251253149999999,,,,,,,
,-0.24097304600000002,0.04902500300000001,0.350162636,,,,,,,
,-0.27186923099999993,-0.24705065349999997,-0.25488643650000004,,,,,,,
,0.33164521900000005,-0.24666292150000005,-0.0559903934999999,,,,,,,
,-1.0073798090000001,0.5036899045000001,-0.1375378405,,,,,,,
,-0.04120621000000002,0.377526388,-0.058459448000000025,,,,,,,
,-0.17045705900000002,0.2644306955,-0.03105944650000001,,,,,,,
,-0.08654216799999999,0.086228312,0.045620061999999996,,,,,,,
,-1.5728293420000001,-0.6074233360000001,0.511746445,,,,,,,
,-1.568226236,0.35691394099999996,-0.13885205199999984,,,,,,,
,1.099297225,0.08716251549999998,-0.5298833574999999,,,,,,,
,0.643872188,0.625926327,0.737058211,,,,,,,
,0.23315106500000005,0.13704603649999997,-0.4893562405,,,,,,,
,0.03656003299999999,0.018280016499999996,-0.01797961849999985,,,,,,,
,-0.3684625229999998,-0.20675974250000007,-0.5452505275,,,,,,,
,0.0,0.0,0.126743241,,,,,,,
,-0.03927110899999975,0.13929123649999997,-0.2824108485000001,,,,,,,
,0.377958609,-0.3550673525,0.6888165064999999,,,,,,,
,-0.36193115399999987,0.009660104000000058,0.07765216399999986,,,,,,,
,0.327085509,-0.10712731350000004,0.15235335549999984,,,,,,,
,0.14572878699999992,0.013617799499999972,-0.12808938150000015,,,,,,,
,-0.11262617199999991,-0.67228399,-0.02398648900000011,,,,,,,
,-349.0,174.5,-2880.5,,,,,,,
,0.0,0.0,0.0,,,,,,,
,0.0,0.0,0.0,,,,,,,
,0.0,0.0,0.0,,,,,,,
,0.0,0.0,-1.0,,,,,,,
,0.0,0.0,0.0,,,,,,,
,-1.072987232,0.463506384,-2013.787976834,,,,,,,
,-0.033660883,-0.0168304415,-0.0717474035,,,,,,,
,0.25560068599999997,0.229507258,0.003825764999999981,,,,,,,
,-0.06903796799999998,0.187713091,-0.199328418,,,,,,,
,0.254206822,0.27709814899999996,-0.027996194000000002,,,,,,,
,0.095940934,-0.047970467,0.022310196000000004,,,,,,,
,0.043857810000000004,-0.066544316,0.07443978300000001,,,,,,,
,0.18138844299999995,0.17810902749999996,-0.03433886150000001,,,,,,,
,-0.388079713,0.1081253995,0.15385008049999999,,,,,,,
,0.7327128489999999,0.5453477594999999,0.5111735805,,,,,,,
,-0.38860910099999996,0.2203930505,0.0196981965,,,,,,,
,-0.21597805400000003,-0.30897064,0.04118511699999994,,,,,,,
,-0.08793136299999993,0.022572953499999993,0.1799076705,,,,,,,
,0.5261036670000001,-0.4397687975,0.9457943085,,,,,,,
,0.044291984000000006,-1.728280866,0.08337977800000007,,,,,,,
,0.2036840879999997,-1.565265514,0.15294623100000004,,,,,,,
,-0.04200849799999995,-0.333358783,0.08334091399999999,,,,,,,
,-0.05615009399999993,-1.288137461,0.19393600500000008,,,,,,,
,-2.140970024,-1.9288697360000002,-0.6431873640000001,,,,,,,
,0.17970877600000001,-2.488131004,0.337858295,,,,,,,
,0.07603305299999996,-1.7063016924999999,-0.22414583649999986,,,,,,,
,0.2187575749999997,-2.0827452025,0.41869894750000003,,,,,,,
,0.956569985,-1.7249955455000001,-0.2560815795000001,,,,,,,
,26.0,-13.0,-3526.0,,,,,,,
,0.0,0.0,0.0,,,,,,,
,0.0,0.0,0.0,,,,,,,
,0.0,0.0,0.0,,,,,,,
,0.0,0.0,-1.0,,,,,,,
,0.0,0.0,0.0,,,,,,,
,-2.145974464,0.927012768,-2015.95953429,,,,,,,
,-0.546003357,0.5422887385,-0.019708322499999986,,,,,,,
,-0.823635936,-0.44572027299999994,0.114674955,,,,,,,
,0.075337205,0.0006299235000000042,-0.11832189750000001,,,,,,,
,-0.04674354099999989,-0.6233507265,-0.06597532149999996,,,,,,,
,-0.088213455,0.4835684105,-0.2016055035,,,,,,,
,0.18035564199999998,0.311360873,0.09769448899999998,,,,,,,
,-0.033869155999999956,0.420139452,0.20987784,,,,,,,
,-0.30258372899999997,0.2372063225,0.19513341550000002,,,,,,,
,1.246348647,0.35468732150000004,0.14118840549999995,,,,,,,
,2.7299220660000003,-0.6768768619999999,-0.5654489679999999,,,,,,,
,0.29739820400000005,0.639733724,-0.009672385999999977,,,,,,,
,0.709100232,0.41065131800000004,0.171541687,,,,,,,
,0.043908822000000014,0.6701870320000001,-0.34265096300000003,,,,,,,
,0.49394878099999995,0.09425258450000001,0.3878446765,,,,,,,
,-0.651371492,0.09109114399999996,0.154015059,,,,,,,
,-0.17359476300000004,0.4538162365,0.32971440550000003,,,,,,,
,0.33297142,0.007558919000000025,0.2997133,,,,,,,
,-1.02045099,0.02173123599999993,-1.107939495,,,,,,,
,-0.986030747,-0.4748605475,-0.5436149634999999,,,,,,,
,1.543116811,-1.5291371765,0.9739517224999998,,,,,,,
,-0.3245366329999999,-1.2371708135000001,-0.4731548375,,,,,,,
,0.2885859639999998,0.997175771,-0.273802423,,,,,,,
,176.0,-88.0,-2833.0,,,,,,,
,0.0,0.0,0.0,,,,,,,
,0.0,0.0,0.0,,,,,,,
,0.0,0.0,0.0,,,,,,,
,0.0,0.0,-1.0,,,,,,,
,0.0,0.0,0.0,,,,,,,
,-1.036493616,0.481753192,-2018.295313017,,,,,,,
,0.13866769899999998,-0.37228179249999993,-0.5247763355,,,,,,,
,0.098050005,-0.1204865225,0.2659019305,,,,,,,
,0.630917393,-0.2771601695,0.23606524950000002,,,,,,,
,0.18797386700000007,0.4314750955,-0.32408390750000005,,,,,,,
,-0.451534579,-0.08185588749999997,-0.21150569149999998,,,,,,,
,-0.04423661100000001,0.022118305500000005,0.1181081935,,,,,,,
,0.358404332,0.179202166,-0.12284680600000002,,,,,,,
,-0.601819673,-0.21457690550000003,0.1316391375,,,,,,,
,0.308362732,-0.11430563700000002,-0.391351891,,,,,,,
,0.487760458,0.6496508750000001,0.8027068079999999,,,,,,,
,0.13759179,0.613501743,-0.550616725,,,,,,,
,-1.794471688,0.982806757,-0.805625832,,,,,,,
,0.4901703679999999,-0.8603220220000001,-0.127628921,,,,,,,
,-0.528213561,0.2762934575,0.1740710805,,,,,,,
,-0.04310251799999998,-0.213043344,-0.00768626,,,,,,,
,0.968718659,0.3762366065,0.10264574049999994,,,,,,,
,-0.525059844,0.588863601,0.14080004399999999,,,,,,,
,0.746429058,0.760092151,-0.121670816,,,,,,,
,-0.714413855,0.1602056335,0.2999860894999999,,,,,,,
,0.37894444299999996,0.5278098065,0.041194404500000004,,,,,,,
,0.6253706439999998,2.1324021479999997,-0.343994472,,,,,,,
,-0.672002838,0.62744025,-0.440794292,,,,,,,
,-224.0,112.0,-2781.0,,,,,,,
,0.0,0.0,0.0,,,,,,,
,0.0,0.0,0.0,,,,,,,
,0.0,0.0,0.0,,,,,,,
,0.0,0.0,-1.0,,,,,,,
,0.0,0.0,0.0,,,,,,,
,21.97817875,-12.010910625,-2009.532521522,,,,,,,
,0.814361762,-0.30619823399999996,0.14534579899999994,,,,,,,
,0.377572381,-0.7604783515,-0.1698377285,,,,,,,
,1.097302048,-0.9699348190000001,0.19864819500000008,,,,,,,
,1.228692181,-0.7356065585,0.20259863549999998,,,,,,,
,-0.095619815,-0.4795441115,-0.24957597050000002,,,,,,,
,-0.0034092019999999446,-0.399834094,0.09807328900000001,,,,,,,
,-0.4075774270000001,-0.37861832650000005,-0.1419676615,,,,,,,
,0.26109115699999996,-0.5601178634999999,-0.2558128655,,,,,,,
,3.8071172449999997,1.6798194535,0.9840780364999999,,,,,,,
,-1.130439779,0.5733725455,-0.4219563865000001,,,,,,,
,0.15412936900000007,1.1687602615,0.4576191775,,,,,,,
,-3.9774203480000003,3.250881141,-1.5625466660000003,,,,,,,
,-1.316759224,0.8547317949999998,-0.6719650189999999,,,,,,,
,0.018229506000000034,-0.155354885,0.02875915200000001,,,,,,,
,0.596446321,-0.23119613150000007,0.018845638499999984,,,,,,,
,-0.02081633799999999,0.07368728199999999,-0.0008877210000000635,,,,,,,
,0.2937273819999999,-0.11423032300000002,-0.008501942999999956,,,,,,,
,-0.23006973600000002,0.320202457,-0.16965708200000001,,,,,,,
,-0.367475854,0.560609967,0.291817987,,,,,,,
,-0.17153651400000003,0.778872239,0.09525406299999994,,,,,,,
,-0.46611073700000005,0.2409173865,0.22236221950000012,,,,,,,
,0.3774796039999999,1.357505105,-0.17224867600000004,,,,,,,
,676.0,-338.0,-2377.0,,,,,,,
,0.0,0.0,0.0,,,,,,,
,0.0,0.0,0.0,,,,,,,
,0.0,0.0,0.0,,,,,,,
,2.0,0.0,0.0,,,,,,,
,0.0,0.0,0.0,,,,,,,
,-1.036493616,0.481753192,-2000.404793866,,,,,,,
,-0.204751258,0.203358277,-0.324358798,,,,,,,
,-0.008303936000000012,0.504382608,0.46931576099999994,,,,,,,
,-0.904046471,-0.007559086500000034,-0.15851019549999995,,,,,,,
,1.068452886,0.759218551,-0.6114072070000001,,,,,,,
,-0.251925232,0.25780112099999997,-0.10365242,,,,,,,
,0.08885201999999998,0.00018940000000000623,-0.03766694300000001,,,,,,,
,0.17701588899999998,0.0010931384999999932,-0.0343388615,,,,,,,
,0.04358493799999999,-0.107706926,0.410338031,,,,,,,
,0.832626898,0.684800452,-0.24782468400000005,,,,,,,
,0.710366783,-0.2964842675,0.1186328235000001,,,,,,,
,-0.304857715,-0.6423215385,-0.6822329825,,,,,,,
,0.675940588,0.002667762999999934,-0.020147067999999935,,,,,,,
,-0.8215791450000001,-0.28626067450000003,0.2313962365,,,,,,,
,-1.006903739,0.27190499349999997,0.2894561825000001,,,,,,,
,-0.5956087019999998,0.13023677800000005,0.25143926299999997,,,,,,,
,-0.86051748,-1.139063261,-0.833963586,,,,,,,
,0.479205134,-0.8161254010000001,0.6035802140000001,,,,,,,
,1.0476977529999998,0.5117589514999998,-0.3751338195,,,,,,,
,-0.5576782309999999,0.19318637950000006,0.5113534285000001,,,,,,,
,-0.16263024400000003,-0.885806714,-0.36618838,,,,,,,
,0.5409259399999999,-0.702873937,-0.05610873000000002,,,,,,,
,0.375329619,-0.017658824499999975,0.23482630950000005,,,,,,,
,-121.0,60.5,-2416.5,,,,,,,
,0.0,0.0,0.0,,,,,,,
,0.0,0.0,0.0,,,,,,,
,0.0,0.0,0.0,,,,,,,
,0.0,0.0,1.0,,,,,,,
,0.0,0.0,0.0,,,,,,,
,-1.729872321,0.1350638395,-2002.9704449145,,,,,,,
,0.16644710299999999,0.28704615550000007,-0.20205721249999997,,,,,,,
,0.1557222250000001,0.3151772475,0.10511351049999995,,,,,,,
,-0.32704887299999985,0.3550170705,0.0790915995,,,,,,,
,-0.998818016,-0.34941426899999994,-0.14997732699999988,,,,,,,
,0.37571513999999995,-0.09996523299999999,0.030358793999999995,,,,,,,
,-0.0011363999999999819,-0.133278031,0.140415899,,,,,,,
,0.264430695,-0.0426142645,0.09787648649999997,,,,,,,
,-0.04337570199999999,0.064645079,0.066784821,,,,,,,
,2.06447528,1.03223764,1.6683673309999998,,,,,,,
,-0.576687003,-0.3524552645000001,0.4992593745,,,,,,,
,-0.22031476900000002,-0.8147349695,-0.25062979649999995,,,,,,,
,1.129471104,-0.352453864,-0.07093870199999996,,,,,,,
,1.990589724,2.37705387,0.5851474010000001,,,,,,,
,-0.16403079099999995,0.09420207249999996,0.12437878650000012,,,,,,,
,0.009868209999999988,0.16263346799999998,-0.21840142299999998,,,,,,,
,-0.6532316470000001,0.23802506550000002,0.35585614849999997,,,,,,,
,-0.30705700299999994,0.9476071215,-0.3697854725,,,,,,,
,-2.32714241,0.577378094,0.281575665,,,,,,,
,0.49544281999999995,-0.48754907099999995,-0.10854192899999993,,,,,,,
,0.067770889,0.1917763175,-0.11645194350000004,,,,,,,
,0.402166461,0.18415563150000003,-0.3280567255,,,,,,,
,0.354218413,0.0981385775,0.12236138449999998,,,,,,,
,-397.0,198.5,-2569.5,,,,,,,
,0.0,0.0,0.0,,,,,,,
,0.0,0.0,0.0,,,,,,,
,0.0,0.0,0.0,,,,,,,
,0.0,0.0,1.0,,,,,,,
,0.0,0.0,0.0,,,,,,,
,-0.635063839,0.6824680805000001,-2005.1164193785,,,,,,,
,0.027779403999999897,0.659327948,-0.205307503,,,,,,,
,0.04852994500000002,0.26158110849999994,-0.3699379305,,,,,,,
,-0.39986638499999994,0.42972435249999996,0.33395288650000005,,,,,,,
,1.1979973259999999,0.4115052389999999,-0.254929481,,,,,,,
,-0.475680372,0.193894018,0.07631711200000002,,,,,,,
,-0.177704041,-0.0003788005000000122,-0.03747754249999999,,,,,,,
,0.135494763,0.11145478450000003,-0.01685771450000001,,,,,,,
,-0.7740670590000001,-0.21436766950000002,0.003185925499999992,,,,,,,
,-0.2587427939999999,0.04961993800000006,1.743928229,,,,,,,
,0.4588673289999998,-1.9300777185,0.43257038849999985,,,,,,,
,0.5057957790000003,0.6126092985000001,1.2791056885,,,,,,,
,2.054047449,-0.2815694245,-0.7387137675,,,,,,,
,-2.045519762,-1.860344663,1.127927983,,,,,,,
,0.26567587400000015,0.7202295000000001,0.11021730000000007,,,,,,,
,-0.13861442600000007,0.48264055999999994,0.044446849000000066,,,,,,,
,0.44314170100000005,0.46184356950000005,0.04767582650000002,,,,,,,
,-0.2445808719999999,0.5247686410000001,0.0586342190000001,,,,,,,
,0.21738608899999995,0.3504915585,-0.048990398499999976,,,,,,,
,-0.3152898699999999,0.268993492,0.3316864850000001,,,,,,,
,0.30025547,-0.04535620300000001,-0.19682674800000005,,,,,,,
,-0.40967876699999994,0.8023527205000001,0.20926848850000002,,,,,,,
,-0.9352272410000001,0.3299897285,-0.26028645549999996,,,,,,,
,-90.0,45.0,-2751.0,,,,,,,
,0.0,0.0,0.0,,,,,,,
,0.0,0.0,0.0,,,,,,,
,0.0,0.0,0.0,,,,,,,
,0.0,0.0,1.0,,,,,,,
,0.0,0.0,0.0,,,,,,,
,-2.510910625,0.7445446874999999,-2007.3609640665,,,,,,,
,0.13928680200000004,-0.439913109,0.31798393300000005,,,,,,,
,0.44522521600000003,0.527733354,-0.2980572410000001,,,,,,,
,0.01889771700000009,0.5650290444999999,0.1371693135,,,,,,,
,-0.950113889,-0.7375477375,-0.24056234550000005,,,,,,,
,-0.15968747800000002,-0.271725607,-0.153474477,,,,,,,
,-0.045751811,-0.15558573650000002,-0.05997464749999998,,,,,,,
,-0.042614265000000005,0.0661076735,0.0754762155,,,,,,,
,-0.129708632,0.10781154500000001,-0.01892039900000002,,,,,,,
,3.1872309,1.369876282,1.507334627,,,,,,,
,-1.122775009,0.4708930214999999,-0.8761640364999999,,,,,,,
,-0.4976915059999998,-1.790466076,0.656129406,,,,,,,
,1.8335920149999998,-0.8954032795,-0.1647977255000001,,,,,,,
,-0.14613640700000008,1.0221037515,0.4414786755,,,,,,,
,-0.23856841800000006,-0.30724951,0.31173632800000006,,,,,,,
,0.22668083599999989,-0.28090799099999997,-0.07992513700000003,,,,,,,
,-0.002756658000000023,-0.28970559100000004,-0.117398098,,,,,,,
,0.0492547889999998,-0.6337835965,0.06361252449999999,,,,,,,
,0.5639475740000002,-0.46760160500000003,-0.44393616300000005,,,,,,,
,0.26645892600000004,-0.338796031,0.055151998999999896,,,,,,,
,-0.37273792199999994,0.121894172,0.04576481400000004,,,,,,,
,-0.646529643,-0.40790281350000007,0.3674115124999999,,,,,,,
,0.47993469199999994,-0.31282705400000005,-0.2739181919999999,,,,,,,
,355.0,-177.5,-2645.5,,,,,,,
,0.0,0.0,0.0,,,,,,,
,0.0,0.0,0.0,,,,,,,
,0.0,0.0,0.0,,,,,,,
,0.0,0.0,1.0,,,,,,,
,0.0,0.0,0.0,,,,,,,
,-1.2919489290000001,0.35402553549999993,-2010.0069385305,,,,,,,
,0.20382260400000002,-0.10191130200000001,-0.18739363200000003,,,,,,,
,0.359136055,0.21347033250000003,0.3158411605,,,,,,,
,-0.55935973,0.164784284,0.11864997399999999,,,,,,,
,-0.3754672910000001,-0.3377283835,-0.005345087500000012,,,,,,,
,0.29184710199999997,-0.189869719,0.184330942,,,,,,,
,-0.13422503199999997,-0.11134912599999999,-0.06111104899999997,,,,,,,
,-0.001093138999999993,-0.0442539725,0.007728833500000032,,,,,,,
,-0.129080922,-0.021373996000000006,0.15385008,,,,,,,
,1.606926701,0.6692198494999999,2.0179071695,,,,,,,
,0.630560854,0.03854484600000002,1.035901173,,,,,,,
,-1.9941864100000002,-0.608833272,-1.263657557,,,,,,,
,2.108317887,0.1421882445,-0.1216383285,,,,,,,
,-1.9766565459999996,1.017781101,-0.23902435999999982,,,,,,,
,-0.03807861700000004,-0.7121613525,0.10468120849999996,,,,,,,
,0.10296033000000004,-0.24139008099999998,-0.027653887999999904,,,,,,,
,0.03860965399999994,0.03131846300000002,-0.09002671000000001,,,,,,,
,0.03402866999999998,0.244052608,0.07309501099999993,,,,,,,
,-0.22885771699999996,-0.04188930450000003,-0.28616111949999995,,,,,,,
,0.38879235499999987,-0.16870035650000004,0.39287933249999996,,,,,,,
,-0.08746799300000002,0.19686162049999997,-0.20424198950000005,,,,,,,
,-0.33249529499999997,0.19769571750000003,-0.11728670450000006,,,,,,,
,0.12436840299999996,-0.1431394325,0.017954771500000022,,,,,,,
,146.0,-73.0,-2518.0,,,,,,,
,0.0,0.0,0.0,,,,,,,
,0.0,0.0,0.0,,,,,,,
,0.0,0.0,0.0,,,,,,,
,0.0,0.0,1.0,,,,,,,
,0.0,0.0,0.0,,,,,,,
,-0.270127679,0.8649361605,-2011.6420023695,,,,,,,
,0.609300951,-0.06902429850000003,-0.08501800250000002,,,,,,,
,0.0018284549999999788,0.03481653250000001,0.2910811305,,,,,,,
,-0.049637156000000016,-0.35816669,-0.372301713,,,,,,,
,0.16996459600000002,-0.327503234,0.01316403300000002,,,,,,,
,-0.603815698,0.609531026,-0.279276533,,,,,,,
,-0.21815265100000003,0.4659996085,0.028498572499999986,,,,,,,
,0.05573192799999993,0.46493999399999997,-0.237034437,,,,,,,
,-0.12991786899999996,0.15087339149999998,0.11110208849999997,,,,,,,
,-5.178189908999999,-2.1416166174999995,2.9383949565,,,,,,,
,-0.7238281549999996,0.1988609564999999,-1.0177977165,,,,,,,
,1.4358655790000001,0.08187166350000008,-1.0570333765,,,,,,,
,0.9519947860000002,1.770239073,0.8712355220000001,,,,,,,
,0.8344754870000002,1.5004685705,-0.6407559955,,,,,,,
,1.9359611239999999,-0.383020033,0.22995773500000002,,,,,,,
,0.14708660399999995,-0.15174150300000006,0.13069695700000006,,,,,,,
,-0.346656792,-0.029164765000000037,-0.266793178,,,,,,,
,-0.17167400799999988,-0.14259657199999998,0.20339142100000007,,,,,,,
,-1.0812863419999998,-0.709902131,-0.40852954499999994,,,,,,,
,-1.161485604,0.11821802599999998,0.10228713700000008,,,,,,,
,-0.09676387000000009,-0.16116113000000004,0.434776491,,,,,,,
,-0.5320935,0.030186221999999985,-0.11484072099999998,,,,,,,
,1.334884774,-0.011705018999999983,-0.380433444,,,,,,,
,50.0,-25.0,-2697.0,,,,,,,
,0.0,0.0,0.0,,,,,,,
,0.0,0.0,0.0,,,,,,,
,0.0,0.0,0.0,,,,,,,
,0.0,0.0,1.0,,,,,,,
,0.0,0.0,0.0,,,,,,,
,-1.036493616,0.481753192,-2013.879210874,,,,,,,
,-0.06732176499999998,-0.03366088249999999,-0.08703008750000002,,,,,,,
,0.21804147000000001,0.176825345,0.047365401999999945,,,,,,,
,-0.1826737,0.167933904,-0.18584846899999996,,,,,,,
,0.210865195,0.21792865150000001,-0.0642743645,,,,,,,
,0.143911401,-0.0719557005,-0.03757260850000002,,,,,,,
,0.04385781100000001,-0.06654431549999998,0.0736821835,,,,,,,
,0.09288049899999998,0.17756245850000002,-0.0359785695,,,,,,,
,-0.345122484,0.129604014,0.21870439600000002,,,,,,,
,0.9242758690000002,0.5963814365000002,1.5253439125000001,,,,,,,
,-0.510972711,0.49843550550000004,-0.1288127845,,,,,,,
,-0.005474422000000034,-0.445810311,-0.13049948000000003,,,,,,,
,0.02602753299999999,0.1252161705,0.3238736075,,,,,,,
,0.18875599399999993,-0.441266853,0.91108364,,,,,,,
,0.08662328300000005,0.07855513550000001,0.4275776565,,,,,,,
,0.31511952200000004,-0.12404624600000003,0.002740361999999996,,,,,,,
,-0.657539044,0.392048634,-0.08539822100000005,,,,,,,
,0.249742101,-0.1248710505,0.12087328750000004,,,,,,,
,0.03505775700000002,0.3439568725,-0.35888124750000006,,,,,,,
,-1.166324797,-0.10205949149999999,-0.07670043150000005,,,,,,,
,0.47122737000000015,0.288243976,0.14655835800000006,,,,,,,
,-0.576975049,-0.3561979185,-0.18140583650000008,,,,,,,
,0.15198745099999994,-0.3188594175,0.030416418499999986,,,,,,,
,-97.0,48.5,-2892.5,,,,,,,
,0.0,0.0,0.0,,,,,,,
,0.0,0.0,0.0,,,,,,,
,0.0,0.0,0.0,,,,,,,
,0.0,0.0,1.0,,,,,,,
,0.0,0.0,0.0,,,,,,,
,-0.270127679,0.8649361605,-2015.1675853615,,,,,,,
,-0.883540837,0.47543130049999993,-0.18723885549999997,,,,,,,
,-0.04852994399999999,-0.261581108,0.49308567600000003,,,,,,,
,0.426323186,0.36131631,0.05087185400000001,,,,,,,
,-0.279539178,0.42271068199999995,-0.24032212399999997,,,,,,,
,-0.036218691000000025,0.41362485849999997,-0.25545185950000004,,,,,,,
,0.179976842,0.266934862,0.141362899,,,,,,,
,-0.38571465799999993,0.50646112,-0.055645993999999976,,,,,,,
,-0.17454899000000001,0.473889552,0.173445565,,,,,,,
,-1.1424613909999999,-0.6159785295,-0.07920476050000003,,,,,,,
,4.6520510680000005,-1.195252139,-1.015694667,,,,,,,
,-1.6403837019999998,1.194192038,-1.044891481,,,,,,,
,0.542549517,-0.1840582515,-0.2636171785,,,,,,,
,-0.711218803,-0.28908026350000005,-0.4773127055,,,,,,,
,-0.5880324530000001,-0.3762510455,-0.04819213050000001,,,,,,,
,0.383170305,-0.2139274965,0.3635217905,,,,,,,
,-0.369211781,0.2478850035,-0.5459574165,,,,,,,
,0.007138935000000068,-0.4278032505,0.17314220949999992,,,,,,,
,-0.769115163,0.36501781150000007,-0.6513075055,,,,,,,
,0.48301036500000005,-0.1215913515,0.04561471149999999,,,,,,,
,-0.279218466,0.23632141700000003,-0.110633066,,,,,,,
,0.2440911870000001,-0.5465945425000001,1.1528849555,,,,,,,
,0.789276288,0.8763589780000001,-0.02535917200000004,,,,,,,
,-205.0,102.5,-2801.5,,,,,,,
,0.0,0.0,0.0,,,,,,,
,0.0,0.0,0.0,,,,,,,
,0.0,0.0,0.0,,,,,,,
,0.0,0.0,1.0,,,,,,,
,0.0,0.0,0.0,,,,,,,
,-0.854025536,0.572987232,-2017.496027906,,,,,,,
,-0.267429751,-0.3375374795,-0.4588475525,,,,,,,
,0.44072996600000003,-0.22036498300000001,-0.04653263499999999,,,,,,,
,0.0,0.0,-0.12273136400000001,,,,,,,
,-0.21622769300000005,0.2293743155,-0.28414419450000006,,,,,,,
,0.30794429700000003,-0.37370298949999997,-0.1276376535,,,,,,,
,-0.047645811999999954,-0.377715788,0.163291804,,,,,,,
,-0.49499223499999995,-0.33491092349999996,-0.011938590499999985,,,,,,,
,0.30237449400000005,-0.19414447499999998,0.19544727,,,,,,,
,-1.1259238690000002,-0.5182141005,0.7536579155,,,,,,,
,-0.3756803050000001,0.20169966849999996,1.1744889454999998,,,,,,,
,-1.142640178,0.647130938,-0.657920467,,,,,,,
,0.14463767800000005,-0.602200262,0.182394953,,,,,,,
,-0.2626815090000001,-0.7915145025000001,-0.6451745465000001,,,,,,,
,0.10431292099999995,-0.41775679050000003,0.4467527455,,,,,,,
,-1.2322724109999998,-0.19935931549999997,0.5302052104999999,,,,,,,
,-0.05209557399999998,-0.290347778,-0.15876441000000002,,,,,,,
,-0.10682725599999998,-0.62100931,0.048521757,,,,,,,
,-0.26538464299999986,-0.5316598694999999,-1.1529354235,,,,,,,
,1.195783267,0.9609881674999999,-0.12071046449999995,,,,,,,
,-1.0697543050000002,0.6154706385000001,0.4797331115,,,,,,,
,-0.288642951,-0.6182942305,-0.014294373500000013,,,,,,,
,0.10754063099999994,-0.4990240844999999,-0.1426863715,,,,,,,
,149.0,-74.5,-3175.5,,,,,,,
,0.0,0.0,0.0,,,,,,,
,0.0,0.0,0.0,,,,,,,
,0.0,0.0,0.0,,,,,,,
,0.0,0.0,1.0,,,,,,,
,0.0,0.0,0.0,,,,,,,
,-0.2483064290000001,1.8758467854999998,-2019.1931683525,,,,,,,
,0.21829129199999975,2.011489952,-0.27711776600000004,,,,,,,
,-1.2837923439999999,1.3922421329999999,-0.2985522989999999,,,,,,,
,0.18091075700000003,0.9053063185000001,0.6369399335,,,,,,,
,-0.27029432,1.06481075,-0.29901118000000004,,,,,,,
,-0.2092635430000005,2.3898325185,-0.5298318555000003,,,,,,,
,0.10627682599999999,2.043785878,0.10375529100000003,,,,,,,
,-0.18246344399999992,1.569649595,-0.037062639000000064,,,,,,,
,-0.010252596000000391,2.110030495,-0.17418776000000014,,,,,,,
,-2.732771368,0.4682754979999999,-0.6993268819999998,,,,,,,
,-1.3020047480000003,-2.2554195110000004,0.6490971759999999,,,,,,,
,2.788380357,-1.0050278225,0.4700244764999999,,,,,,,
,0.6270694160000001,0.43356518599999994,-2.918942884,,,,,,,
,0.9633180260000002,1.174244392,0.5875231860000001,,,,,,,
,0.0,0.0,0.43456606699999994,,,,,,,
,0.0,0.0,-0.453928175,,,,,,,
,0.0,0.0,0.021534083999999953,,,,,,,
,0.0,0.0,0.197966062,,,,,,,
,0.0,0.0,-0.9271843310000001,,,,,,,
,0.0,0.0,0.22371910299999997,,,,,,,
,0.0,0.0,0.7530293299999999,,,,,,,
,0.0,0.0,-0.26243313900000004,,,,,,,
,0.0,0.0,0.433125279,,,,,,,
,317.0,-158.5,-2873.5,,,,,,,
,0.0,0.0,0.0,,,,,,,
,0.0,0.0,0.0,,,,,,,
,0.0,0.0,0.0,,,,,,,
,0.0,0.0,1.0,,,,,,,
,0.0,0.0,0.0,,,,,,,
,-1.0,0.5,-1989.802649201,,,,,,,
,0.16489934500000009,0.45612444750000003,-0.47861873349999995,,,,,,,
,-0.339023051,0.1695115255,0.2122299025,,,,,,,
,-0.22097222700000002,0.14878464049999998,0.49067498849999996,,,,,,,
,-0.025812799000000053,0.1745870245,-0.2137886605,,,,,,,
,0.4394616819999999,0.21973084099999995,-0.41811484499999985,,,,,,,
,0.09036722099999994,0.17789344150000008,0.15140110250000016,,,,,,,
,0.0021862770000000697,0.08850794449999999,0.04216269749999979,,,,,,,
,0.5599086270000001,-0.02221094249999994,0.1903209724999999,,,,,,,
,-2.398895018,-0.84146484,0.1672196210000001,,,,,,,
,-0.325340607,1.0700609225000002,-1.9637134155,,,,,,,
,-3.5336051100000003,0.02947060700000015,0.6313336180000002,,,,,,,
,-2.98996961,-0.6130217249999999,-1.8425382789999998,,,,,,,
,-1.9910669619999999,-1.563589962,0.67227448,,,,,,,
,0.498236223,-0.11506465749999997,0.6226150105,,,,,,,
,-0.515735265,-0.03258282750000002,0.10211754650000004,,,,,,,
,-0.22772635099999983,-0.8226676955,0.11714966849999997,,,,,,,
,0.86414074,-0.20363679399999995,0.28942488200000005,,,,,,,
,-0.788550935,-0.3580056905,-1.3619839315,,,,,,,
,-0.18299585100000004,0.5711532485,-0.29060233550000003,,,,,,,
,-0.1940167880000001,-0.21730620200000006,0.155828391,,,,,,,
,0.303415494,-0.356120204,-0.05662283400000012,,,,,,,
,-0.15988451400000026,0.322807949,0.3162032680000002,,,,,,,
,741.0,-370.5,-1750.5,,,,,,,
,0.0,0.0,0.0,,,,,,,
,0.0,0.0,0.0,,,,,,,
,0.0,0.0,0.0,,,,,,,
,0.0,0.0,0.0,,,,,,,
,0.0,0.0,-1.0,,,,,,,
,-0.781038304,0.609480848,-1992.912130049,,,,,,,
,-0.23841214100000002,0.18652783550000004,-0.3146480425,,,,,,,
,0.43524460099999995,-0.3248145805,0.051441482499999996,,,,,,,
,-0.476463438,0.39142582600000003,0.283812634,,,,,,,
,1.0392381720000001,0.369624347,0.02995278999999995,,,,,,,
,0.30762317800000005,0.15381158900000003,-0.2804004520000001,,,,,,,
,-0.6669583560000001,-0.06805951600000004,0.04118837699999989,,,,,,,
,0.40211173599999994,0.157348465,0.10991007900000005,,,,,,,
,-0.8589353339999999,-0.47263413200000004,-0.17523394300000006,,,,,,,
,1.1422440359999997,0.16839151499999994,0.48911832899999985,,,,,,,
,-2.837720197,-1.5487067055000001,-0.06914000149999988,,,,,,,
,-0.441635393,-0.06094595850000001,-0.07602986349999996,,,,,,,
,4.6562997909999995,1.8467233024999996,1.2536458684999996,,,,,,,
,-2.4615760819999997,1.391142323,-0.770541733,,,,,,,
,1.9521701919999996,-7.118170644999999,1.5728918099999998,,,,,,,
,0.1641995499999993,-7.6226405580000005,-0.01043910000000059,,,,,,,
,-0.4941863580000003,-8.308242891999999,0.3808239269999998,,,,,,,
,0.9940910090000008,-8.1985203435,0.5303682125000004,,,,,,,
,3.7853644519999996,-6.836244122,0.8411951529999997,,,,,,,
,0.36695854400000005,-4.954336683999999,1.440523646,,,,,,,
,-0.15200231900000016,-4.6548364845000005,-0.3169475825000001,,,,,,,
,0.37984075999999956,-4.820648739999999,-0.02285581300000028,,,,,,,
,0.08489963100000075,-4.6326113975,0.06754915450000043,,,,,,,
,-219.0,109.5,-2121.5,,,,,,,
,0.0,0.0,0.0,,,,,,,
,0.0,0.0,0.0,,,,,,,
,0.0,0.0,0.0,,,,,,,
,0.0,0.0,0.0,,,,,,,
,0.0,0.0,-1.0,,,,,,,
,-0.41610214300000004,0.7919489285,-1995.0945981295,,,,,,,
,-0.43821057599999996,-0.15116442,-0.07824798600000005,,,,,,,
,1.174619833,-0.1585407955,-0.5839792095,,,,,,,
,-0.38172542100000006,-0.1538240315,-0.14276209950000002,,,,,,,
,-0.032136184999999984,-0.4285536245,0.22767136350000006,,,,,,,
,-0.22375513999999996,-0.06390710300000013,-0.1743987709999999,,,,,,,
,-0.22383465199999986,-0.20039054700000003,0.13117679800000004,,,,,,,
,-0.04480054100000008,-0.02240027050000004,0.20224400750000004,,,,,,,
,-0.2135307230000003,-0.36576415249999994,0.23212739949999994,,,,,,,
,-1.140308089,-0.6596497115,1.5923238254999998,,,,,,,
,-2.4472687759999996,-0.12318439300000006,-1.083619476,,,,,,,
,2.21577861,-1.4477746099999997,-1.2597121760000003,,,,,,,
,0.22072438799999994,0.570913921,-0.42178944100000004,,,,,,,
,3.8946385489999997,-3.0730717865,-2.9746112614999998,,,,,,,
,0.13263589399999992,-0.297864822,0.06563962999999995,,,,,,,
,-0.041706487000000014,-0.38130893149999995,-0.03444936649999997,,,,,,,
,0.11095783600000009,-0.473121063,-0.052192424999999876,,,,,,,
,0.09842836799999999,-0.484325757,0.019613708000000063,,,,,,,
,-0.6972184840000002,-0.941015601,-0.4827065549999999,,,,,,,
,3.6871230400000004,-3.693660624,2.017320867,,,,,,,
,-0.09475598299999999,-0.46842032049999993,-0.04206301449999983,,,,,,,
,0.12022081900000015,-0.30383295549999995,0.15835965749999992,,,,,,,
,0.26254632999999994,-0.3741388579999999,0.18530635000000006,,,,,,,
,173.0,-86.5,-2136.5,,,,,,,
,0.0,0.0,0.0,,,,,,,
,0.0,0.0,0.0,,,,,,,
,0.0,0.0,0.0,,,,,,,
,0.0,0.0,0.0,,,,,,,
,0.0,0.0,-1.0,,,,,,,
,-1.255455312,0.372272344,-1996.857389625,,,,,,,
,0.43944878099999996,0.015901786499999987,0.16047370649999998,,,,,,,
,-0.21438456,-0.10719228,-0.164352364,,,,,,,
,-0.36358445799999994,-0.7373724150000001,-0.16443105800000007,,,,,,,
,0.27953917799999994,-0.422710682,-0.15900136900000006,,,,,,,
,0.31164747599999987,0.10785327100000008,-0.36225634000000007,,,,,,,
,-0.1319522310000001,0.15520693649999995,0.13174499849999988,,,,,,,
,-0.04480054199999994,-0.02240027099999997,-0.01957242300000006,,,,,,,
,-0.04232951899999993,-0.15066415450000004,0.01681816550000015,,,,,,,
,-1.3179437069999997,-0.3904848515,-0.8539180955000001,,,,,,,
,-0.43673741499999963,1.2562018235,2.3463796105,,,,,,,
,0.9433128069999999,-0.5184064264999999,0.7600904875000001,,,,,,,
,1.078080134,-1.147910025,1.7068926500000001,,,,,,,
,3.200448677,2.6049849005,0.14093826450000035,,,,,,,
,0.42234729800000004,0.751573887,-0.21087325099999987,,,,,,,
,-0.24772021800000021,0.11268893700000004,-0.404075249,,,,,,,
,-0.128484787,-0.1002833005,-0.15147321850000006,,,,,,,
,-0.010403664000000035,-0.016553746000000036,0.08680401199999999,,,,,,,
,0.6578817930000002,0.4135703765,0.16380760949999995,,,,,,,
,-0.9213391710000002,0.9917165505000001,0.16892015249999992,,,,,,,
,0.23361773800000007,-0.10874952099999996,-0.07464830500000008,,,,,,,
,0.1692759840000001,-0.08463799200000005,0.1598252549999999,,,,,,,
,0.23477016900000014,0.11738508450000007,-0.04581297849999988,,,,,,,
,-430.0,215.0,-1843.0,,,,,,,
,0.0,0.0,0.0,,,,,,,
,0.0,0.0,0.0,,,,,,,
,0.0,0.0,0.0,,,,,,,
,0.0,0.0,0.0,,,,,,,
,0.0,0.0,-1.0,,,,,,,
,-0.598570223,0.7007148885000001,-1998.4924534645,,,,,,,
,-0.16861396399999995,-0.05033654799999998,0.22702159300000002,,,,,,,
,0.456347722,-0.585481461,0.03723301200000004,,,,,,,
,0.502920239,0.3996148365,-0.011866874499999958,,,,,,,
,0.2683337360000001,-0.05332655599999997,0.37206338099999997,,,,,,,
,-0.24757981399999984,-0.315671775,-0.38624157400000003,,,,,,,
,0.17467364099999982,-0.3550292825,-0.11420795950000007,,,,,,,
,0.17701589000000006,0.0010931379999999935,0.08805637700000002,,,,,,,
,-0.044631120999999996,0.3230161605,-0.15427842049999985,,,,,,,
,-0.683774453,-0.5208785615,-0.06931595749999997,,,,,,,
,-0.32719275000000003,-3.59803913,-0.5901535949999999,,,,,,,
,3.4533589549999997,1.1111732895,2.5286561584999996,,,,,,,
,4.000920398000001,3.400380886,2.7808134390000006,,,,,,,
,-2.685506705,0.8322376784999999,-1.0035908905,,,,,,,
,-0.4509070740000001,-0.22545353700000004,0.16900696700000006,,,,,,,
,0.1520192469999999,-0.7462799155,-0.3640454615,,,,,,,
,0.3451845080000001,-0.23587136700000005,-0.6371953770000001,,,,,,,
,-0.10127311300000008,0.5510148655,0.2513661545,,,,,,,
,0.2051675879999999,0.10258379399999995,-0.06804044600000003,,,,,,,
,-0.3810057259999998,-1.179940918,0.19431548599999993,,,,,,,
,0.3068198630000001,-0.9593447945000001,0.07050943850000002,,,,,,,
,0.882875383,0.18752371550000002,0.4130985924999999,,,,,,,
,-0.4827958269999998,-0.4467215475000001,-0.13625295349999988,,,,,,,
,-34.0,17.0,-1919.0,,,,,,,
,0.0,0.0,0.0,,,,,,,
,0.0,0.0,0.0,,,,,,,
,0.0,0.0,0.0,,,,,,,
,0.0,0.0,0.0,,,,,,,
,0.0,0.0,-1.0,,,,,,,
,-0.41610214300000004,0.7919489285,-2001.3500534415,,,,,,,
,0.40857386399999995,-0.305269579,0.008225856999999948,,,,,,,
,0.06963306600000008,0.0009142270000000452,0.227771769,,,,,,,
,0.13177669600000003,-0.563769197,0.35007935900000003,,,,,,,
,0.967162274,0.446082452,-0.10981679900000008,,,,,,,
,-0.647440746,0.06004336399999999,0.045492630000000034,,,,,,,
,-0.3546504830000001,0.08809442049999994,0.1534845024999998,,,,,,,
,0.39445976699999985,-0.15242934149999998,-0.01957242250000002,,,,,,,
,-0.17161967700000003,-0.1289763034999999,-0.0036142654999999912,,,,,,,
,0.016537521999999916,0.09776442900000004,-0.4187904039999999,,,,,,,
,-2.388013515,-1.2159183725,1.6072654174999998,,,,,,,
,5.485679424000001,0.17461444700000017,-0.33268049700000013,,,,,,,
,-0.21690595899999998,-1.3478981355,-0.4004597395,,,,,,,
,1.122587891,0.8393516225,0.5415155065000001,,,,,,,
,0.456410033,-0.27695172749999997,-0.06758664250000002,,,,,,,
,0.6115263790000001,-0.6967541935,0.28127510050000004,,,,,,,
,-0.654703931,-0.02701106750000004,0.08670052950000007,,,,,,,
,-0.07042796299999998,-0.4325309595,-0.3282249525,,,,,,,
,-1.912785449,0.4581285814999999,0.02005680650000005,,,,,,,
,-0.298018222,0.12331328999999999,0.66710919,,,,,,,
,0.737185875,0.42122322850000005,-0.04538495649999996,,,,,,,
,-0.18556294499999998,0.1949877005,-0.08493596149999993,,,,,,,
,0.5521245969999999,0.6630183785,-0.019368153499999985,,,,,,,
,-36.0,18.0,-1480.0,,,,,,,
,0.0,0.0,0.0,,,,,,,
,0.0,0.0,0.0,,,,,,,
,0.0,0.0,0.0,,,,,,,
,0.0,0.0,0.0,,,,,,,
,0.0,0.0,-1.0,,,,,,,
,-1.766365937,0.1168170315,-2002.9303768565,,,,,,,
,0.27362078100000004,-0.33877568550000003,-0.22972195750000002,,,,,,,
,0.5268191259999999,0.09389803799999996,0.03673795399999996,,,,,,,
,-0.6780348540000001,-0.005669315000000008,-0.29595620600000005,,,,,,,
,0.17044503900000002,0.19771857350000002,0.11809678049999994,,,,,,,
,0.383763737,-0.1918818685,0.029395434499999817,,,,,,,
,0.13043703099999981,-0.3329109775,0.3075550395000002,,,,,,,
,-0.1322153479999999,0.021307132000000006,-0.020665562000000026,,,,,,,
,0.08591445699999989,0.042957228499999944,0.12557127449999994,,,,,,,
,-0.2529644230000001,0.00776128949999999,0.22323776350000002,,,,,,,
,-0.542113309,0.27024138849999996,0.6702754595,,,,,,,
,-1.2300869689999998,0.30421900449999995,-1.0433170825000002,,,,,,,
,-2.142340929,0.7371147844999999,-1.6606417514999998,,,,,,,
,-0.7759438969999999,-3.5472530385,0.3213318915000001,,,,,,,
,0.08739995400000006,-0.226500142,0.07728644000000001,,,,,,,
,-0.22184126199999998,-0.30241271499999994,0.27001086,,,,,,,
,0.0369494600000001,-0.47408434299999996,0.10494812199999992,,,,,,,
,-0.11965568300000007,-0.059827841500000034,-0.08228938249999995,,,,,,,
,-0.477873503,-0.39610578550000003,-0.18253359150000004,,,,,,,
,-0.024671542000000102,-0.030490597000000008,0.477366688,,,,,,,
,-0.33352265099999995,0.12646458149999998,-0.2718836644999999,,,,,,,
,-0.43654572600000013,0.061032510999999984,0.07745839099999996,,,,,,,
,-0.11516481,-0.45243554799999997,0.03466264100000005,,,,,,,
,-126.0,63.0,-2109.0,,,,,,,
,0.0,0.0,0.0,,,,,,,
,0.0,0.0,0.0,,,,,,,
,0.0,0.0,0.0,,,,,,,
,0.0,0.0,0.0,,,,,,,
,0.0,0.0,-1.0,,,,,,,
,-0.343114911,0.8284425445,-2004.8026492005,,,,,,,
,0.20444170700000003,-0.1695426185,0.10936327950000002,,,,,,,
,-0.24645841000000007,-0.05542459500000005,0.2538651970000001,,,,,,,
,-1.07664139,0.46172364099999996,-0.46829957699999997,,,,,,,
,0.15875915300000001,0.04188089150000001,0.3572158025,,,,,,,
,-0.42368560499999974,0.12395046649999997,-0.4501486765,,,,,,,
,0.04461541099999988,0.02230770549999994,0.04194597649999987,,,,,,,
,0.21963015499999994,-0.06501453550000003,0.20115086949999994,,,,,,,
,0.000627710000000059,-0.12918553999999982,0.21033493000000014,,,,,,,
,-1.4792591590000002,-0.4711425775,0.1374288705000002,,,,,,,
,-2.547828996,-1.833877991,1.176948316,,,,,,,
,2.863057731,-0.8477853315000001,0.4918743794999998,,,,,,,
,-2.30278819,0.23808915900000005,-1.5610214139999998,,,,,,,
,-1.649098188,0.492386652,-0.046564038,,,,,,,
,-0.27327204400000005,0.05132927799999998,0.10246959700000002,,,,,,,
,-0.09951678699999988,-0.17366503649999993,-0.030864758500000145,,,,,,,
,0.05126547699999984,0.03764637449999997,0.0035291314999996715,,,,,,,
,0.17688937500000002,0.020333205500000062,-0.06837039049999993,,,,,,,
,0.6004745009999999,0.022168959500000085,-0.7522292685,,,,,,,
,-0.26524127899999994,-0.4412526935,0.5584101665000001,,,,,,,
,0.5312212170000001,-0.08024559050000002,-0.022996114500000164,,,,,,,
,0.01267627099999985,-0.06137225849999997,-0.5595493545,,,,,,,
,-0.666371529,-0.11206800450000004,0.4412249355000002,,,,,,,
,11.0,-5.5,-2279.5,,,,,,,
,0.0,0.0,0.0,,,,,,,
,0.0,0.0,0.0,,,,,,,
,0.0,0.0,0.0,,,,,,,
,0.0,0.0,0.0,,,,,,,
,0.0,0.0,-1.0,,,,,,,
,-0.708051071,0.6459744645000001,-2007.5107002725,,,,,,,
,-0.14454917999999994,1.0147793,-0.23003150900000002,,,,,,,
,-0.12547682999999993,-0.40176146599999996,0.2520367419999999,,,,,,,
,1.5425229489999999,-0.04358946550000009,0.021392261499999954,,,,,,,
,-0.701269567,-0.01314662150000001,0.02849205450000003,,,,,,,
,0.21940972000000003,0.6373799989999999,-0.5043161520000001,,,,,,,
,-0.3081410709999999,0.33253217749999997,-0.13556866450000005,,,,,,,
,0.12784279399999976,-0.198323021,0.07002865999999996,,,,,,,
,0.040864860999999975,0.4520970825,0.2314996895000001,,,,,,,
,1.7034256709999998,1.6124260085,-0.5562601765000001,,,,,,,
,-4.105167855,-0.34266642150000015,0.4490693644999999,,,,,,,
,-4.348641285,-2.7167426085,2.0511267425,,,,,,,
,7.0024795719999995,-1.069051144,-1.296156776,,,,,,,
,-0.1852355910000001,3.5647788865,1.1127832945000002,,,,,,,
,-0.10792471399999992,-0.006971032000000044,0.01979593200000007,,,,,,,
,-0.20191870499999987,0.00041880950000000583,0.020336200500000068,,,,,,,
,0.07400837599999988,0.0009632800000000108,-0.007842318000000015,,,,,,,
,0.009455415999999994,0.03878344899999997,0.015346589000000188,,,,,,,
,-0.029309656000000017,-0.014654828000000009,-0.43733719000000004,,,,,,,
,-0.07415572599999998,0.062773684,0.46286739000000005,,,,,,,
,0.22934353900000015,-0.05825632949999998,0.1279427245,,,,,,,
,0.12458871899999999,0.07922195749999998,-0.6155055785,,,,,,,
,0.061985741000000094,-0.07956600949999998,0.07704630050000005,,,,,,,
,-382.0,191.0,-1998.0,,,,,,,
,0.0,0.0,0.0,,,,,,,
,0.0,0.0,0.0,,,,,,,
,0.0,0.0,0.0,,,,,,,
,0.0,0.0,0.0,,,,,,,
,0.0,0.0,-1.0,,,,,,,
,-1.927012768,1.036493616,-2009.828232192,,,,,,,
,-0.06763131599999994,0.00015477600000002312,-0.336121757,,,,,,,
,0.133780765,-0.10262114250000003,0.25618870949999994,,,,,,,
,-0.10859634100000004,0.13089522449999996,0.7383555655,,,,,,,
,-0.242520936,-0.121260468,-0.443403197,,,,,,,
,-0.04394616799999995,-0.021973083999999976,-0.41658437599999987,,,,,,,
,-0.04423661100000009,0.022118305500000046,-0.31175750550000014,,,,,,,
,0.13221534800000012,-0.021307132999999978,0.2000577309999998,,,,,,,
,-0.08633292999999997,0.04316646499999999,0.20876565499999988,,,,,,,
,-0.290795527,-0.27964126450000004,0.15005489550000006,,,,,,,
,0.6279731750000002,-0.17131510650000004,-1.2895279755000002,,,,,,,
,0.292093744,-0.148573901,0.02285297199999997,,,,,,,
,0.2414895130000002,0.07508098750000008,2.3258277665,,,,,,,
,-0.9932440860000002,-0.05480033599999978,0.5235434559999996,,,,,,,
,0.10792471399999992,0.006971032000000044,0.01979593200000007,,,,,,,
,0.20191870499999987,-0.00041880950000000583,0.020336200500000068,,,,,,,
,-0.07400837599999988,-0.0009632800000000108,-0.007842318000000015,,,,,,,
,-0.009455415999999994,-0.03878344899999997,0.015346589000000188,,,,,,,
,0.097698852,0.048849426,-0.47153178800000006,,,,,,,
,0.020203385000000018,-0.04436278749999997,0.4898435605,,,,,,,
,0.03396297299999995,0.2650957155,-0.0037105315000001138,,,,,,,
,-0.507342741,-0.0843953865,-0.42412856750000005,,,,,,,
,-0.027023666000000057,0.19970886399999999,0.05956526300000009,,,,,,,
,-289.0,144.5,-2143.5,,,,,,,
,0.0,0.0,0.0,,,,,,,
,0.0,0.0,0.0,,,,,,,
,0.0,0.0,0.0,,,,,,,
,0.0,0.0,0.0,,,,,,,
,0.0,0.0,-1.0,,,,,,,
,-1.2919489290000001,0.35402553549999993,-2012.5107002725,,,,,,,
,1.116690602,-0.08709294600000006,0.25603920199999997,,,,,,,
,-1.456809003,0.08525082049999999,-0.5391061745000001,,,,,,,
,-0.27237232599999994,0.863858173,0.656467573,,,,,,,
,0.5575982140000001,0.691284639,-0.04334362199999986,,,,,,,
,0.1600085979999999,-0.255788971,-0.31460699299999995,,,,,,,
,0.3588172840000001,0.40059169400000005,-0.11023055800000003,,,,,,,
,0.45128483100000016,0.3567646245,0.3595924724999999,,,,,,,
,-0.474203406,0.10823001799999998,0.014830416999999985,,,,,,,
,0.9112473660000002,0.634615018,0.7510763419999997,,,,,,,
,1.508201975,-0.32037968550000007,-0.8494135755000001,,,,,,,
,0.720819391,2.8703959705,0.23721579550000005,,,,,,,
,-1.364841873,-0.24404875550000005,1.5226620734999998,,,,,,,
,-5.158261976,-0.8766674209999996,-1.5589654890000002,,,,,,,
,-0.34493978999999986,-0.924331096,-0.20663631999999987,,,,,,,
,0.015731537999999823,-0.544082003,-0.07275738300000001,,,,,,,
,-0.47056781699999983,-0.7518702535,-0.2061220385000001,,,,,,,
,0.4138842589999999,-0.32659781149999995,0.2270164265000001,,,,,,,
,0.577145522,-0.12248471300000002,-0.16341925700000004,,,,,,,
,-0.34963980000000006,-0.20205214,0.25096962700000003,,,,,,,
,-0.15258688799999998,-0.06877483099999998,0.16632105000000008,,,,,,,
,1.0429692149999998,-0.21486592150000006,-0.0317266115,,,,,,,
,-0.4748160720000001,0.19693042100000002,-0.129368865,,,,,,,
,312.0,-156.0,-2602.0,,,,,,,
,0.0,0.0,0.0,,,,,,,
,0.0,0.0,0.0,,,,,,,
,0.0,0.0,0.0,,,,,,,
,0.0,0.0,0.0,,,,,,,
,0.0,0.0,-1.0,,,,,,,
,-1.5838978570000002,0.2080510714999999,-2014.3647258085,,,,,,,
,0.066393111,0.13510785749999998,0.16817237749999991,,,,,,,
,-0.29681680899999996,-0.35182223549999997,-0.22583326950000004,,,,,,,
,1.0151625089999998,-0.04799893249999998,-0.3282070425,,,,,,,
,-1.890982921,-0.8329954065,0.06915243149999994,,,,,,,
,0.5233297189999999,0.30963532650000003,0.0750326324999997,,,,,,,
,-0.3981294929999999,0.19906474649999994,-0.35182731449999993,,,,,,,
,-0.22618898399999998,-0.20050929900000003,-0.008641038000000156,,,,,,,
,-0.3021652560000001,0.15108262800000005,0.015353509000000098,,,,,,,
,-0.36963335100000005,-0.6770428465,-2.1237753345,,,,,,,
,-1.709321616,0.985103305,0.43600613499999985,,,,,,,
,-1.979492993,-0.7008354285,-0.5842634595,,,,,,,
,0.8442501060000001,0.10117399199999999,1.353195911,,,,,,,
,-0.575929095,-0.08837713450000001,-0.04081944750000002,,,,,,,
,0.765904285,0.007021542499999978,0.7279240244999999,,,,,,,
,-0.179576363,0.0115899805,-0.007034779499999977,,,,,,,
,0.20514036199999997,-0.558179795,-0.029692164999999993,,,,,,,
,0.41430424300000007,0.18444829450000003,0.2949179165000001,,,,,,,
,-0.26561721800000004,-0.07235898000000002,-0.6512555059999999,,,,,,,
,-0.2679953460000001,0.365260061,0.349470274,,,,,,,
,-0.307336719,-0.1687055855,-0.0922997405,,,,,,,
,0.27460769099999993,0.2557970345,0.19585443749999998,,,,,,,
,-0.36191701499999995,-0.08619375350000003,-0.6155591885,,,,,,,
,-180.0,90.0,-1998.0,,,,,,,
,0.0,0.0,0.0,,,,,,,
,0.0,0.0,0.0,,,,,,,
,0.0,0.0,0.0,,,,,,,
,0.0,0.0,0.0,,,,,,,
,0.0,0.0,-1.0,,,,,,,
,-1.401429777,0.29928511150000003,-2015.7260875275,,,,,,,
,-0.603419473,-0.5734732084999999,-0.47153916549999997,,,,,,,
,-0.13743767499999993,0.03298807749999999,0.06557406450000003,,,,,,,
,0.11993497100000017,0.20812220250000002,0.2393416975,,,,,,,
,1.135166285,1.1300634125000002,-0.30875588649999997,,,,,,,
,0.995306912,-0.36581495200000014,-0.09286400200000022,,,,,,,
,0.13119462999999998,-0.24405895700000002,-0.22214788500000004,,,,,,,
,-0.005465692999999883,-0.22126986150000005,-0.12446837649999987,,,,,,,
,0.64791545,-0.4098721820000001,0.1882286059999998,,,,,,,
,-0.33225906500000024,-0.21087736649999994,-1.0228824745,,,,,,,
,1.699798772,-1.1107843800000001,-1.3645131830000001,,,,,,,
,0.15573099299999993,-0.9042037465,0.5093754745,,,,,,,
,-4.287291351,-0.34449317950000014,1.0800213824999998,,,,,,,
,-0.9893370759999999,0.5732094109999999,-0.823452533,,,,,,,
,-0.181922472,-0.067465574,0.09217408600000002,,,,,,,
,-0.458111102,-0.21779131099999996,0.035973208000000034,,,,,,,
,0.828674513,0.05392817849999998,0.04849042349999996,,,,,,,
,0.1651174769999999,-0.48503694350000004,0.1419041445,,,,,,,
,-0.06740974999999999,0.06301452999999999,-0.153416798,,,,,,,
,-1.403079621,-0.27490138350000004,-0.38397373650000005,,,,,,,
,0.83363963,-0.09444587000000004,0.512974449,,,,,,,
,0.49994700299999995,1.4010501915,-0.3846924445,,,,,,,
,0.29148017699999995,0.4695196655,-0.6507776075,,,,,,,
,138.0,-69.0,-2263.0,,,,,,,
,0.0,0.0,0.0,,,,,,,
,0.0,0.0,0.0,,,,,,,
,0.0,0.0,0.0,,,,,,,
,0.0,0.0,0.0,,,,,,,
,0.0,0.0,-1.0,,,,,,,
,-1.525582991,1.2372085044999999,-2018.5545300715,,,,,,,
,-0.10655457499999987,0.5581905255,-0.11469483250000001,,,,,,,
,-0.555236066,0.027502712999999956,-0.6628304379999999,,,,,,,
,0.3308284159999999,-0.242011262,0.561981104,,,,,,,
,-0.556637328,0.35915897599999996,-0.15583967599999993,,,,,,,
,-0.3277446720000001,0.07597999900000008,-0.4705912910000001,,,,,,,
,0.1334674309999997,0.02249710550000006,0.09015998849999995,,,,,,,
,-0.537606499,-0.2688032495,0.14050888849999987,,,,,,,
,0.17224738700000009,-0.00020923650000015392,-0.26543775150000015,,,,,,,
,0.8463443130000001,0.19943298749999994,0.6612979265000005,,,,,,,
,-4.280501742,-0.2639674000000001,0.5752288350000001,,,,,,,
,-0.9545029780000001,-1.372533218,0.5767747900000001,,,,,,,
,2.4605114630000005,-2.5533136945,-1.2888229835000002,,,,,,,
,4.188523074999999,-1.5068412595000003,-0.3213520765000002,,,,,,,
,0.013165391999999998,0.35901763400000003,0.10144037200000006,,,,,,,
,0.07093591499999996,-0.43763013250000005,-0.34305407750000005,,,,,,,
,0.02108270400000012,-0.542085901,0.19550466700000002,,,,,,,
,0.604970294,-0.37862967200000003,0.4413210179999999,,,,,,,
,-0.21163798700000003,-0.02118951349999998,-0.05418449049999996,,,,,,,
,-1.2977356400000002,-0.267616459,-0.20278607199999998,,,,,,,
,-0.501019514,-0.829442959,0.11943210800000004,,,,,,,
,0.06912717000000002,-1.1588321000000001,-0.42960288700000004,,,,,,,
,-0.15445166499999985,-0.42469659849999997,0.2885222015000001,,,,,,,
,-312.0,156.0,-2559.0,,,,,,,
,0.0,0.0,0.0,,,,,,,
,0.0,0.0,0.0,,,,,,,
,0.0,0.0,0.0,,,,,,,
,0.0,0.0,0.0,,,,,,,
,0.0,0.0,-1.0,,,,,,,
