Year,Tmax31,Tmax32,Tmax33,Tmax34,Tmax35,Tmax36,Tmax37,Tmax38,Tmax39,Tmin31,Tmin32,Tmin33,Tmin34,Tmin35,Tmin36,Tmin37,Tmin38,Tmin39,Rain28,Rain29,Rain30,Rain31,Rain32,Rain33,Rain34,Rain35,Rain36,RHI28,RHI29,RHI30,RHI31,RHI32,RHI33,RHI34,RHI35,RHI36,RHII28,RHII29,RHII30,RHII31,RHII32,RHII33,RHII34,RHII35,RHII36,Yield,District_Belagavi,District_ChickkaManglur,District_Dakshinakannada,District_Davanagere,District_Hassan,District_Kodagu,District_Mysuru,District_Shivamogga,District_Udupi,District_Uttarkannada
1985,1.208261424,1.500591928,1.430816492,1.896684061,1.814612171,1.938231558,1.538845229,2.530268391,2.440882485,0.660165,0.662032582,0.478176693,1.159848919,0.630189393,0.523739665,1.046713368,1.215660344,0.440629179,-0.911713432,-0.823844149,-0.778889231,-0.785542754,-0.470083131,-0.644147591,0.282801568,0.575970814,-0.462145583,-2.200680473,-3.276889854,-2.276640885,-2.196313118,-1.559402635,-1.996908007,-2.038788245,-2.162645114,-1.1601394,-2.779565562,-2.929163961,-2.122002842,-2.217172486,-2.17851869,-2.381177627,-2.014494928,-2.745276913,-1.657737332,2724,0,0,0,0,0,0,0,0,0,0
1986,1.463716736,1.025005852,0.488311782,1.523758705,2.672150412,2.086386274,1.500546702,0.917824949,0.985756867,0.516253598,0.486247909,0.345466862,1.24907974,0.542774587,0.299736957,0.701381646,0.399473003,0.93285535,-0.686959319,-0.909867526,-0.787041887,-0.846065626,-0.830184662,-0.666327136,-0.633794557,1.451084852,-0.481780801,-2.400393604,-1.790115177,-1.476879827,-2.095772575,-2.148070795,-2.00956383,-1.754990404,-1.314177547,-1.643736428,-2.711176366,-2.230203133,-1.2911713,-2.209653873,-3.2907088,-2.897469378,-2.297527561,-0.589378753,-0.548650671,2715,0,0,0,0,0,0,0,0,0,0
1987,3.178916691,1.500591928,1.430816492,1.35424718,1.31438153,1.419690051,1.960129024,1.930289436,1.551639052,1.955367612,0.662032582,0.964779406,1.29369515,0.936141215,1.24054833,1.521544484,1.301574801,0.93285535,-0.306327353,-0.463519815,-0.607683454,-0.846065626,-0.818813035,-0.58804639,-0.765442116,-0.578906776,-0.449055437,-2.952541674,-1.753555144,-1.983770638,-1.816493286,-2.520493509,-2.427205975,-2.844774113,-2.325811954,-1.414027839,-4.07896029,-2.11219676,-2.370395777,-1.841241836,-2.05762846,-2.237293041,-2.344699667,-2.010850067,-1.544400009,2602,0,0,0,0,0,0,0,0,0,0
1988,1.025793344,1.874266703,1.565460022,1.727172536,0.528304809,1.123380618,1.04096438,0.542838102,0.500714994,1.043928737,1.497009778,1.274435678,1.115233508,0.455359781,0.792542914,0.485549321,0.528344688,0.261637844,-0.99962129,-0.934213765,-0.434847145,-0.846065626,2.00008702,-0.666327136,0.518121579,-0.783611815,-0.107075387,-2.188932642,-2.606622582,-2.06262032,-2.039916717,-1.379198096,-1.073032958,-1.300913858,-1.357688705,-0.652362521,-2.535318433,-2.375441747,-1.582390603,-1.510422863,-0.663361148,-1.560189106,-0.976708607,-0.478819873,-1.277247747,2506,0,0,0,0,0,0,0,0,0,0
1990,1.755665665,1.126917154,0.353668252,0.506689553,0.77842013,0.827071185,1.117561434,1.930289436,0.864496399,1.571603875,1.101494264,0.610886524,0.981387277,0.805019006,0.792542914,0.787714577,0.957916973,0.977603183,-1.031340621,-0.187595775,-0.640294078,-0.846065626,-0.830184662,-0.601093181,-0.765442116,-0.783611815,-0.776309075,-2.694089386,-1.972915342,-1.893656716,-2.196313118,-2.34028897,-2.034875475,-1.448488736,-2.380200901,-2.224052861,-2.867494529,-1.258919905,-1.145561648,-1.284864473,-1.574067543,-1.560189106,-1.723600278,-2.058232444,-1.422967163,3117,0,0,0,0,0,0,0,0,0,0
1991,1.500210352,1.330739758,1.094207667,1.150833349,1.27865077,1.827115521,1.194158488,0.805328895,0.783656087,0.756105934,0.2225709,0.433940082,0.713694814,0.236822766,0.792542914,0.528715786,0.098772403,0.57487268,-0.845555971,-0.917982939,-0.735680154,-0.846065626,-0.772063012,-0.715904943,-0.696327147,2.529198053,-0.809034438,-2.282915292,-1.851048566,-2.06262032,-2.006403202,-1.979879892,-3.42701596,-1.959324849,-1.509977755,-2.695559963,-1.50948049,-1.476777825,-1.582390603,-1.615683445,-1.517652102,-2.254220639,-1.299051328,-1.197452593,-1.123432809,2704,0,0,0,0,0,0,0,0,0,0
1993,0.879818879,1.704414532,1.296172962,1.828879451,1.02853545,1.049303259,1.692039336,1.180315742,1.26869796,-1.690387889,-1.051867979,-1.379760941,-1.69553735,-1.817425179,-1.761087956,-1.241109285,-1.748388423,-1.796762507,-0.976964626,-0.916359857,-0.616651375,-0.752426466,-0.178211364,-0.744607883,-0.765442116,-0.527730517,0.352715974,-2.341654448,-2.643182615,-1.61205071,-2.151628432,-0.778516299,-2.161433701,-1.86850954,-1.509977755,-2.151513307,-2.349690615,-3.056247748,-1.925001548,-2.495361168,-1.372583827,-1.560189106,-2.14028721,-0.826290638,-1.738692563,2829,0,0,0,0,0,0,0,0,0,0
1995,1.974627361,1.976178005,1.767425317,1.35424718,1.17145849,1.419690051,1.232457014,1.255313112,1.430378584,1.475662941,1.453063609,1.318672289,0.713694814,1.329507843,1.106146705,1.003546902,0.957916973,1.290838019,-1.040403287,-0.784890167,-0.71040692,-0.599406374,-0.266657354,-0.666327136,-0.469235109,-0.425377998,-0.661770302,-1.965723848,-1.911981954,-2.040091839,-1.972889688,-1.559402635,-2.414550153,-1.857157627,-1.564366702,-1.812995387,-2.740486021,-2.774847934,-2.062045926,-1.593127606,-1.074387928,-1.983379065,-1.637118084,-1.789732307,-1.900603024,3242,0,0,0,0,0,0,0,0,0,0
1996,1.828652897,1.534562362,1.127868549,0.879614909,1.31438153,0.678916468,1.155859961,1.217814427,1.592059208,1.619574342,1.277278937,1.230199068,0.356771531,-1.292936342,-1.716287415,-1.456941611,-1.275858909,-1.528275504,-1.040403287,-0.711851451,-0.628880359,-0.693045535,0.452282194,-0.547601337,-0.693035959,-0.783611815,-0.547231529,-2.811567699,-2.033848731,-1.217802301,-0.487123874,-1.283089008,-0.212437022,-0.642502867,-1.43383323,-0.894161035,-2.857724643,-2.348209507,-1.556694782,-1.142010826,-1.686898423,-1.153926745,-1.464153697,-1.726555804,-1.172005947,3202,0,0,0,0,0,0,0,0,0,0
1997,1.901640129,2.417793647,1.969390612,1.862781756,2.100458252,2.604927782,2.113323131,2.717761815,1.955840613,-1.83429929,-1.798952838,-2.043310096,-1.873998992,-2.079669597,-1.985090664,-1.931772728,-1.705431194,-2.020501675,-1.004152623,-0.861175049,-0.681057358,-0.834646216,-0.830184662,-0.637624196,-0.712783092,-0.694906298,-0.766491466,-2.752828542,-2.521315838,-1.871128235,-2.464421235,-2.628616233,-2.250024459,-1.925269108,-2.010356064,-2.066883827,-2.799105332,-2.43898364,-2.25904722,-1.833723223,-2.766851139,-2.787439988,-2.501940019,-2.634718033,-2.272997085,2989,0,0,0,0,0,0,0,0,0,0
1998,1.865146513,1.534562362,2.104034142,1.727172536,1.778881411,1.715999483,1.538845229,1.855292067,0.621975463,1.283781072,1.145440432,1.362908899,1.026002687,1.110970827,0.971745081,1.046713368,1.04383143,1.380333687,-1.022277955,-0.853059636,-0.795194543,-0.149481628,-0.817549521,-0.535859225,-0.716074281,-0.225790585,0.478708624,-1.953976016,-1.936355309,-1.476879827,-0.475952703,-1.763634445,-1.111000426,-1.664175095,-1.401199862,0.677529305,-2.994503036,-1.195378011,-2.63591926,-0.984119952,-1.985094323,-1.6194357,-1.621394049,-1.513335107,-0.208638702,3341,0,0,0,0,0,0,0,0,0,0
1999,2.595018834,2.485734515,2.608947379,2.032293282,2.100458252,2.049347595,1.998427551,2.717761815,1.713319676,1.283781072,1.145440432,1.45138212,1.24907974,1.460630052,1.285348872,1.348878624,0.571301917,0.57487268,-0.976964626,-0.879028957,-0.712037451,-0.718168236,-0.751846785,-0.744607883,-0.765442116,-0.783611815,3.036195799,-2.341654448,-2.557875871,-2.242848164,-1.391988768,-1.943838984,-1.920973072,-1.891213367,-1.542611123,-1.135959549,-3.033582577,-2.057732279,-2.575962344,-1.833723223,-1.759432561,-2.025698061,-2.588422212,-2.618923907,-1.690119424,3582,0,0,0,0,0,0,0,0,0,0
2000,1.865146513,1.534562362,2.104034142,1.727172536,1.778881411,1.715999483,1.538845229,1.855292067,0.621975463,1.283781072,1.145440432,1.362908899,1.026002687,1.110970827,0.971745081,1.046713368,1.04383143,1.380333687,-1.022277955,-0.853059636,-0.795194543,-0.149481628,-0.817549521,-0.535859225,-0.716074281,-0.225790585,0.478708624,-1.953976016,-1.936355309,-1.476879827,-0.475952703,-1.763634445,-1.111000426,-1.664175095,-1.401199862,0.677529305,-2.994503036,-1.195378011,-2.63591926,-0.984119952,-1.985094323,-1.6194357,-1.621394049,-1.513335107,-0.208638702,3454,0,0,0,0,0,0,0,0,0,0
2001,2.595018834,2.485734515,2.608947379,2.032293282,2.171919772,1.938231558,1.653740809,1.067819688,0.581555307,1.139869671,1.145440432,1.45138212,1.24907974,1.460630052,1.464551038,1.219379228,1.04383143,0.709116181,-0.976964626,-0.879028957,-0.712037451,-0.718168236,-0.777117068,-0.744607883,0.123178904,0.1000316,-0.072713755,-2.341654448,-2.557875871,-2.242848164,-1.391988768,-1.763634445,-1.883005604,-1.221450463,0.632946741,0.653349454,-3.033582577,-2.057732279,-2.575962344,-1.833723223,-1.735254515,-2.948252173,-2.030218963,-0.399849244,-0.419122302,3397,0,0,0,0,0,0,0,0,0,0
2002,2.740993298,0.855153681,1.464477374,1.693270231,2.243381292,1.901192879,2.343114292,1.967788121,2.400462329,1.811456211,1.057548096,1.761038392,1.29369515,1.591752261,1.50935158,1.219379228,1.34453203,1.78306419,-1.040403287,-0.820597984,-0.795194543,-0.846065626,-0.830184662,-0.744607883,-0.551514833,-0.783611815,-0.809034438,-1.871741197,-1.704808434,-2.265376644,-2.118114918,-2.592575325,-2.617043314,-2.311234172,-2.195278482,-2.272412563,-2.779565562,-1.540319718,-2.0706112,-2.254765552,-2.605664167,-2.931324575,-2.6277323,-2.816350479,-2.119182147,3535,0,0,0,0,0,0,0,0,0,0
2004,1.463716736,1.942207571,1.733764434,1.761074841,2.171919772,1.271535334,0.772874693,1.592801274,1.511218896,1.715515276,1.672794451,1.49561873,1.606003023,1.591752261,1.419750497,1.305712159,1.731147086,1.201342352,-1.013215289,-0.871725086,-0.773997637,-0.53659962,-0.809968436,-0.662413099,-0.477463082,-0.423672122,-0.295246228,-1.98921951,-2.838169457,-2.423076008,-2.419736549,-2.712711684,-1.161623716,-0.846837313,-0.889943764,-0.930430812,-1.499710605,-2.511602947,-2.413222145,-2.187098034,-3.05698769,-1.111607749,-1.071052818,-0.613069941,-1.868220932,3607,0,0,0,0,0,0,0,0,0,0
2005,1.828652897,1.398680626,1.127868549,1.4898564,1.528766091,0.975225901,0.811173219,0.580336787,1.26869796,2.099279013,1.321225105,1.45138212,1.739849255,1.28580044,1.061346164,1.65104388,1.34453203,1.290838019,-1.040403287,-0.471635228,-0.754431263,-0.846065626,-0.122616742,0.018629398,-0.765442116,-0.647141789,-0.809034438,-2.400393604,-1.875421921,-1.600786469,-1.928205002,-0.442134493,-0.237748667,-1.754990404,-1.42295544,-1.377758062,-2.506008777,-1.685558332,-1.214083837,-2.036725774,-1.291990341,-0.358329621,-1.165397029,-0.849981827,-1.123432809,3220,0,0,0,0,0,0,0,0,0,0
2006,1.463716736,1.670444098,1.767425317,2.371316333,2.064727492,2.641966461,1.960129024,0.955323634,1.389958428,1.763485743,1.716740619,1.982221444,1.650618434,1.416922649,1.733354288,1.521544484,1.645232629,1.380333687,-1.026809288,-0.77434013,-0.779704496,-0.665638951,-0.645711597,-0.504546926,-0.640376935,-0.659082916,-0.671587911,-2.435637098,-3.118463044,-2.806060176,-2.687844666,-2.952984403,-1.920973072,-0.597095213,-2.021233853,-1.704186056,-2.154292911,-1.903416252,-2.25904722,-2.781068462,-2.766851139,-2.762048591,-1.008156677,-0.881570078,-1.463444778,3245,0,0,0,0,0,0,0,0,0,0
2007,1.828652897,1.398680626,1.127868549,1.4898564,1.528766091,0.975225901,0.811173219,0.580336787,1.26869796,2.099279013,1.321225105,1.45138212,1.739849255,1.28580044,1.061346164,1.65104388,1.34453203,1.290838019,-1.040403287,-0.471635228,-0.754431263,-0.846065626,-0.122616742,0.018629398,-0.765442116,-0.647141789,-0.809034438,-2.400393604,-1.875421921,-1.600786469,-1.928205002,-0.442134493,-0.237748667,-1.754990404,-1.42295544,-1.377758062,-2.506008777,-1.685558332,-1.214083837,-2.036725774,-1.291990341,-0.358329621,-1.165397029,-0.849981827,-1.123432809,3899,0,0,0,0,0,0,0,0,0,0
2008,1.974627361,0.889124115,1.430816492,1.862781756,1.814612171,1.197457976,0.849471746,1.217814427,1.026177023,2.099279013,1.277278937,1.45138212,1.739849255,1.242093036,1.106146705,1.65104388,0.829045288,0.306385678,-0.937088896,-0.884709746,-0.795194543,-0.200868972,0.049221182,0.956693679,-0.765442116,-0.783611815,-0.809034438,-2.400393604,-1.875421921,-1.600786469,-1.928205002,-0.442134493,-0.237748667,-1.754990404,-1.42295544,-1.377758062,-2.506008777,-1.685558332,-1.214083837,-2.036725774,-1.291990341,-0.358329621,-1.165397029,-0.849981827,-1.123432809,3835,0,0,0,0,0,0,0,0,0,0
2009,2.558525218,2.553675383,1.902068847,1.252540265,1.421573811,1.197457976,1.577143756,1.630299959,1.066597179,2.099279013,1.321225105,1.45138212,1.739849255,1.28580044,1.061346164,1.65104388,1.34453203,1.290838019,-1.022277955,-0.934213765,-0.7511702,-0.487496158,-0.072076176,-0.70546751,1.808267652,0.359324649,-0.543958992,-2.353402279,-1.997288698,-1.555729508,-1.939376173,-0.634352668,-0.149157909,-1.562007872,-1.455588808,-1.498657319,-2.408309926,-1.603861612,-1.351128215,-1.961539644,-1.308109038,-0.459895211,-0.984570624,-1.015820147,-1.058668624,3246,0,0,0,0,0,0,0,0,0,0
2010,2.120601825,0.821183247,1.329833844,1.761074841,1.886073691,1.493767409,0.619680585,1.217814427,1.066597179,2.578983684,2.288040806,2.336114326,2.364465001,2.378485516,2.450162953,2.341707322,1.516360944,0.440629179,-0.947964095,-0.88065204,-0.789487684,-0.840355921,0.728991791,0.881022291,-0.633794557,-0.783611815,-0.809034438,-2.353402279,-1.997288698,-1.555729508,-1.939376173,-0.634352668,-0.149157909,-1.562007872,-1.455588808,-1.498657319,-2.408309926,-1.603861612,-1.351128215,-1.961539644,-1.308109038,-0.459895211,-0.984570624,-1.015820147,-1.058668624,3830,0,0,0,0,0,0,0,0,0,0
2011,1.682678433,2.044118873,1.599120904,1.28644257,1.24292001,1.530806088,1.615442282,1.217814427,1.794159988,1.091899204,1.233332768,1.230199068,1.159848919,1.242093036,1.24054833,0.830881042,0.786088059,1.022351017,-0.718678649,-0.917982939,-0.737310685,-0.69875524,-0.574954805,-0.726342375,-0.220750343,-0.783611815,-0.809034438,-3.187498299,-3.410943308,-3.583292754,-2.308024834,-2.388343514,-2.74360154,-3.264794918,-3.35920194,-3.88037268,-1.294543016,-1.267997318,-0.931429807,-0.412705363,-1.042150533,-1.289347532,-0.937398519,-0.921055393,-1.147719378,3937,0,0,0,0,0,0,0,0,0,0
2012,2.303069905,1.806325834,1.834747082,2.032293282,1.24292001,1.234496655,1.232457014,1.292811796,1.955840613,1.283781072,1.145440432,0.876306185,0.847541045,0.892433812,0.971745081,0.874047507,0.571301917,0.485377013,-1.040403287,-0.922852187,-0.795194543,0.183965138,-0.783434639,-0.231868992,-0.765442116,-0.783611815,-0.465418119,-4.855690338,-3.605930151,-4.653395578,-4.10658345,-2.664657141,-3.629509121,-3.401017881,-3.848702459,-4.025451789,-2.476699122,-1.467700412,-1.376824036,-0.833747692,-0.477996129,-0.646098793,-1.039604747,-1.015820147,-0.386740209,3904,0,0,0,0,0,0,0,0,0,0
2014,1.938133745,1.840296268,2.003051494,2.167902502,0.88561241,1.160419297,1.232457014,0.805328895,1.26869796,1.139869671,0.969655759,1.009016016,1.026002687,1.067263424,1.195747789,1.046713368,1.000874202,1.246090186,-1.013215289,-0.934213765,-0.54898433,-0.313921129,-0.533258838,-0.642842912,-0.673288825,-0.111496939,-0.809034438,-2.553115411,-3.922783771,-4.76603798,-2.710187009,-1.95585262,-2.553764201,-3.491833191,-1.42295544,-2.381221895,-2.154292911,-2.121274173,-1.856479359,-0.638263754,-0.639183102,-1.543261507,-1.173259046,-0.486716935,-0.338167071,3889,0,0,0,0,0,0,0,0,0,0
2018,2.157095441,1.704414532,0.622955312,1.388149485,1.493035331,1.678960804,2.228218712,1.555302589,1.834580144,1.139869671,1.101494264,0.743596354,0.758310225,0.58648199,0.613340748,1.176212763,1.215660344,1.067098851,-1.040403287,-0.877405875,-0.526156893,-0.846065626,-0.628022399,-0.744607883,-0.765442116,-0.773376563,-0.795944293,-0.602975421,-0.57144741,-0.553212126,-0.498295046,-0.622339032,-1.148967894,-0.835485399,-0.411321034,-0.410564007,-0.004918173,0.193466231,0.815886014,-0.059330552,0.537481798,0.115643134,-0.83519229,-0.068172604,0.252806113,4256,0,0,0,0,0,0,0,0,0,0
2019,1.901640129,1.636473664,1.599120904,1.761074841,1.564496851,1.382651371,1.155859961,1.105318373,1.349538272,1.811456211,1.453063609,1.49561873,1.561387613,1.373215246,1.330149413,1.435211554,1.215660344,0.977603183,-0.979683426,-0.806801782,-0.747909138,-0.525180211,-0.288137095,-0.160111641,-0.390246574,-0.526024641,-0.683041788,-2.694089386,-2.655369292,-2.614568092,-2.386223034,-1.523361727,-1.300837765,-2.004732504,-1.868944803,-2.006434198,-2.193372452,-1.758177639,-1.522433688,-1.690869576,-1.445117965,-0.933867966,-1.071052818,-0.849981827,-1.066764147,4571,0,0,0,0,0,0,0,0,0,0
2021,0.441895487,0.617360643,-0.050262338,0.540591858,0.135266449,-0.172973151,-0.146289951,0.430342048,0.096513434,0.036548927,0.046786227,-0.185372462,-0.044767164,-0.156543862,-0.013866834,0.097051134,-0.030099283,-0.096344826,-0.93346383,-0.789759415,-0.713667982,-0.794678282,-0.607806173,-0.38190709,-0.605819451,-0.73414143,-0.658497765,-0.250540483,-0.169287046,-0.068849795,-0.029105841,0.086465489,0.065991075,0.140779174,0.317490851,0.278561757,-0.161236336,-0.441952703,0.02788084,-1.081861921,0.005564788,-0.019777653,0.359834383,-0.478819873,0.204232975,2715,0,0,0,0,0,0,0,0,0,0
1990,-0.032521522,-0.435722812,-1.262054108,-0.951109566,-0.829464073,-0.839669375,-0.337782585,0.017856517,-0.06516719,-0.34721481,-0.348729287,-0.273845683,-0.178613395,-0.375080877,-0.237869542,-0.852611099,-1.018115538,-0.454327495,-0.911713432,-0.823844149,-0.778889231,-0.785542754,-0.470083131,-0.644147591,0.282801568,0.575970814,-0.462145583,0.160633611,0.293806705,0.866082146,0.741704994,0.687147285,0.926587011,0.481336583,0.415390955,0.604989751,-0.200315877,0.066382445,0.824451287,0.812828558,0.40853222,0.623471085,-0.332023165,-0.431437495,0.018035944,1667,1,0,0,0,0,0,0,0,0,0
1991,-0.50693853,-0.67351585,-0.790801753,-0.849402651,-0.793733313,-0.098895793,0.466486478,-0.319631646,0.056093278,-0.01142154,-0.348729287,-0.185372462,-0.357075037,-0.593617893,-0.909877666,-0.377779982,-0.545586025,-0.096344826,-0.686959319,-0.909867526,-0.787041887,-0.846065626,-0.830184662,-0.666327136,-0.633794557,1.451084852,-0.481780801,0.595303368,0.744713779,0.775968224,0.730533823,0.735201829,0.230516769,0.265650224,0.959280421,0.641259528,0.327257922,0.420401565,0.927234571,0.542158489,0.094217623,-0.442967613,0.296938242,0.366165853,0.803301682,1557,1,0,0,0,0,0,0,0,0,0
1993,-0.981355539,-0.469693246,-0.656158223,-0.679891125,-0.293502672,-0.728553338,-0.452678166,0.092853886,-0.550209063,-0.059392007,-0.392675455,-0.229609073,-0.401690447,-0.375080877,-0.506672792,-0.809444634,-0.416714339,-0.409579662,-0.306327353,-0.463519815,-0.607683454,-0.846065626,-0.818813035,-0.58804639,-0.765442116,-0.578906776,-0.449055437,0.548312043,0.452233515,0.730911263,0.752876166,0.603051834,0.572223979,0.708374856,0.415390955,0.870968116,0.444496544,0.002840551,0.567493078,0.339155938,0.319879385,0.411876105,-0.064714567,-0.384055118,0.301379252,2248,1,0,0,0,0,0,0,0,0,0
1994,-0.725900227,-0.265870642,-0.588836458,-0.71379343,-1.329694713,-1.173017487,-0.6441708,-0.582122439,0.460294838,-0.059392007,-0.52451396,-0.185372462,-0.178613395,-0.287666071,-0.103467917,-1.154776355,-1.877260108,-0.946553666,-0.99962129,-0.934213765,-0.434847145,-0.846065626,2.00008702,-0.666327136,0.518121579,-0.783611815,-0.107075387,0.571807705,0.159753251,0.719647023,0.853416709,0.843324552,0.496289043,0.594855719,0.643824531,0.677529305,0.258868726,-0.296714089,0.447579248,0.715086589,1.004924018,0.68271768,-0.041128514,-1.165864341,-1.843934362,1801,1,0,0,0,0,0,0,0,0,0
1995,0.003972094,0.107804133,-0.016601456,0.744005688,-0.829464073,-0.6174373,-0.337782585,0.017856517,-0.226847815,0.036548927,-0.04110611,-0.362318904,-0.267844216,0.01828575,-0.596273875,-0.205114122,-0.373757111,-0.27533616,-1.031340621,-0.187595775,-0.640294078,-0.846065626,-0.830184662,-0.601093181,-0.765442116,-0.783611815,-0.776309075,0.125390117,0.208499962,0.269077413,-0.040277013,0.759229101,0.546912333,0.311057878,0.458902112,0.206022203,0.122090334,-0.714275104,-0.580253588,-0.80367324,0.779262257,-0.519141805,-0.221954918,-0.107657918,0.333761344,1481,1,0,0,0,0,0,0,0,0,0
1996,-0.652912995,-0.367781944,-0.386871163,-0.306965769,-0.543617992,-0.024818435,-0.222887005,-0.282132961,-0.024747034,-0.107362474,-0.216890783,-0.185372462,-0.223228805,-0.375080877,-0.282670084,-0.248280587,-0.717414939,-0.185840493,-0.845555971,-0.917982939,-0.735680154,-0.846065626,-0.772063012,-0.715904943,-0.696327147,2.529198053,-0.809034438,0.395590236,0.366926771,0.325398614,0.529452735,0.458888203,0.496289043,0.424577015,0.273979694,0.41155094,0.385877233,0.375014498,-0.014945528,0.136153387,-0.099206744,0.149498331,0.30480026,-0.091863792,0.625200175,2001,1,0,0,0,0,0,0,0,0,0
1997,-0.616419379,-0.401752378,-0.285888516,-0.71379343,-0.400694952,0.234452319,0.543083532,0.542838102,0.015673122,-0.01142154,-0.260836951,-0.185372462,-0.089382574,-0.418788281,-0.7306755,-0.636778773,-0.545586025,-0.588570996,-0.976964626,-0.916359857,-0.616651375,-0.752426466,-0.178211364,-0.744607883,-0.765442116,-0.527730517,0.352715974,0.513068549,0.415673482,0.460569497,0.663506793,0.218615484,-0.174469554,0.311057878,0.393635376,0.206022203,0.346797693,0.302395192,0.250577954,0.925607753,-0.050850652,-0.671490191,-0.960984572,-0.952643644,-0.491982009,1988,1,0,0,0,0,0,0,0,0,0
1998,0.003972094,-0.231900208,0.185363839,0.337178027,-0.293502672,-0.172973151,-0.490976692,-0.35713033,-0.469368751,0.036548927,0.046786227,-0.096899242,0.222925299,-0.069129056,0.075734249,0.097051134,-0.287842654,-0.006849158,-1.040403287,-0.784890167,-0.71040692,-0.599406374,-0.266657354,-0.666327136,-0.469235109,-0.425377998,-0.661770302,0.101894455,0.366926771,0.415512536,0.171975246,0.49492911,0.496289043,0.606207633,0.426268744,0.834698339,-0.688810135,0.238853298,-0.520296673,0.715086589,0.416591568,0.352629511,0.619280964,0.089768653,0.544244944,2302,1,0,0,0,0,0,0,0,0,0
1999,-0.543432147,-0.775427152,0.017059427,0.032057282,-0.114848872,-0.839669375,-0.605872273,0.055355201,0.33903437,-0.01142154,-0.128998446,-0.362318904,-0.580152089,-0.375080877,-0.327470625,-0.464112913,-1.146987224,-0.230588327,-1.040403287,-0.711851451,-0.628880359,-0.693045535,0.452282194,-0.547601337,-0.693035959,-0.783611815,-0.547231529,-0.050827352,0.366926771,-0.012528594,0.060263531,-0.081725415,0.281140059,0.00455621,-0.019720618,0.532450197,0.346797693,0.311472605,-0.383252295,-0.25481449,-0.147562836,-0.129807043,-0.009680443,-1.213246718,0.05851356,2438,1,0,0,0,0,0,0,0,0,0
2000,0.952806112,-0.33381151,-0.050262338,-0.917207261,-1.222502433,-0.395205226,0.428187951,0.467840733,0.379454526,-0.683008079,-0.304783119,-0.362318904,-0.089382574,-0.156543862,-0.865077125,-0.248280587,-0.030099283,0.082646509,-1.004152623,-0.861175049,-0.681057358,-0.834646216,-0.830184662,-0.637624196,-0.712783092,-0.694906298,-0.766491466,-0.520740602,0.330366738,-0.023792834,0.406569848,0.422847295,0.407698285,-0.199778235,0.371879798,0.484090494,-1.988204863,0.093614685,-0.117728812,0.669974911,0.601956587,-0.104415645,-0.481401499,0.042386276,-0.491982009,2282,1,0,0,0,0,0,0,0,0,0
2001,-0.287976834,-0.265870642,-0.723479988,-0.612086515,-0.293502672,0.271490998,0.389889424,0.167851255,-0.226847815,-0.155332941,-0.216890783,-0.273845683,-0.178613395,-0.375080877,-0.641074417,-0.809444634,-0.244885425,-0.185840493,-1.022277955,-0.853059636,-0.795194543,-0.149481628,-0.817549521,-0.535859225,-0.716074281,-0.225790585,0.478708624,0.184129274,0.098819863,0.505626458,0.484768049,-0.15380723,-0.338995248,0.00455621,0.350124219,0.435730791,-0.043997714,0.148079165,0.644580541,0.29404426,-0.268453065,-1.179318142,-1.0631908,0.02659215,-0.014346148,1050,1,0,0,0,0,0,0,0,0,0
2002,0.441895487,-0.979249757,-0.824462636,-0.78159804,0.135266449,-0.506321263,0.236695317,0.655334156,0.783656087,-0.01142154,-0.260836951,-0.008426021,-0.312459626,-0.593617893,-0.372271167,-0.809444634,-1.104029995,-0.543823163,-0.976964626,-0.879028957,-0.712037451,-0.718168236,-0.751846785,-0.744607883,-0.765442116,-0.783611815,3.036195799,-0.368018796,0.452233515,0.381719815,0.339542819,-0.141793594,0.103958543,-0.199778235,-0.748532503,-0.809531555,-0.483642547,0.701801379,0.653145815,0.151190613,-0.502174175,-0.358329621,-0.748710097,-1.513335107,-1.139623855,589,1,0,0,0,0,0,0,0,0,0
2003,0.441895487,0.209715435,-0.050262338,-0.78159804,-0.293502672,-0.321127867,-0.107991424,0.167851255,-0.06516719,-0.107362474,-0.085052278,-0.273845683,-0.133997984,-0.375080877,-0.46187225,-0.809444634,-0.760372167,-0.499075329,-1.022277955,-0.853059636,-0.795194543,-0.149481628,-0.817549521,-0.535859225,-0.716074281,-0.225790585,0.478708624,-0.074323014,-0.193660402,0.201491971,0.306029304,0.182574576,0.458321575,0.299705965,0.154324011,0.193932277,-0.972136805,-0.959365264,0.113533576,0.51960265,0.086158275,0.014077544,-0.033266496,-0.58148169,-0.670083517,751,1,0,0,0,0,0,0,0,0,0
2004,-0.944861923,-0.605574982,-0.555175576,-0.679891125,-0.114848872,-0.098895793,-0.567573746,0.092853886,0.096513434,-0.395185277,-0.392675455,-0.450792124,-0.490921268,-1.074399327,-0.551473333,-0.852611099,-0.67445771,-0.230588327,-0.976964626,-0.879028957,-0.712037451,-0.718168236,-0.777117068,-0.744607883,0.123178904,0.1000316,-0.072713755,0.43083373,0.574100292,0.359191335,0.440083363,-0.081725415,-0.009943861,0.572151892,0.197835168,0.24229198,0.845061836,0.465788632,0.276273775,0.060967257,-0.695598542,-0.138270842,-0.166920795,-0.012893164,-0.103396902,1991,1,0,0,0,0,0,0,0,0,0
2005,-0.798887459,-0.809397587,-0.487853811,-0.408672684,0.456843289,-0.061857114,-0.835663434,-1.369594817,-0.913990468,-0.107362474,-0.348729287,-0.318082293,-0.803229141,-0.375080877,0.075734249,-0.334613517,-0.330799882,-0.901805832,-1.040403287,-0.820597984,-0.795194543,-0.846065626,-0.830184662,-0.744607883,-0.551514833,-0.783611815,-0.809034438,0.360346743,0.330366738,0.697118542,0.663506793,0.254656392,0.800028785,0.481336583,0.709091266,0.762158785,0.639894248,0.601949832,0.781624919,-0.036774713,-0.026672606,0.36955711,0.902313597,1.124283888,0.277092683,2566,1,0,0,0,0,0,0,0,0,0
2006,-1.017849155,-1.047190625,-0.757140871,-0.273063464,-0.257771912,0.678916468,0.236695317,-1.107104024,-0.267267971,-0.491126211,-0.436621624,-0.273845683,-0.66938291,-0.812154908,-0.641074417,-0.118781192,-0.502628796,-0.722814498,-1.013215289,-0.871725086,-0.773997637,-0.53659962,-0.809968436,-0.662413099,-0.477463082,-0.423672122,-0.295246228,0.419085899,0.58628697,0.58447614,0.216659932,0.326738207,-0.212437022,0.413225101,0.926647053,0.641259528,0.620354477,0.729033619,0.798755466,-0.307444781,-0.066969349,-1.153926745,0.713625175,0.776813122,-0.200543179,1563,1,0,0,0,0,0,0,0,0,0
2007,-0.433951298,-0.775427152,-0.117584103,0.032057282,-0.543617992,-0.654475979,0.19839679,-0.919610601,-0.954410624,-0.155332941,-0.04110611,-0.318082293,-0.133997984,0.01828575,-0.148268459,-0.032448261,-0.201928197,-0.27533616,-1.040403287,-0.471635228,-0.754431263,-0.846065626,-0.122616742,0.018629398,-0.765442116,-0.647141789,-0.809034438,0.219372767,0.525353581,0.505626458,0.451254534,0.458888203,0.546912333,0.742430597,0.415390955,0.798428562,0.366337463,0.520253112,-0.040641349,0.188783678,0.730906165,0.623471085,0.407006489,0.563592425,0.584722559,1684,1,0,0,0,0,0,0,0,0,0
2008,-0.32447045,-1.183072361,-0.757140871,0.167666502,0.635497089,0.456684394,-1.142051648,-0.882111916,-0.348108283,-0.155332941,-0.436621624,-0.450792124,-0.981690783,-0.287666071,-0.103467917,-0.507279378,-0.545586025,-1.483527671,-1.026809288,-0.77434013,-0.779704496,-0.665638951,-0.645711597,-0.504546926,-0.640376935,-0.659082916,-0.671587911,0.313355418,0.525353581,0.438041016,0.138461731,-0.021657235,0.546912333,0.447280842,0.589435584,0.556630048,0.131860219,0.756265859,0.370491785,-0.390149524,-0.743954634,0.403412306,0.768659298,0.539901236,-1.018191009,1436,1,0,0,0,0,0,0,0,0,0
2009,0.04046571,0.073833698,0.488311782,-0.103551939,-0.079118112,-0.580398621,0.19839679,0.317845994,0.096513434,-0.251273875,-0.348729287,-0.273845683,-0.267844216,-0.243958668,-0.282670084,-0.205114122,-0.030099283,-0.409579662,-1.040403287,-0.471635228,-0.754431263,-0.846065626,-0.122616742,0.018629398,-0.765442116,-0.647141789,-0.809034438,0.231120599,0.001326441,0.212756211,0.596479764,0.290697299,0.192549301,0.424577015,0.284857483,0.919327819,-0.522722088,-0.423797876,-0.785820155,0.542158489,0.17481111,0.606543487,0.171145961,0.263504036,1.013785282,1282,1,0,0,0,0,0,0,0,0,0
2010,-0.470444914,0.209715435,0.320007369,-0.001845023,-0.579348752,-0.765592017,-0.376081112,-0.619621123,0.258194058,-0.251273875,-0.260836951,-0.318082293,-0.133997984,-0.200251265,-0.148268459,-0.507279378,-0.416714339,-0.185840493,-0.937088896,-0.884709746,-0.795194543,-0.200868972,0.049221182,0.956693679,-0.765442116,-0.783611815,-0.809034438,-0.074323014,-0.083980303,0.077585328,0.507110392,0.530970018,0.546912333,0.651615288,0.785235792,0.520360271,0.17093976,-0.423797876,0.053576661,0.173746452,0.352116779,0.640398684,0.139697891,-0.684143507,0.042322513,2087,1,0,0,0,0,0,0,0,0,0
2011,-0.287976834,0.209715435,0.320007369,-0.001845023,-0.579348752,-0.765592017,-0.376081112,-0.619621123,0.258194058,-0.251273875,-0.260836951,-0.318082293,-0.133997984,-0.200251265,-0.148268459,-0.507279378,-0.416714339,-0.185840493,-1.022277955,-0.934213765,-0.7511702,-0.487496158,-0.072076176,-0.70546751,1.808267652,0.359324649,-0.543958992,0.043155299,-0.083980303,0.077585328,0.507110392,0.530970018,0.546912333,0.651615288,0.785235792,0.520360271,0.102550563,-0.423797876,0.053576661,0.173746452,0.352116779,0.640398684,0.139697891,-0.684143507,0.042322513,2699,1,0,0,0,0,0,0,0,0,0
2012,0.04046571,0.073833698,0.488311782,-0.103551939,-0.079118112,-0.580398621,0.19839679,0.317845994,0.096513434,-0.251273875,-0.348729287,-0.273845683,-0.267844216,-0.243958668,-0.282670084,-0.205114122,-0.030099283,-0.409579662,-0.947964095,-0.88065204,-0.789487684,-0.840355921,0.728991791,0.881022291,-0.633794557,-0.783611815,-0.809034438,0.231120599,0.001326441,0.212756211,0.596479764,0.290697299,0.192549301,0.424577015,0.284857483,0.919327819,-0.522722088,-0.423797876,-0.785820155,0.542158489,0.17481111,0.606543487,0.171145961,0.263504036,1.013785282,1703,1,0,0,0,0,0,0,0,0,0
2013,-0.470444914,0.209715435,0.320007369,-0.001845023,-0.579348752,-0.765592017,-0.376081112,-0.619621123,0.258194058,-0.251273875,-0.260836951,-0.318082293,-0.133997984,-0.200251265,-0.148268459,-0.507279378,-0.416714339,-0.185840493,-0.718678649,-0.917982939,-0.737310685,-0.69875524,-0.574954805,-0.726342375,-0.220750343,-0.783611815,-0.809034438,-0.074323014,-0.083980303,0.077585328,0.507110392,0.530970018,0.546912333,0.651615288,0.785235792,0.520360271,0.17093976,-0.423797876,0.053576661,0.173746452,0.352116779,0.640398684,0.139697891,-0.684143507,0.042322513,2682,1,0,0,0,0,0,0,0,0,0
2014,-0.360964066,-0.367781944,0.050720309,0.744005688,-0.900925593,-0.432243905,-0.261185532,-0.169636907,0.743235931,-0.059392007,-0.392675455,-0.362318904,-0.000151753,-0.287666071,-0.237869542,-0.593612308,-0.545586025,-0.230588327,-1.040403287,-0.922852187,-0.795194543,0.183965138,-0.783434639,-0.231868992,-0.765442116,-0.783611815,-0.465418119,0.513068549,0.622847003,0.494362218,0.41774102,0.735201829,0.395042462,0.118075347,0.154324011,-0.168765493,0.366337463,0.257008125,-0.297599558,-0.525484558,0.803440302,0.403412306,0.375558418,0.310886413,-0.095301379,3096,1,0,0,0,0,0,0,0,0,0
2015,0.514882719,0.107804133,0.454650899,0.574494163,0.063804929,0.901148543,0.236695317,0.317845994,1.592059208,-0.155332941,-0.304783119,-0.318082293,-0.089382574,-0.506203087,-0.506672792,-0.291447052,-0.287842654,-0.051596992,-1.013215289,-0.934213765,-0.54898433,-0.313921129,-0.533258838,-0.642842912,-0.673288825,-0.111496939,-0.809034438,-0.203549158,0.123193218,-0.068849795,0.138461731,0.17056094,-0.237748667,0.118075347,0.01291275,-1.534927096,-1.001446461,0.347782258,-0.383252295,-0.224740038,-0.349046551,-0.942331765,-0.127610707,-0.384055118,-2.192041855,660,1,0,0,0,0,0,0,0,0,0
2016,-0.725900227,-0.367781944,-0.353210281,-0.171356549,0.135266449,0.19741364,0.006904156,-1.144602709,-0.509788907,-0.395185277,-0.304783119,-0.318082293,-0.446305858,-0.112836459,-0.954678208,-0.550445843,-0.502628796,-0.27533616,-1.040403287,-0.877405875,-0.526156893,-0.846065626,-0.628022399,-0.744607883,-0.765442116,-0.773376563,-0.795944293,0.348598911,0.537540259,0.190227731,0.64116445,0.338751843,-0.149157909,0.515392324,0.719969056,0.604989751,0.327257922,0.257008125,0.421883427,0.076004483,-0.018613258,-0.89154897,-0.174782813,0.839989625,0.762824067,1846,1,0,0,0,0,0,0,0,0,0
2017,0.551376335,0.617360643,0.420990017,0.404982638,0.528304809,1.790076842,0.734576166,0.092853886,0.621975463,-0.107362474,-0.172944614,-0.273845683,0.089079068,0.455359781,0.792542914,0.22655053,-0.545586025,-0.543823163,-0.979683426,-0.806801782,-0.747909138,-0.525180211,-0.288137095,-0.160111641,-0.390246574,-0.526024641,-0.683041788,0.043155299,-0.071793625,-0.327927321,-0.297213958,0.038410945,0.534256511,0.401873188,0.056423907,0.387371088,-0.327324384,-0.668888037,-1.128431101,-2.480323942,-0.889022909,-2.999034968,-0.143334742,0.334577602,0.277092683,2410,1,0,0,0,0,0,0,0,0,0
2018,-0.105508754,-0.401752378,-1.026427931,-0.849402651,-0.650810272,-0.247050509,0.772874693,0.467840733,0.621975463,-0.107362474,-0.304783119,-0.273845683,-0.401690447,-0.506203087,-0.999478749,-1.413775146,-0.67445771,-0.543823163,-0.93346383,-0.789759415,-0.713667982,-0.794678282,-0.607806173,-0.38190709,-0.605819451,-0.73414143,-0.658497765,0.184129274,0.196313284,0.652061581,0.406569848,0.807283645,0.116614365,-0.347353113,-0.259031983,0.387371088,-0.122156796,0.465788632,0.867277656,0.572232941,0.577778541,-0.442967613,-1.613532031,-0.297187427,0.277092683,2655,1,0,0,0,0,0,0,0,0,0
2019,-0.835381075,-1.013220191,-0.151244986,0.167666502,-0.079118112,-1.247094845,-0.529275219,-0.394629015,-0.105587346,-0.203303408,-0.04110611,0.035810589,-0.267844216,-0.069129056,0.030933707,-0.032448261,-0.11601374,-0.096344826,-0.247420025,-0.301617327,-0.385115943,-0.330479273,-0.295718179,-0.384516448,-0.381195804,-0.256496341,-0.337789201,0.513068549,0.695967069,0.235284692,-0.151988728,0.49492911,0.837996253,0.413225101,0.535046637,0.750068859,0.659434018,1.037665673,0.053576661,-0.149553908,-0.147562836,1.080516241,0.383420436,0.500415922,0.147564313,2637,1,0,0,0,0,0,0,0,0,0
2021,-0.32447045,0.311626737,-0.252227633,0.065959587,0.242458729,-0.284089188,-0.835663434,-0.4321277,-0.711889687,-0.01142154,-0.216890783,-0.273845683,-0.357075037,0.01828575,-0.103467917,0.097051134,-0.11601374,-0.185840493,-0.247420025,-0.301617327,-0.385115943,-0.330479273,-0.295718179,-0.384516448,-0.381195804,-0.256496341,-0.337789201,0.101894455,-0.071793625,0.359191335,0.250173447,0.002370037,0.546912333,0.538096151,0.589435584,0.447820717,-0.024457944,-0.296714089,0.267708501,-0.074367778,0.061980229,0.064860339,0.485626665,-0.210319735,0.301379252,2715,1,0,0,0,0,0,0,0,0,0
1985,-0.032521522,-0.265870642,-0.723479988,-0.544281905,-0.615079512,-0.802630696,-0.605872273,-0.882111916,-1.116091248,-0.059392007,-0.52451396,-0.450792124,-0.446305858,-0.462495684,-0.596273875,-0.507279378,-0.330799882,-0.499075329,-0.247420025,-0.503285338,0.221441667,-0.6530776,-0.486508815,-0.372774336,-0.556451617,0.280854384,-0.115256727,0.195877105,-1.168594616,-0.316663081,-1.537213998,-1.619470814,0.230516769,-1.562007872,-2.119133957,-0.45892371,0.200249415,-1.213532838,-0.605949409,-1.239752795,-0.719776588,-0.222908834,-1.173259046,-1.63179105,-0.767229794,2200,0,1,0,0,0,0,0,0,0,0
1986,-0.032521522,-0.401752378,-0.555175576,-0.815500345,-0.579348752,-0.321127867,-0.950559014,-0.244634276,-0.024747034,-0.059392007,-0.480567792,-0.318082293,-0.312459626,-0.418788281,-0.506672792,-0.636778773,-0.330799882,-0.588570996,-0.247420025,-0.552789357,-0.352505319,1.026717582,-0.510515584,-0.567171524,-0.433032031,-0.553318647,-0.766491466,0.195877105,1.195620853,-0.023792834,-0.889286049,-1.667525358,-1.060377136,-1.164690895,1.144202839,0.689619231,0.200249415,1.155672047,-0.468905031,-0.675856819,-0.985735093,-0.434503814,-0.740848079,0.918960254,1.005689759,2322,0,1,0,0,0,0,0,0,0,0
1987,-0.032521522,-0.062048038,-0.858123518,-1.086718786,-0.793733313,-0.358166547,-0.6441708,-0.507125069,-0.671469531,-0.059392007,-0.304783119,-0.273845683,-0.490921268,-0.243958668,-0.506672792,-0.377779982,-0.244885425,-0.588570996,-0.247420025,-0.444042824,0.073063327,0.335843289,0.18568071,-0.192728619,-0.24543426,0.321795392,-0.692859397,0.195877105,-0.522700699,0.302870133,0.953957253,-0.898652658,-1.908317249,-1.255506204,0.643824531,-0.072046088,0.200249415,-0.941210437,0.533231984,0.173746452,-0.639183102,-1.280883732,-0.693675974,-0.463025747,-0.613414855,2062,0,1,0,0,0,0,0,0,0,0
1988,-0.032521522,-0.401752378,-0.151244986,-0.849402651,-0.686541032,-0.358166547,-0.75906638,-0.207135592,-0.954410624,-0.059392007,-0.304783119,-0.362318904,-0.535536679,-0.243958668,-0.237869542,-0.420946448,-0.373757111,-0.320083994,-0.247420025,-0.290661519,-0.372071694,0.671573937,0.391633515,-0.259267253,-0.052899706,0.959792761,0.315081806,0.195877105,-0.352087212,-0.057585555,-0.408925674,0.61506547,0.065991075,0.572151892,0.01291275,0.363191237,0.200249415,-0.750584757,-0.211946822,-0.540521785,-0.066969349,-0.417576215,-0.017542461,0.042386276,0.115182221,2244,0,1,0,0,0,0,0,0,0,0
1989,-0.032521522,-0.265870642,-0.016601456,-0.306965769,0.028074169,-0.543359942,-0.222887005,-1.219600079,-1.075671092,-0.059392007,-0.348729287,-0.318082293,-0.490921268,-0.243958668,-0.46187225,-0.420946448,-0.459671568,-0.141092659,-0.247420025,-0.297965391,-0.447891395,-0.441818519,-0.736684616,-0.438008292,-0.462652731,0.826734486,0.329808219,0.195877105,-0.169287046,0.550683419,0.261344618,-0.754489027,-2.363926862,-1.073875585,0.665580109,0.592899825,0.200249415,-1.104603878,0.096403029,-0.081886391,-0.502174175,-1.120071548,-1.0631908,-0.004996101,0.301379252,2351,0,1,0,0,0,0,0,0,0,0
1990,-0.032521522,-0.062048038,-0.757140871,-0.71379343,-0.186310392,-0.284089188,-0.490976692,-0.4321277,-0.913990468,-0.059392007,-0.172944614,-0.450792124,-0.223228805,-0.200251265,-0.282670084,-0.377779982,-0.287842654,-0.543823163,-0.247420025,-0.311761593,0.852457246,0.794903563,-0.480191244,-0.346680754,0.249889679,-0.094438186,0.220178251,0.195877105,0.074446507,0.269077413,0.306029304,-0.958720838,-0.769293216,-2.004732504,-1.91245596,-1.063419994,0.200249415,0.275162952,0.421883427,0.173746452,-0.340987203,-0.129807043,-1.016018695,-0.771011198,-0.815802932,2235,0,1,0,0,0,0,0,0,0,0
1993,-0.032521522,-1.013220191,-0.454192928,-0.679891125,-0.222041152,-0.432243905,-1.027156068,-1.294597448,-1.156511404,-0.059392007,-0.392675455,-0.539265345,-0.357075037,-0.200251265,-0.237869542,-0.507279378,-0.416714339,-0.812310165,-0.247420025,1.540987181,-0.495992066,0.013815932,-0.358893887,-0.100096402,0.019506452,0.103443351,-0.516142433,0.195877105,-1.14422126,0.246548932,-0.565322075,-0.514216308,0.622847269,-1.176042808,-2.195278482,-1.123869623,0.200249415,-0.632578383,0.31053487,0.271488421,-0.308749808,0.031005142,-1.055328783,-0.715731758,-0.25721184,2660,0,1,0,0,0,0,0,0,0,0
1994,-0.032521522,0.209715435,-0.252227633,-0.64598882,-0.222041152,-0.21001183,-0.146289951,-0.544623754,0.096513434,-0.059392007,-0.52451396,-0.627738566,-0.580152089,-0.462495684,-0.685874958,-0.550445843,-0.545586025,-0.096344826,-0.247420025,-0.629074239,-0.54898433,-0.127784749,-0.506725041,-0.556734091,-0.484045459,-0.065438306,-0.557049138,0.195877105,-1.168594616,0.415512536,0.518281564,-0.237902682,-0.440241829,-1.221450463,-1.890700381,-0.410564007,0.200249415,-1.531242305,0.850147108,0.121116161,0.69866877,0.073324138,-1.165397029,-1.276423221,-0.184352133,2461,0,1,0,0,0,0,0,0,0,0
1995,-0.032521522,0.00589283,0.286346487,-0.001845023,-0.472156472,-0.691514659,0.045202683,-0.169636907,-0.792729999,-0.059392007,-0.128998446,-0.141135852,-0.178613395,-0.375080877,-0.417071709,-0.205114122,0.055815174,-0.230588327,-0.247420025,-0.571454807,-0.650892531,-0.624529076,-0.278028981,-0.148369529,-0.395183358,0.379795152,0.334717024,0.195877105,-0.815180963,-0.823553892,-1.11270948,-0.021657235,-0.313683603,-0.347353113,-1.509977755,-1.099689771,0.200249415,-0.56903649,0.130664123,-0.660819593,0.658372027,-0.163662239,0.249766137,-0.407746307,0.309474775,2267,0,1,0,0,0,0,0,0,0,0
1996,-0.032521522,-0.265870642,-0.218566751,-0.44257499,-0.793733313,-0.247050509,-0.107991424,-0.319631646,-0.99483078,-0.059392007,-0.52451396,-0.450792124,-0.401690447,-0.54991049,-0.372271167,-0.593612308,-0.416714339,-0.499075329,-0.247420025,-0.518704623,-0.376148022,-0.214572264,0.010052243,-0.58804639,-0.75227736,-0.421966247,-0.337789201,0.195877105,-0.437393955,0.246548932,0.551795078,-0.622339032,-0.009943861,0.37916936,-0.346054298,0.351101311,0.200249415,0.338704845,0.413318153,0.497046811,-0.453818083,0.598079688,0.933761667,0.342474665,1.143313651,2344,0,1,0,0,0,0,0,0,0,0
1997,-0.032521522,-0.129988906,-0.487853811,-0.374770379,0.135266449,-0.284089188,-0.835663434,-0.544623754,-0.428948595,-0.059392007,-0.568460128,-0.627738566,-0.535536679,-0.506203087,-0.506672792,-0.464112913,-0.416714339,-0.230588327,-0.247420025,-0.229795922,0.086107577,-0.529747975,-0.816286007,-0.460187837,0.080393447,0.71585259,0.108912014,0.195877105,0.415673482,-0.361720042,-0.196673414,0.362779115,-0.857883974,-1.062523672,-1.314177547,-1.571196873,0.200249415,0.456711219,-0.657341051,0.113597548,-0.284571762,0.014077544,-0.190506848,0.287195225,-0.143874517,2518,0,1,0,0,0,0,0,0,0,0
1998,-0.032521522,-0.265870642,0.286346487,-0.273063464,-0.222041152,-1.543404278,-0.75906638,-0.844613232,-0.105587346,-0.059392007,-0.568460128,-0.450792124,-0.357075037,-0.331373474,-0.596273875,-0.636778773,-0.760372167,-0.320083994,-0.247420025,-0.442419741,-0.527787424,-0.166610743,-0.178211364,0.991920015,-0.192775236,-0.218967084,-0.579956892,0.195877105,-0.4130206,-0.372984282,0.171975246,-0.550257216,-0.465553474,0.084019606,0.17607959,0.32692146,0.200249415,0.093614685,0.190621039,0.376749003,0.279582642,0.039468941,0.430592541,-0.02868729,0.252806113,2404,0,1,0,0,0,0,0,0,0,0
1999,-0.032521522,-0.50366368,-1.161071461,-0.815500345,-0.329233432,-0.247050509,-0.146289951,-1.219600079,-0.550209063,-0.059392007,-0.436621624,-0.539265345,-0.312459626,-0.375080877,-0.193069001,-0.161947657,-0.502628796,-0.767562331,-0.247420025,0.055055072,0.491294583,0.24448801,-0.529468296,-0.408000672,0.442424233,0.492382923,-0.782854147,0.195877105,-0.608007443,-0.463098204,-1.168565338,-0.958720838,-1.250214474,-1.323617686,-2.162645114,0.169752426,0.200249415,0.193466231,-0.289034285,-0.059330552,-0.212037625,-0.307546826,-0.324161147,-0.620967004,0.609009129,2376,0,1,0,0,0,0,0,0,0,0
2000,-0.032521522,-0.16395934,-0.454192928,-1.018914176,-0.579348752,-0.135934472,0.121799737,-0.132138222,-1.358612184,-0.059392007,-0.392675455,-0.362318904,-0.490921268,-0.375080877,-0.417071709,-0.161947657,0.141729631,-0.27533616,-0.247420025,-0.334484749,-0.355766381,0.049216103,-0.339941174,-0.601093181,-0.105558729,0.521382804,-0.262520864,0.195877105,-0.510514021,-0.936196294,0.171975246,-0.15380723,-0.680702458,-1.164690895,-0.204643037,-0.096225939,0.200249415,0.238853298,-0.374687021,0.820347171,0.134514366,-0.138270842,0.006043592,0.421445293,0.544244944,2646,0,1,0,0,0,0,0,0,0,0
2001,-0.032521522,0.107804133,-0.386871163,-0.544281905,-0.043387351,0.271490998,-0.337782585,0.092853886,-0.06516719,-0.059392007,-0.216890783,-0.450792124,-0.535536679,-0.462495684,-0.372271167,-0.291447052,0.012857946,0.037898675,-0.247420025,-0.658289725,-0.266087165,-0.308211424,-0.67098188,-0.6311008,-0.423158464,0.504324051,0.421439238,0.195877105,-0.327713856,-0.249077639,-0.274871615,-1.463293547,-0.402274361,-0.381408853,0.643824531,0.41155094,0.200249415,-0.024391689,-0.434643936,0.301562873,0.078098926,-0.840766175,-0.780158167,0.579386551,0.965212144,2393,0,1,0,0,0,0,0,0,0,0
2002,-0.032521522,-0.639545416,-0.992767048,-0.747695735,-0.650810272,-0.506321263,-0.261185532,-0.732117177,-0.307688127,-0.059392007,-0.392675455,-0.362318904,-0.312459626,-0.331373474,-0.372271167,-0.334613517,-0.287842654,-0.364831828,-0.247420025,-0.166495701,0.099967092,-0.054700527,-0.288137095,-0.423656821,-0.431386436,-0.418554496,-0.691223129,0.195877105,0.159753251,0.347927094,0.149632903,-1.319129916,-0.490865119,-1.028467931,-1.673144595,-1.377758062,0.200249415,0.166233991,0.52466671,-0.232258651,-0.880963561,-0.324474424,-0.567883692,-0.63676113,-0.670083517,2066,0,1,0,0,0,0,0,0,0,0
2003,-0.032521522,-0.50366368,-0.656158223,-0.44257499,-0.222041152,-0.098895793,-0.222887005,-0.544623754,-1.277771872,-0.059392007,-0.260836951,-0.406555514,-0.312459626,-0.462495684,-0.193069001,-0.161947657,-0.073056511,-0.230588327,-0.247420025,-0.035026012,0.188831043,-0.445244342,-0.558529121,-0.514984359,0.322295836,0.077855221,0.817416139,0.195877105,-0.522700699,-1.105159898,-0.196673414,-0.237902682,-0.895851442,-2.152307381,-2.488978794,-2.332862192,0.200249415,-0.941210437,-1.094170006,0.489528198,-0.075028698,-0.26522783,-1.03174273,-1.094790776,-0.742943225,2086,0,1,0,0,0,0,0,0,0,0
2004,-0.032521522,-0.605574982,-0.824462636,-0.57818421,-1.043848633,-1.098940129,-0.529275219,-0.057140853,-0.954410624,-0.059392007,-0.392675455,-0.406555514,-0.401690447,-0.506203087,-0.641074417,-0.550445843,-0.201928197,-0.454327495,-0.247420025,0.321240616,0.245899636,-0.328766362,0.079545521,0.113870973,0.361790104,0.403677407,0.50979772,0.195877105,-0.023046914,0.100113809,-0.420096845,-1.979879892,-1.237558652,-0.279241631,-1.42295544,0.472000568,0.200249415,-1.476777825,0.507536163,-0.224740038,-1.35646513,0.124106933,-0.096162637,-0.423540433,0.147564313,2569,0,1,0,0,0,0,0,0,0,0
2005,-0.032521522,0.107804133,-0.083923221,-0.340868074,-0.650810272,-0.358166547,-0.261185532,-0.169636907,0.096513434,-0.059392007,-0.480567792,-0.406555514,-0.446305858,-0.506203087,-0.46187225,-0.377779982,-0.803329396,-0.27533616,-0.247420025,-0.708605286,-0.485393613,-0.249972434,0.198315851,-0.17576779,-0.255307827,-0.681259295,-0.318153983,0.195877105,-0.924861062,-0.125170996,-1.526042827,-1.259061736,-0.263060312,0.231594483,-0.596243452,-1.655826353,0.200249415,-0.632578383,-0.092032991,-0.80367324,-0.719776588,0.039468941,0.116111838,0.073974528,-0.200543179,2715,0,1,0,0,0,0,0,0,0,0
2006,-0.032521522,-0.16395934,0.050720309,-0.306965769,-0.758002553,-0.543359942,-0.414379639,-0.057140853,0.177353746,-0.059392007,-0.392675455,-0.362318904,-0.401690447,-0.418788281,-0.372271167,-0.464112913,-0.330799882,-0.230588327,-0.247420025,-0.599047211,-0.466642504,-0.270527372,0.098498234,0.049941696,-0.467589515,-0.075673557,0.252903614,0.195877105,-0.656754153,0.246548932,-1.224421195,-0.98274811,-2.047531297,0.413225101,-0.607121241,-1.172229326,0.200249415,-0.178707716,0.045011387,-0.427742589,-0.719776588,-1.30627513,0.116111838,-0.131349107,-0.46769544,2649,0,1,0,0,0,0,0,0,0,0
2007,-0.032521522,-0.33381151,-0.824462636,-0.883304956,-0.793733313,-0.358166547,-0.414379639,-0.582122439,-0.954410624,-0.059392007,-0.260836951,-0.406555514,-0.446305858,-0.462495684,-0.46187225,-0.550445843,-0.330799882,-0.364831828,-0.247420025,-0.220868968,0.171710465,0.564231485,0.238748304,-0.520203076,-0.464298326,-0.0381443,0.135092305,0.195877105,0.318180061,-1.555729508,-0.53180856,-0.309984497,-0.047911328,0.220242569,-0.346054298,-0.156675568,0.200249415,0.157156578,-1.530998961,-0.360075072,-0.131444138,0.039468941,0.04535368,0.516210048,0.471385236,2773,0,1,0,0,0,0,0,0,0,0
2008,-0.032521522,-0.707486284,-0.285888516,0.099861892,-0.079118112,-0.098895793,0.08350121,-0.4321277,-1.116091248,-0.059392007,-0.744244801,-0.627738566,-0.624767499,-0.418788281,-0.372271167,-0.291447052,-0.330799882,-0.454327495,-0.247420025,0.114297586,-0.628880359,-0.818659043,0.165464483,-0.55803877,0.169255549,-0.109791064,-0.180707455,0.195877105,0.196313284,0.280341653,-0.643520276,0.567010926,0.015367785,0.140779174,-0.62887682,-1.619556576,0.200249415,0.529330525,0.31053487,-0.563077624,-0.308749808,0.15796213,-0.15119676,-0.63676113,-1.447253732,2649,0,1,0,0,0,0,0,0,0,0
2009,-0.032521522,-0.231900208,-0.487853811,-0.64598882,-0.507887232,-0.469282584,-0.069692897,-0.169636907,-0.105587346,-0.059392007,-0.52451396,-0.495028735,-0.535536679,-0.462495684,-0.417071709,-0.593612308,-0.373757111,-0.409579662,-0.247420025,-0.173799573,0.08366178,0.038938634,-0.122616742,-0.17576779,-0.725947848,0.159737236,0.917228498,0.195877105,-0.656754153,-0.665854528,0.294858133,-0.141793594,0.14192601,-0.449520335,0.241346326,0.677529305,0.200249415,-0.687042864,-0.871472892,0.136153387,-0.292631111,0.234136322,-0.481401499,0.839989625,0.746633021,2766,0,1,0,0,0,0,0,0,0,0
2010,-0.032521522,-0.50366368,-0.555175576,-0.612086515,-0.222041152,-0.098895793,-0.337782585,-0.469626385,-0.671469531,-0.059392007,-0.568460128,-0.583501955,-0.66938291,-0.506203087,-0.506672792,-0.550445843,-0.416714339,-0.63331883,-0.247420025,0.111862962,0.748103249,0.124584207,-0.481454759,0.082558674,0.411157938,0.410500908,-0.367242028,0.195877105,-0.388647245,0.471833737,0.060263531,0.17056094,0.04067943,0.333761706,-0.389565455,0.290651683,0.200249415,-0.605346143,0.387622332,0.602307394,0.303760688,0.454195101,0.674315087,0.152945156,-0.127683471,2784,0,1,0,0,0,0,0,0,0,0
2011,-0.032521522,-0.231900208,-0.689819106,-0.44257499,-0.150579632,0.19741364,-0.184588478,-0.35713033,-0.509788907,-0.059392007,-0.788190969,-0.716211786,-0.624767499,-0.593617893,-0.865077125,-0.636778773,-0.502628796,-0.946553666,-0.247420025,0.184901679,0.28584765,0.075480745,-0.56737372,-0.683287965,-0.454424759,0.685146834,-0.597955842,0.195877105,-0.766434253,-0.541947886,0.395398677,-0.550257216,-0.237748667,0.220242569,-0.204643037,-0.156675568,0.200249415,-0.750584757,-0.91429926,0.21885813,-0.292631111,0.115643134,0.029629645,0.445136482,0.584722559,2926,0,1,0,0,0,0,0,0,0,0
2012,-0.032521522,-0.67351585,-0.487853811,-0.44257499,-0.150579632,-0.284089188,-0.682469327,-0.807114547,-0.792729999,-0.059392007,-0.568460128,-0.273845683,-0.357075037,-0.200251265,-0.372271167,-0.464112913,-0.459671568,-0.63331883,-0.247420025,0.592295408,0.374711601,0.053783867,-0.281819524,-0.113143193,0.603692492,0.127325605,0.267630028,0.195877105,-0.754247575,0.246548932,-1.280277053,-0.958720838,-0.022599683,0.140779174,-0.62887682,-1.619556576,0.200249415,-0.178707716,-0.494600852,-0.390149524,-0.486055478,0.15796213,-0.127610707,-0.620967004,-1.52011344,2392,0,1,0,0,0,0,0,0,0,0
2013,-0.032521522,-0.299841076,-0.319549398,-0.340868074,-0.364964192,-0.284089188,-0.376081112,-0.057140853,-0.348108283,-0.059392007,-0.480567792,-0.450792124,-0.357075037,-0.506203087,-0.596273875,-0.723111704,-0.330799882,-0.27533616,-0.247420025,-0.468389063,-0.284838274,-0.401850585,-0.425860136,-0.574999598,-0.428095247,0.224560499,0.784690775,0.195877105,-1.083287872,-0.215284918,-1.503700484,-0.874625386,-0.680702458,-0.483576076,-0.31342093,-0.035776311,0.200249415,-0.632578383,-0.186251001,-0.833747692,-0.582767661,-0.612243596,-0.308437112,-0.24980505,-0.062919286,2897,0,1,0,0,0,0,0,0,0,0
2014,-0.032521522,-0.265870642,-0.386871163,-0.205258854,-0.114848872,-0.061857114,-0.376081112,0.092853886,0.015673122,-0.059392007,-0.436621624,-0.406555514,-0.312459626,-0.287666071,-0.282670084,-0.464112913,-0.330799882,-0.096344826,-0.247420025,-0.112122435,-0.132383606,-0.535457679,-0.533258838,-0.487586098,-0.442905597,-0.744376682,0.954862666,0.195877105,-0.157100369,-0.508155165,-0.375412159,0.014383673,-0.060567151,-1.448488736,-1.466466598,-0.857891258,0.200249415,-0.296714089,-0.357556474,-0.630745141,0.134514366,-0.138270842,-1.173259046,-1.639688113,-0.896758163,2703,0,1,0,0,0,0,0,0,0,0
2015,-0.032521522,-0.877338455,-0.588836458,-0.171356549,0.313920249,-0.061857114,-0.261185532,-0.244634276,-0.388528439,-0.059392007,-0.568460128,-0.495028735,-0.446305858,-0.593617893,-0.506672792,-0.420946448,-0.158970968,-0.006849158,-0.247420025,1.047570074,-0.357396913,-0.735297351,-0.760691384,-0.451055083,-0.51366616,0.55208856,0.10400321,0.195877105,-0.608007443,-0.767232691,-1.347304082,-2.7847935,-1.440051813,-1.550655958,-1.977722696,-1.933894644,0.200249415,-0.269481849,-0.100598265,-0.390149524,-0.880963561,-0.299083026,-0.402781323,-0.976334833,-0.815802932,4240,0,1,0,0,0,0,0,0,0,0
2016,-0.032521522,0.073833698,-0.521514693,-0.5103796,0.028074169,0.123336282,0.389889424,0.355344679,-0.146007503,-0.059392007,-0.260836951,-0.229609073,-0.044767164,-0.025421653,-0.193069001,0.140217599,0.18468686,-0.051596992,-0.247420025,-0.56090477,-0.108740903,0.099461506,-0.683617022,-0.618054009,-0.373790629,0.845499114,-0.152890896,0.195877105,-1.656061723,-1.702164632,-2.430907721,-2.388343514,-2.882815588,-1.789046145,-1.716655752,-1.172229326,0.200249415,-1.149990944,-0.897168712,-0.65330098,-0.53441157,-0.5783884,-0.497125534,-0.407746307,-0.321976025,2744,0,1,0,0,0,0,0,0,0,0
2017,-0.032521522,0.00589283,-0.319549398,-0.205258854,-0.507887232,-0.061857114,-0.222887005,-0.732117177,-0.954410624,-0.059392007,-0.172944614,-0.229609073,-0.044767164,-0.287666071,-0.103467917,-0.118781192,-0.073056511,-0.27533616,-0.247420025,-0.566585559,0.028223719,-0.339043831,-0.050596435,-0.316673134,0.286092757,0.144384359,0.220178251,0.195877105,-1.09547455,-0.857346613,0.138461731,0.579024562,-0.225092845,0.413225101,-0.128498511,-0.688632298,0.200249415,-1.776332466,-0.580253588,0.301562873,0.618075284,-0.349865822,-1.857254577,0.216121659,-0.338167071,2773,0,1,0,0,0,0,0,0,0,0
2018,-0.032521522,-0.197929774,-0.790801753,-0.612086515,-0.436425712,-0.061857114,-0.146289951,-0.35713033,-0.752309843,-0.059392007,-0.392675455,-0.495028735,-0.446305858,-0.331373474,-0.641074417,-0.464112913,-0.073056511,-0.141092659,-0.247420025,-0.480562182,-0.073684482,-0.086674874,-0.468819617,-0.555429412,-0.632148963,0.516265178,0.084367991,0.195877105,0.013513119,-0.102642516,-0.084961699,0.050424581,-0.047911328,0.038611951,-0.367809876,0.484090494,0.200249415,-1.649248679,-0.246207917,-0.457817041,2.366953936,-0.417576215,0.249766137,0.050283339,-0.556746194,2532,0,1,0,0,0,0,0,0,0,0
2019,-0.032521522,-0.67351585,-1.093749696,-0.815500345,-0.436425712,-0.580398621,-0.069692897,0.055355201,-0.186427659,-0.059392007,-0.656352465,-0.539265345,-0.446305858,-0.331373474,-0.327470625,-0.377779982,-0.502628796,-0.454327495,-0.247420025,-0.293096143,0.691849922,0.381520928,-0.065758605,0.069511883,-0.633794557,-0.669318168,-0.669951643,0.195877105,-1.205154649,-0.710911489,-0.933970735,-0.189848138,-0.389618538,0.106723433,0.056423907,0.1576625,0.200249415,0.093614685,0.284839049,0.211339517,0.384354174,0.352629511,1.083140001,0.484621796,0.147564313,2649,0,1,0,0,0,0,0,0,0,0
2021,-0.032521522,-1.149101927,-1.194732343,-1.222328006,-1.508348514,-1.765636353,-1.946320711,-1.294597448,-1.560712965,-0.059392007,-1.183706483,-0.893158227,-1.026306193,-0.812154908,-0.7306755,-0.636778773,-0.97515831,-0.812310165,-0.247420025,-0.828713397,-0.689210014,-0.64051625,-0.602752116,-0.535859225,-0.584426723,-0.783611815,-0.776309075,0.195877105,-0.632380798,-1.116424139,-0.107304042,-0.309984497,-0.187125377,-0.12031484,-1.063988393,-0.857891258,0.200249415,-0.59626873,-0.417513389,-0.450298428,-0.203978276,0.090251736,0.029629645,-0.881570078,-0.661987994,2715,0,1,0,0,0,0,0,0,0,0
1990,-0.032521522,-0.265870642,-0.285888516,-0.001845023,0.278189489,0.049258924,0.160098263,0.317845994,0.460294838,-0.059392007,0.442301741,0.743596354,0.669079404,0.936141215,0.971745081,1.133046298,1.000874202,1.156594518,-0.247420025,1.631068264,0.838597731,0.788051917,0.167991511,1.395065861,-0.71936547,-0.768258937,-0.746856247,0.195877105,0.744713779,0.697118542,0.551795078,0.651106378,0.913931188,0.424577015,0.350124219,0.109302798,0.200249415,0.94689154,0.850147108,0.797791332,0.223167201,0.623471085,0.383420436,0.010798025,-0.127683471,2173,0,0,1,0,0,0,0,0,0,0
1991,-0.032521522,0.311626737,0.286346487,0.133764197,0.421112529,0.530761752,0.351590898,0.355344679,0.096513434,-0.059392007,1.013601927,0.787832965,0.847541045,1.067263424,0.971745081,1.435211554,0.957916973,1.380333687,-0.247420025,-0.104007022,1.278841158,1.7461404,-0.554738579,-0.612835293,-0.758859738,-0.196790705,-0.126710605,0.195877105,0.452233515,0.302870133,0.842245538,0.254656392,-0.187125377,0.220242569,0.480657691,0.846788265,0.200249415,0.483943459,0.781624919,0.639900459,0.17481111,0.064860339,0.422730524,0.413548231,0.738537498,1377,0,0,1,0,0,0,0,0,0,0
1993,-0.032521522,0.753242379,0.387329134,0.438884943,-0.043387351,-0.247050509,0.351590898,0.430342048,0.177353746,-0.059392007,0.881763423,0.389703472,0.758310225,0.542774587,0.344537498,0.701381646,1.000874202,0.753864015,-0.247420025,-0.367757942,1.343247141,0.030945047,0.252646959,-0.291884231,-0.459361542,-0.706847425,-0.280519814,0.195877105,-0.04742027,0.460569497,0.339542819,0.651106378,0.77471714,0.606207633,0.230468536,0.484090494,0.200249415,-0.024391689,0.61888472,0.59478878,0.481066357,0.631934884,-0.017542461,0.129253968,0.155659836,2132,0,0,1,0,0,0,0,0,0,0
1994,-0.032521522,0.821183247,0.723937959,-0.340868074,0.313920249,0.271490998,0.466486478,0.355344679,0.460294838,-0.059392007,1.584902114,1.45138212,1.29369515,1.15467823,1.598952663,1.478378019,1.172703116,1.604072855,-0.247420025,-0.323934712,0.876099949,1.422971102,1.916695087,0.643570692,-0.352397901,-0.75972956,-0.795944293,0.195877105,0.330366738,0.494362218,0.93161491,0.446874567,0.622847269,0.333761706,-0.204643037,0.193932277,0.200249415,-0.396565636,0.21631686,0.745161041,0.384354174,0.327238114,-0.245540971,-0.52620225,-0.04672824,2108,0,0,1,0,0,0,0,0,0,0
1995,-0.032521522,0.855153681,0.589294429,0.642298773,-0.507887232,0.456684394,0.389889424,0.392843364,0.419874682,-0.059392007,0.2225709,1.584091951,1.739849255,1.198385633,1.822955371,1.564710949,1.774104315,1.693568523,-0.247420025,-0.299588474,-0.048411248,0.032086988,3.43291206,0.346103855,0.238370518,-0.404907494,-0.694495665,0.195877105,0.415673482,0.235284692,0.183146418,0.771242737,0.458321575,0.413225101,0.698213477,0.750068859,0.200249415,0.057305031,0.361926511,0.451935133,1.029102064,0.327238114,0.241904119,0.413548231,0.341856867,2125,0,0,1,0,0,0,0,0,0,0
1996,-0.032521522,0.515449341,0.151702957,0.065959587,0.421112529,0.382607036,0.236695317,0.317845994,0.177353746,-0.059392007,0.837817255,1.097489237,0.981387277,1.373215246,1.419750497,1.305712159,1.516360944,1.290838019,-0.247420025,0.406452452,0.328241462,0.821168205,-0.357630372,-0.633710158,1.655227365,-0.415142746,1.542282945,0.195877105,0.257246672,0.640797341,0.898101396,0.518956382,0.584879801,0.594855719,0.752602424,0.774248711,0.200249415,0.338704845,0.790190193,0.790272719,0.513303752,0.462658901,0.462040612,0.247709911,0.398525529,2289,0,0,1,0,0,0,0,0,0,0
1997,-0.032521522,0.413538039,0.387329134,0.404982638,0.349651009,0.641877789,0.734576166,0.692832841,0.621975463,-0.059392007,0.925709591,1.318672289,1.382925971,1.504337455,1.598952663,1.82370974,1.731147086,1.514577188,-0.247420025,1.265874682,0.454607631,1.925425134,1.949546455,-0.231868992,-0.765442116,0.226266374,0.436165651,0.195877105,0.781273812,0.685854302,0.853416709,0.903392732,0.572223979,0.674319115,0.915769264,0.870968116,0.200249415,0.710878792,0.627449994,0.84290301,0.481066357,0.538833093,0.092525785,0.145048093,0.147564313,2217,0,0,1,0,0,0,0,0,0,0
1998,-0.032521522,0.413538039,0.824920607,0.438884943,0.385381769,0.382607036,-0.261185532,0.317845994,0.096513434,-0.059392007,1.540955946,1.805275002,1.382925971,1.416922649,1.419750497,1.219379228,1.430446487,1.469829354,-0.247420025,0.262809643,-0.725081701,0.426056626,0.745417475,0.762296492,5.397309214,0.454853666,1.416290295,0.195877105,0.440046837,0.212756211,0.216659932,-0.021657235,0.281140059,0.708374856,0.535046637,0.762158785,0.200249415,0.375014498,0.019315566,0.436897907,0.376294825,0.149498331,0.98879579,0.073974528,0.762824067,2220,0,0,1,0,0,0,0,0,0,0
1999,-0.032521522,0.753242379,0.521972664,0.404982638,0.206727969,0.456684394,0.19839679,0.467840733,0.541135151,-0.059392007,1.321225105,1.45138212,1.382925971,1.373215246,1.419750497,1.176212763,1.473403715,1.78306419,-0.247420025,0.443783351,0.0428985,-0.36188265,0.256437502,0.012106002,1.115472376,-0.780200064,-0.795944293,0.195877105,0.647220358,0.460569497,0.585308593,0.723188193,0.648158914,0.799190165,0.208712958,0.472000568,0.200249415,0.729033619,0.790190193,0.399304842,0.489125706,0.538833093,0.658591052,0.097665716,0.738537498,2276,0,0,1,0,0,0,0,0,0,0
2000,-0.032521522,0.277656303,0.723937959,-0.340868074,0.170997209,0.456684394,0.236695317,-0.019642168,0.460294838,-0.059392007,1.1893866,1.49561873,1.070618098,1.416922649,1.778154829,1.521544484,1.473403715,1.648820689,-0.247420025,0.081835934,-0.487024144,2.535221617,0.018896842,-0.284056156,-0.276700555,-0.553318647,0.097458137,0.195877105,0.574100292,0.100113809,0.596479764,0.579024562,0.319107527,0.265650224,0.306613062,0.810518488,0.200249415,0.365937085,0.284839049,0.963200818,0.327938733,0.25952772,0.399144471,0.737327808,0.528053898,2355,0,0,1,0,0,0,0,0,0,0
2001,-0.032521522,0.685301511,0.555633547,0.642298773,0.528304809,0.678916468,0.581382058,0.730331526,0.258194058,-0.059392007,1.365171273,1.185962458,1.472156792,1.548044858,1.50935158,1.478378019,1.774104315,1.156594518,-0.247420025,-0.147830252,0.859794637,0.113164798,-0.471346645,-0.668936494,-0.745694982,0.427559661,0.884503134,0.195877105,0.525353581,0.730911263,0.596479764,0.458888203,0.205205123,0.186186828,0.556802216,0.689619231,0.200249415,0.483943459,0.704537457,0.346674551,0.198989155,0.208744925,0.281214207,0.255606973,0.309474775,2410,0,0,1,0,0,0,0,0,0,0
2002,-0.032521522,0.141774567,0.521972664,0.608396468,0.77842013,0.308529677,0.274993844,0.505339418,0.904916555,-0.059392007,0.969655759,1.274435678,1.204464329,1.591752261,1.419750497,1.348878624,1.258617573,1.604072855,-0.247420025,0.824396218,0.225517995,0.290165649,-0.809968436,1.590767728,-0.701263931,-0.520907016,-0.809034438,0.195877105,0.817833845,0.58447614,0.808732023,0.122506396,0.736749672,0.231594483,-0.084987354,0.206022203,0.200249415,0.701801379,0.704537457,0.489528198,0.279582642,0.911240258,0.296938242,0.208224596,0.13946879,2503,0,0,1,0,0,0,0,0,0,0
2003,-0.032521522,1.058976286,0.723937959,0.404982638,0.385381769,0.419645715,0.466486478,0.542838102,0.541135151,-0.059392007,1.760686787,1.407145509,1.561387613,1.28580044,1.464551038,1.089879833,1.430446487,1.514577188,-0.247420025,0.198697881,-0.277500883,0.31414641,0.912201342,0.32392431,0.513184796,-0.299143224,-0.45560051,0.195877105,0.830020523,0.663325821,0.808732023,0.93943364,1.154391818,0.538096151,0.480657691,0.290651683,0.200249415,0.129924338,0.182055765,1.098535852,0.811499651,0.640398684,0.713625175,0.460930608,0.625200175,2670,0,0,1,0,0,0,0,0,0,0
2004,-0.032521522,0.617360643,0.488311782,0.642298773,0.599766329,0.567800431,0.389889424,0.542838102,0.743235931,-0.059392007,1.540955946,0.920542796,1.33831056,1.504337455,1.50935158,1.348878624,1.688189858,1.559325022,-0.247420025,-0.346657869,0.39346271,0.381520928,-0.583799404,-0.691116039,-0.311258039,-0.636906537,-0.64540762,0.195877105,0.415673482,0.381719815,0.618822107,-0.021657235,0.268484236,0.401873188,0.317490851,0.351101311,0.200249415,0.302395192,0.627449994,0.21885813,0.158692412,0.284919118,0.579970876,0.287195225,0.681868836,2456,0,0,1,0,0,0,0,0,0,0
2005,-0.032521522,0.855153681,0.824920607,0.608396468,0.81415089,0.123336282,0.19839679,0.467840733,0.460294838,-0.059392007,1.365171273,1.407145509,1.516772202,1.85399668,1.419750497,1.564710949,1.645232629,1.559325022,-0.247420025,-0.05287992,0.126870857,-0.312779188,-0.736684616,2.012179081,1.413324977,0.01985546,-0.588138233,0.195877105,0.330366738,0.460569497,0.361885162,0.218615484,0.951898656,0.821893992,0.241346326,-0.168765493,0.200249415,0.311472605,0.481840342,0.143672,0.513303752,1.105907639,0.737211227,0.405651168,0.155659836,2614,0,0,1,0,0,0,0,0,0,0
2006,-0.032521522,0.617360643,0.925903254,0.777907994,0.74268937,1.086341939,-0.146289951,0.242848625,0.500714994,-0.059392007,1.277278937,1.53985534,1.606003023,1.329507843,1.778154829,1.435211554,1.559318172,1.559325022,-0.247420025,0.772457575,0.039637437,-0.574283673,0.233694247,-0.688506681,3.792854596,0.245031002,1.229755722,0.195877105,0.525353581,0.314134374,0.071434702,0.218615484,0.028023607,0.424577015,0.719969056,0.290651683,0.200249415,0.420401565,0.447579248,0.045930031,0.134514366,0.352629511,0.894451579,0.776813122,0.13946879,2760,0,0,1,0,0,0,0,0,0,0
2007,-0.032521522,0.617360643,0.925903254,0.777907994,0.74268937,1.086341939,-0.146289951,0.242848625,0.500714994,-0.059392007,1.277278937,1.53985534,1.606003023,1.329507843,1.778154829,1.435211554,1.559318172,1.559325022,-0.247420025,0.772457575,0.039637437,-0.574283673,0.233694247,-0.688506681,3.792854596,0.245031002,1.229755722,0.195877105,0.525353581,0.314134374,0.071434702,0.218615484,0.028023607,0.424577015,0.719969056,0.290651683,0.200249415,0.420401565,0.447579248,0.045930031,0.134514366,0.352629511,0.894451579,0.776813122,0.13946879,2471,0,0,1,0,0,0,0,0,0,0
2008,-0.032521522,0.685301511,-0.050262338,0.811810299,0.95707393,0.790032506,0.504785005,0.580336787,0.904916555,-0.059392007,1.321225105,1.053252627,1.516772202,1.72287447,1.598952663,1.435211554,1.645232629,1.201342352,-0.247420025,0.804919227,1.426404233,-0.673632538,-0.698779191,0.425689281,0.075456664,-0.135379194,-0.809034438,0.195877105,0.013513119,-0.879875093,-1.928205002,-0.790529935,-0.427586006,-0.733318176,-1.466466598,-1.60746665,0.200249415,-0.033469102,-1.2911713,-1.382606442,-0.477996129,-0.773055781,-1.904426682,-1.592305736,-1.609164193,2673,0,0,1,0,0,0,0,0,0,0
2009,-0.032521522,1.296769324,0.892242372,0.269373417,0.74268937,0.234452319,0.657979112,0.655334156,0.258194058,-0.059392007,1.628848282,1.53985534,1.382925971,1.504337455,1.464551038,1.780543275,1.817061543,1.604072855,-0.247420025,-0.417261961,0.181493653,1.444667981,1.896478861,1.901281357,-0.283282933,-0.560142148,0.24799481,0.195877105,0.013513119,-0.879875093,-1.928205002,-0.790529935,-0.427586006,-0.733318176,-1.466466598,-1.60746665,0.200249415,-0.033469102,-1.2911713,-1.382606442,-0.477996129,-0.773055781,-1.904426682,-1.592305736,-1.609164193,2401,0,0,1,0,0,0,0,0,0,0
2010,-0.032521522,1.806325834,2.205016789,2.337414027,1.814612171,2.123424954,2.61120398,2.230278914,1.713319676,-0.059392007,0.969655759,0.699359744,0.401386941,1.766581873,1.150947247,0.874047507,-0.158970968,-0.812310165,-0.247420025,-0.926098352,-0.795194543,-0.846065626,-0.769535983,-0.744607883,-0.765442116,-0.783611815,-0.809034438,0.195877105,0.013513119,-0.879875093,-1.928205002,-0.790529935,-0.427586006,-0.733318176,-1.466466598,-1.60746665,0.200249415,-0.033469102,-1.2911713,-1.382606442,-0.477996129,-0.773055781,-1.904426682,-1.592305736,-1.609164193,2601,0,0,1,0,0,0,0,0,0,0
2011,-0.032521522,1.806325834,2.205016789,2.337414027,1.814612171,2.123424954,2.61120398,2.230278914,1.713319676,-0.059392007,0.969655759,0.699359744,0.401386941,1.766581873,1.150947247,0.874047507,-0.158970968,-0.812310165,-0.247420025,0.489229664,-0.795194543,-0.846065626,-0.769535983,-0.744607883,-0.765442116,-0.783611815,-0.809034438,0.195877105,0.013513119,-0.879875093,-1.928205002,-0.790529935,-0.427586006,-0.733318176,-1.466466598,-1.60746665,0.200249415,-0.033469102,-1.2911713,-1.382606442,-0.477996129,-0.773055781,-1.904426682,-1.592305736,-1.609164193,2837,0,0,1,0,0,0,0,0,0,0
2012,-0.032521522,1.738384966,2.036712377,1.964488672,2.422035092,2.567889103,1.921830497,2.192780229,2.077101081,-0.059392007,1.540955946,0.433940082,0.446002351,1.198385633,1.150947247,0.874047507,0.270601317,0.261637844,-0.247420025,-0.903375196,-0.263641368,-0.846065626,-0.797333295,-0.744607883,-0.765442116,-0.783611815,-0.809034438,0.195877105,0.257246672,-0.665854528,-0.364240987,-0.682407211,-0.807260684,-0.949004535,-1.183644075,-1.099689771,0.200249415,-0.750584757,-1.10273528,-1.209678343,-0.711717239,-1.424768319,-0.693675974,-1.647585176,-1.261056701,2747,0,0,1,0,0,0,0,0,0,0
2013,-0.032521522,2.621616251,2.238677672,2.100097892,1.921804451,2.345657028,2.419711346,1.967788121,2.077101081,-0.059392007,1.057548096,1.053252627,1.204464329,1.635459664,0.702941831,0.39921639,-0.030099283,0.306385678,-0.247420025,-0.776774754,-0.793564012,-0.846065626,-0.813758978,-0.601093181,-0.765442116,-0.783611815,-0.809034438,0.195877105,-1.046727839,-0.181492198,-0.610006761,0.206601848,-1.27552612,-0.483576076,-1.042232814,-0.918340886,0.200249415,-1.031984571,-1.068474185,-0.766080175,-0.663361148,-1.153926745,-1.149672994,-1.639688113,-1.544400009,2934,0,0,1,0,0,0,0,0,0,0
2014,-0.032521522,0.209715435,0.723937959,0.913517214,0.206727969,0.641877789,0.811173219,0.392843364,0.985756867,-0.059392007,1.101494264,1.362908899,1.382925971,1.198385633,1.374949955,1.435211554,1.473403715,1.693568523,-0.247420025,1.685441531,-0.377778553,1.177453791,-0.544630466,1.13282536,0.460525772,-0.35543711,-0.363969492,0.195877105,0.817833845,0.528154938,0.730533823,0.99950182,0.901275366,0.674319115,0.567680005,0.447820717,0.200249415,0.692723966,0.267708501,0.542158489,0.618075284,0.15796213,0.296938242,0.484621796,0.382334483,2761,0,0,1,0,0,0,0,0,0,0
2015,-0.032521522,0.889124115,1.094207667,1.049126434,1.27865077,1.419690051,0.887770273,0.767830211,1.389958428,-0.059392007,1.277278937,1.628328561,1.516772202,1.416922649,1.598952663,1.176212763,1.430446487,1.514577188,-0.247420025,0.438914104,-0.082652404,-0.36188265,0.202106393,-0.158806962,1.122054754,0.081266972,-0.534141383,0.195877105,0.732527102,0.663325821,0.697020308,0.603051834,0.534256511,0.742430597,0.883135896,0.472000568,0.200249415,0.275162952,0.250577954,0.497046811,0.134514366,0.073324138,0.30480026,0.460930608,0.366143436,2867,0,0,1,0,0,0,0,0,0,0
2016,-0.032521522,1.364710192,0.892242372,0.777907994,-0.079118112,0.382607036,0.811173219,0.580336787,0.177353746,-0.059392007,1.497009778,1.53985534,1.650618434,1.28580044,1.061346164,1.478378019,1.301574801,1.648820689,-0.247420025,-0.290661519,0.138284576,0.203378135,-0.102400515,-0.122275946,-0.071001245,0.52991218,-0.111984191,0.195877105,0.561913614,0.573211899,0.741704994,0.903392732,0.660814737,0.594855719,0.926647053,1.016047224,0.200249415,0.238853298,0.353361238,0.474490972,0.892093137,0.318774314,0.658591052,0.918960254,1.038071851,3375,0,0,1,0,0,0,0,0,0,0
2017,-0.032521522,0.957064983,0.959564137,0.371080333,0.492574049,0.938187222,0.9260688,1.142817058,1.026177023,-0.059392007,1.409117441,1.362908899,0.981387277,1.15467823,1.106146705,1.089879833,1.258617573,1.022351017,-0.247420025,-0.283357648,-0.244074993,0.963910828,0.328457808,-0.635014838,-0.765442116,-0.638612412,0.041825018,0.195877105,0.708153746,0.809760945,0.775218509,0.87936546,0.711438027,0.492688497,0.556802216,0.568719974,0.200249415,0.193466231,-0.434643936,-1.931465192,0.5213631,0.115643134,-0.009680443,-0.091863792,0.123277744,2947,0,0,1,0,0,0,0,0,0,0
2018,-0.032521522,0.583390209,-0.151244986,0.506689553,0.492574049,0.938187222,0.9260688,1.142817058,1.026177023,-0.059392007,1.145440432,0.832069575,1.026002687,1.15467823,1.106146705,1.089879833,1.258617573,1.022351017,-0.247420025,0.513575903,1.580489432,-0.039855294,0.328457808,-0.635014838,-0.765442116,-0.638612412,0.041825018,0.195877105,0.537540259,0.944931828,0.898101396,0.87936546,0.711438027,0.492688497,0.556802216,0.568719974,0.200249415,0.547485352,1.132801138,0.722605202,0.5213631,0.115643134,-0.009680443,-0.091863792,0.123277744,3154,0,0,1,0,0,0,0,0,0,0
2019,-0.032521522,0.277656303,0.118042074,0.099861892,0.421112529,-0.061857114,0.581382058,0.617835472,0.864496399,-0.059392007,0.793871086,1.009016016,0.802925635,1.067263424,1.016545622,1.305712159,1.430446487,1.335585853,-0.247420025,3.178677511,1.970186392,3.657749601,3.065229444,3.654770084,0.43748745,-0.270143344,0.892684475,0.195877105,0.622847003,0.61826886,0.752876166,0.699160921,1.027833592,0.935413129,0.600313373,0.629169602,0.200249415,0.792575513,0.567493078,0.436897907,0.64225333,1.30903882,0.855141491,0.468827671,0.552340467,3022,0,0,1,0,0,0,0,0,0,0
2021,-0.032521522,0.515449341,0.555633547,0.947419519,0.528304809,0.049258924,0.619680585,0.917824949,0.621975463,-0.059392007,1.233332768,1.141725847,1.472156792,0.848726409,0.702941831,1.780543275,1.774104315,1.42508152,-0.247420025,0.177597807,0.058388546,-0.669064774,0.697403938,1.033669747,0.154445199,-0.65055354,-0.008899295,0.195877105,0.525353581,0.60700462,0.395398677,0.759229101,0.800028785,0.742430597,0.556802216,0.725889008,0.200249415,-0.051623929,0.182055765,-0.157072521,0.335998082,0.716572876,0.296938242,-0.131349107,0.179946406,2715,0,0,1,0,0,0,0,0,0,0
1998,-0.032521522,0.209715435,0.622955312,0.676201078,0.170997209,0.419645715,-0.337782585,0.317845994,-0.267267971,-0.059392007,0.398355572,0.566649913,0.624463993,0.367944975,0.523739665,0.269716995,0.227644088,0.261637844,-0.247420025,-0.715097616,-0.775628168,-0.214572264,-0.698779191,-0.726342375,-0.464298326,-0.783611815,1.596279795,0.195877105,0.013513119,-0.125170996,0.395398677,0.098479125,0.078646898,0.526744238,-0.335176508,0.762158785,0.200249415,0.093614685,-1.668043339,-0.675856819,-0.558589616,-0.629171195,0.092525785,-1.157967278,0.018035944,3443,0,0,0,1,0,0,0,0,0,0
1999,-0.032521522,0.175745001,0.555633547,0.472787248,0.313920249,0.271490998,0.006904156,0.730331526,0.824076243,-0.059392007,0.090732395,0.212757031,0.133694478,0.14940796,-0.013866834,0.053884669,0.055815174,0.351133511,-0.247420025,-0.844132682,-0.748724403,-0.846065626,-0.654556196,-0.563257486,-0.5613884,-0.783611815,0.971225348,0.195877105,-0.449580633,-0.665854528,-0.520637389,-0.562270852,-0.718669926,-0.233833976,-0.715899135,-0.217125196,0.200249415,-0.805049237,-1.085604732,-1.104417761,-0.695598542,-0.747664384,-0.748710097,-1.789732307,-0.977713394,3484,0,0,0,1,0,0,0,0,0,0
2000,-0.032521522,0.073833698,0.252685604,-0.849402651,-0.507887232,-0.284089188,0.428187951,0.167851255,0.298614214,-0.059392007,-0.260836951,0.035810589,0.044463657,0.01828575,-0.058667376,0.140217599,0.270601317,0.261637844,-0.247420025,-0.254953702,-0.746278607,-0.432682991,-0.668454852,-0.610225934,-0.579489939,-0.087614685,1.5651907,0.195877105,0.050073152,-0.181492198,0.451254534,0.530970018,-0.047911328,0.174834915,0.80699137,0.629169602,0.200249415,-0.414720463,-0.91429926,0.865458849,0.327938733,-0.773055781,-1.173259046,-0.534099313,-0.929140255,3725,0,0,0,1,0,0,0,0,0,0
2001,-0.032521522,0.243685869,-0.050262338,0.201568807,0.456843289,0.752993827,0.772874693,0.805328895,-0.186427659,-0.059392007,0.090732395,-0.185372462,0.222925299,0.061993153,0.075734249,0.053884669,0.356515774,0.082646509,-0.247420025,-0.872536627,-0.650077265,-0.830078452,-0.804914379,-0.728951734,-0.556451617,0.011326084,0.179271546,0.195877105,0.196313284,0.325398614,-0.051448185,-0.502202672,-0.870539797,-0.336001199,0.067301697,0.206022203,0.200249415,-0.895823371,-0.229077369,-0.630745141,-1.340346432,-1.797175483,-1.983046858,-0.928952456,0.179946406,3579,0,0,0,1,0,0,0,0,0,0
2002,-0.032521522,-0.435722812,-0.117584103,0.167666502,1.09999697,0.456684394,1.002665853,0.655334156,1.187857648,-0.059392007,-0.172944614,0.256993641,0.089079068,0.236822766,0.12053479,-0.118781192,-0.030099283,0.395881345,-0.247420025,-0.608785706,-0.715298514,-0.726161823,-0.816286007,-0.648061629,0.014569668,-0.780200064,-0.764855197,0.195877105,-0.400833922,-0.327927321,0.026750016,-0.718448119,-0.389618538,-0.824133485,-0.661510188,-0.966700589,0.200249415,0.102692098,-0.588818862,0.015855578,-1.154981414,-1.179318142,-2.108839139,-2.484673839,-2.370143362,3114,0,0,0,1,0,0,0,0,0,0
2003,-0.032521522,1.09294672,1.094207667,-0.171356549,0.242458729,0.419645715,0.504785005,0.655334156,0.581555307,-0.059392007,0.2225709,0.035810589,-0.089382574,0.061993153,-0.058667376,-0.161947657,-0.030099283,0.21689001,-0.247420025,-0.904998279,-0.753615997,-0.131210572,-0.727840017,-0.709381547,-0.765442116,-0.713670926,-0.800853097,0.195877105,0.098819863,-0.463098204,-0.084961699,-0.442134493,-0.655390813,-1.017116017,-0.802921449,-1.087599846,0.200249415,-1.386003691,-0.742993787,0.36923039,-0.929319652,-1.196245741,-1.739324313,-2.303041393,-1.787265701,3305,0,0,0,1,0,0,0,0,0,0
2004,-0.032521522,-0.028077604,-0.050262338,-0.035747328,0.528304809,0.160374961,-0.146289951,0.730331526,0.419874682,-0.059392007,-0.392675455,-0.583501955,-0.446305858,-0.54991049,-0.46187225,-0.507279378,-0.073056511,-0.141092659,-0.247420025,-0.731328442,-0.610944516,-0.796962164,-0.830184662,-0.432789575,-0.587717912,-0.769964812,0.354352242,0.195877105,-0.205847079,0.100113809,0.104948217,-0.189848138,0.078646898,0.345113619,-0.411321034,-0.084136013,0.200249415,-0.423797876,0.361926511,-0.036774713,-1.308109038,-0.5783884,-0.308437112,-0.69204057,-0.686274563,3261,0,0,0,1,0,0,0,0,0,0
2005,-0.032521522,-0.265870642,-0.083923221,0.065959587,0.599766329,0.19741364,-0.529275219,-0.582122439,0.096513434,-0.059392007,-0.216890783,-0.052662631,-0.178613395,0.105700556,0.075734249,0.053884669,-0.11601374,-0.185840493,-0.247420025,-0.770282424,-0.659045187,-0.762703935,-0.016481554,1.10281774,-0.57619875,-0.769964812,-0.795944293,0.195877105,0.074446507,0.235284692,0.149632903,0.446874567,0.534256511,0.447280842,-0.117620722,-0.217125196,0.200249415,0.257008125,0.010750292,-0.352556459,-0.889022909,-0.019777653,0.375558418,-0.447231621,-1.552495532,3323,0,0,0,1,0,0,0,0,0,0
2006,-0.032521522,0.039863264,0.017059427,0.404982638,0.599766329,1.753038162,0.581382058,-0.319631646,-0.06516719,-0.059392007,-0.260836951,-0.096899242,-0.401690447,-0.331373474,0.030933707,-0.075614726,-0.201928197,-0.230588327,-0.247420025,-0.714286075,-0.685133686,-0.846065626,-0.830184662,-0.667631815,0.363435698,-0.740964932,-0.804125634,0.195877105,-0.278967145,-0.057585555,-0.297213958,-0.502202672,-1.022409668,-0.143018667,0.273979694,-0.192945345,0.200249415,-0.287636676,-0.040641349,-1.014194404,-0.905141607,-2.533526013,-0.276989041,-0.091863792,-0.742943225,3545,0,0,0,1,0,0,0,0,0,0
2007,-0.032521522,-0.265870642,0.488311782,0.540591858,0.206727969,-0.061857114,0.428187951,-0.882111916,-0.388528439,-0.059392007,-0.172944614,-0.141135852,0.044463657,0.105700556,0.12053479,0.053884669,-0.287842654,-0.006849158,-0.247420025,-0.639624276,-0.795194543,-0.669064774,-0.725312988,-0.697639435,0.623439626,0.123913855,-0.73540237,0.195877105,0.037886474,-0.091378276,0.116119388,0.050424581,0.116614365,0.231594483,0.448024323,0.07303302,0.200249415,0.166233991,-1.342562941,-0.48037288,0.134514366,-0.095951846,-0.3477472,0.437239419,0.317570298,3212,0,0,0,1,0,0,0,0,0,0
2008,-0.032521522,-0.435722812,-0.319549398,0.404982638,0.99280469,0.456684394,-0.682469327,-0.057140853,0.460294838,-0.059392007,-0.172944614,-0.141135852,-0.133997984,-0.112836459,-0.058667376,-0.248280587,-0.11601374,-0.454327495,-0.247420025,-0.62339345,-0.56202858,-0.665638951,0.69487691,-0.070088782,-0.674934419,-0.735847306,-0.809034438,0.195877105,0.037886474,0.415512536,-0.442439188,0.158547304,0.395042462,0.027260038,0.099935064,-0.338024453,0.200249415,0.520253112,0.567493078,-0.487891493,-0.59082701,0.073324138,0.249766137,-0.241907987,-0.937235778,3492,0,0,0,1,0,0,0,0,0,0
2009,-0.032521522,0.787212813,0.622955312,-0.035747328,-0.007656591,-0.543359942,0.045202683,0.392843364,-0.024747034,-0.059392007,-0.085052278,-0.096899242,-0.267844216,-0.069129056,-0.193069001,-0.032448261,0.012857946,-0.051596992,-0.247420025,-0.904998279,-0.045150186,0.646451235,-0.630549428,-0.603702539,-0.523539727,0.432677287,0.144909914,0.195877105,-0.388647245,0.043792608,0.518281564,0.134520032,0.078646898,0.174834915,0.208712958,0.278561757,0.200249415,-1.104603878,-1.059908911,0.51960265,-0.23621567,-0.163662239,-0.198368866,-0.170834421,-0.087205856,3577,0,0,0,1,0,0,0,0,0,0
2010,-0.032521522,0.583390209,0.589294429,0.235471112,-0.150579632,-0.247050509,0.045202683,0.242848625,0.621975463,-0.059392007,0.090732395,0.035810589,-0.000151753,-0.025421653,0.030933707,-0.032448261,-0.244885425,0.261637844,-0.247420025,-0.852248095,-0.523711096,-0.099236225,-0.564846692,-0.5436873,-0.75227736,0.768734725,-0.43760156,0.195877105,-1.046727839,-0.429305483,0.037921188,0.002370037,0.167237656,-0.029499531,-0.30254314,-0.616092744,0.200249415,-1.258919905,-1.2911713,0.015855578,0.46494766,0.284919118,-0.033266496,-0.589378753,-0.791516363,3550,0,0,0,1,0,0,0,0,0,0
2011,-0.032521522,0.617360643,0.690277077,0.269373417,-0.257771912,0.012220244,0.466486478,0.092853886,0.702815775,-0.059392007,0.090732395,0.12428381,0.044463657,0.105700556,0.030933707,-0.118781192,-0.287842654,-0.499075329,-0.247420025,-0.900129031,-0.787041887,-0.365308473,-0.745529215,-0.672850532,-0.709491903,-0.720494428,-0.809034438,0.195877105,-0.681127509,-0.485626684,-0.051448185,-0.081725415,-0.174469554,-0.506279904,-0.269909772,-0.821621481,0.200249415,-0.81412665,-1.068474185,-0.465335654,0.005564788,-0.442967613,-0.434229393,-0.399849244,-2.313474701,3717,0,0,0,1,0,0,0,0,0,0
2012,-0.032521522,0.073833698,0.387329134,0.676201078,-0.186310392,-0.024818435,-0.069692897,0.317845994,0.662395619,-0.059392007,0.046786227,-0.008426021,-0.044767164,-0.243958668,0.12053479,-0.118781192,-0.330799882,-0.320083994,-0.247420025,-0.612843413,-0.757692325,-0.366450414,-0.103664029,-0.578913636,-0.68974477,-0.783611815,-0.593047038,0.195877105,-0.291153823,-0.429305483,-0.788745506,-0.418107221,-0.554144232,-0.449520335,-0.737654713,-0.398474081,0.200249415,0.284240365,-1.325432394,-1.382606442,-0.163681533,-0.138270842,0.328386313,-1.773938182,-1.738692563,3978,0,0,0,1,0,0,0,0,0,0
2013,-0.032521522,0.277656303,-0.420532046,-0.205258854,0.70695861,0.271490998,-0.146289951,-0.469626385,0.015673122,-0.059392007,-0.392675455,-0.273845683,-0.312459626,-0.025421653,-0.237869542,0.010718204,-0.030099283,-0.454327495,-0.247420025,-0.926098352,-0.679426827,-0.707890767,-0.706360276,-0.23447835,0.147862821,-0.510671764,-0.809034438,0.195877105,-0.315527178,-0.068849795,-0.263700444,-0.225889046,0.065991075,0.197538742,0.099935064,-0.604002818,0.200249415,-0.178707716,-0.06633717,0.346674551,-1.154981414,-1.001578359,-0.300575094,-0.060275541,-1.301534317,3787,0,0,0,1,0,0,0,0,0,0
2014,-0.032521522,-0.028077604,0.387329134,0.811810299,-0.722271792,-0.284089188,0.274993844,-0.282132961,0.945336711,-0.059392007,-0.216890783,-0.141135852,-0.267844216,-0.375080877,-0.237869542,-0.248280587,-0.11601374,-0.006849158,-0.247420025,-0.771905507,-0.649262,0.187390961,-0.500407471,-0.624577405,-0.584426723,-0.672729919,0.336353292,0.195877105,0.037886474,-0.237813399,-0.297213958,0.158547304,-0.225092845,-0.233833976,0.045546118,-0.446833784,0.200249415,-0.078856169,-0.845777071,-0.931489661,0.5213631,-0.019777653,-1.220431152,-0.620967004,-1.609164193,3691,0,0,0,1,0,0,0,0,0,0
2015,-0.032521522,0.515449341,0.723937959,0.981321824,0.67122785,1.01226458,0.08350121,-0.094639538,0.864496399,-0.059392007,0.2225709,0.212757031,0.133694478,0.236822766,0.12053479,-0.032448261,0.012857946,-0.006849158,-0.247420025,-0.784078626,-0.688394749,-0.434966873,-0.585062918,0.41133781,-0.630503368,-0.754611934,-0.180707455,0.195877105,-0.169287046,-0.204020678,-0.274871615,-0.297970861,-0.098534619,-0.267889717,-0.063231775,-0.434743859,0.200249415,-0.242249609,-0.974256175,-1.081861921,-0.808429423,-0.671490191,-0.520711587,-0.407746307,-1.058668624,4135,0,0,0,1,0,0,0,0,0,0
2016,-0.032521522,0.617360643,0.757598842,0.845712604,0.349651009,0.567800431,-0.950559014,-0.319631646,-0.671469531,-0.059392007,0.090732395,0.0800472,-0.000151753,-1.030691924,-0.327470625,-0.032448261,-0.201928197,0.127394343,-0.247420025,-0.917982939,-0.789487684,-0.741007056,-0.803650865,-0.727647055,-0.311258039,-0.522612891,-0.665042838,0.195877105,-0.534887377,-0.361720042,-0.341898644,-0.057698143,-0.516176764,0.00455621,0.241346326,0.363191237,0.200249415,-1.077371638,-1.145561648,-0.585633463,-1.017972487,-0.89154897,-0.693675974,-0.012893164,0.390430006,3422,0,0,0,1,0,0,0,0,0,0
2017,-0.032521522,1.330739758,0.925903254,-0.205258854,-0.758002553,0.345568356,2.151621658,0.280347309,1.026177023,-0.059392007,0.354409404,0.256993641,-0.178613395,-0.418788281,-0.237869542,-1.500108076,-0.416714339,0.082646509,-0.247420025,-0.89931749,-0.791118215,-0.635948486,-0.577481834,0.164753458,-0.46594392,-0.212143583,-0.553776601,0.195877105,-0.278967145,-0.587004847,-0.364240987,-0.658379939,-0.478209296,-0.392760767,0.023790539,0.000493466,0.200249415,-1.867106599,-2.438917966,-2.593103137,-0.469936781,-0.079024248,0.218318067,-0.684143507,-1.989653778,3680,0,0,0,1,0,0,0,0,0,0
2018,-0.032521522,0.141774567,-0.723479988,-0.205258854,0.028074169,0.271490998,1.04096438,0.655334156,1.026177023,-0.059392007,-0.216890783,-0.185372462,-0.133997984,-0.025421653,-0.013866834,-0.032448261,0.012857946,0.082646509,-0.247420025,-0.861175049,-0.599530798,-0.735297351,-0.658346739,-0.744607883,-0.748986171,-0.780200064,-0.553776601,0.195877105,0.208499962,0.269077413,0.283686961,0.062438217,-0.338995248,-0.029499531,-0.128498511,0.000493466,0.200249415,-0.151475476,0.730233277,0.29404426,-0.147562836,-1.602508102,-2.745662564,-2.382012022,-1.989653778,3187,0,0,0,1,0,0,0,0,0,0
2019,-0.032521522,0.209715435,0.824920607,1.184735655,1.24292001,1.049303259,-0.337782585,-0.657119808,-0.428948595,-0.059392007,0.662032582,0.433940082,0.490617762,0.411652378,0.434138582,0.097051134,-0.030099283,-0.006849158,-0.247420025,-0.827090314,-0.7772587,-0.741007056,-0.830184662,0.518321498,-0.321131606,-0.59596553,-0.740311175,0.195877105,0.245059995,-0.316663081,-0.833430192,-1.102884469,-0.022599683,0.265650224,0.448024323,0.278561757,0.200249415,0.574717592,-0.014945528,-0.149553908,-0.155622184,-0.773055781,0.690039122,0.674151305,-0.014346148,3514,0,0,0,1,0,0,0,0,0,0
2021,-0.032521522,0.515449341,0.151702957,0.574494163,-0.329233432,-0.6174373,-0.414379639,0.092853886,-0.469368751,-0.059392007,-0.480567792,-0.362318904,-0.267844216,-0.287666071,-0.506672792,-0.291447052,-0.073056511,-0.006849158,-0.247420025,-0.810859489,-0.60279186,-0.284230664,-0.307089807,-0.671545853,-0.706200714,-0.70514155,-0.714130884,0.195877105,-0.973607773,-0.519419405,-0.610006761,-0.430120857,-0.225092845,-0.143018667,-0.563610084,-0.362204304,0.200249415,-1.939725906,-0.91429926,-1.292383086,-0.445758735,-0.205981235,-0.457815446,-1.13427609,-0.734847702,2715,0,0,0,1,0,0,0,0,0,0
2002,-0.069015138,-1.352924531,-1.194732343,-0.679891125,0.206727969,-0.802630696,-0.490976692,-0.244634276,-0.024747034,-1.162712751,-1.491329661,-1.29128772,-1.784768171,-1.817425179,-1.895489581,-1.802273332,-1.404730595,-1.349284169,-0.986027292,-0.723213029,-0.444630332,-0.823226807,-0.830184662,-0.640233554,-0.337587551,-0.254790466,-0.367242028,0.195877105,0.452233515,0.730911263,0.484768049,0.062438217,0.420354107,0.685671029,0.284857483,0.193932277,-0.190545992,0.420401565,0.695972183,-0.006700261,-0.639183102,0.208744925,0.438454559,-0.068172604,-0.208638702,1602,0,0,0,0,1,0,0,0,0,0
2003,0.186440175,-0.16395934,-0.319549398,-0.951109566,-0.722271792,-0.728553338,-0.682469327,-0.169636907,-0.631049375,-0.874889948,-0.744244801,-1.2028145,-0.803229141,-0.812154908,-0.999478749,-1.327442216,-1.275858909,-0.9913015,-0.913525965,-0.844944223,-0.403867052,-0.514902742,-0.754373814,-0.718514301,-0.699618336,-0.783611815,-0.64540762,-0.015583858,-0.071793625,0.100113809,0.395398677,0.17056094,0.293795882,-0.006795703,-0.204643037,0.109302798,-0.884207839,-0.832281477,-0.117728812,0.872977462,0.061980229,0.124106933,0.061077715,-0.478819873,-0.143874517,1937,0,0,0,0,1,0,0,0,0,0
2004,-0.908368307,-0.877338455,-0.959106166,-0.78159804,-0.329233432,-0.395205226,-0.835663434,-0.094639538,-0.388528439,-1.306624152,-1.227652651,-1.423997551,-1.338614067,-1.68630297,-1.178680916,-1.241109285,-0.932201081,-0.543823163,-0.396954012,-0.796251745,-0.591378142,-0.834646216,-0.777117068,-0.721123659,-0.439614409,-0.732435555,-0.651952693,0.536564212,0.171939929,0.550683419,0.004407673,0.002370037,0.192549301,0.526744238,0.121690643,0.363191237,0.542195396,0.375014498,0.927234571,0.286525647,-0.76813268,0.098715535,0.768659298,0.089768653,0.13946879,2085,0,0,0,0,1,0,0,0,0,0
2005,-0.981355539,-0.401752378,-0.656158223,-0.103551939,0.421112529,-0.358166547,-1.371842809,-0.844613232,-0.226847815,-0.683008079,-0.920029474,-0.804685007,-0.892459962,-0.637325296,-0.417071709,-0.464112913,-0.717414939,-1.304536336,-0.231107227,-0.780020919,-0.671274171,-0.846065626,0.319613209,-0.507156285,-0.252016638,-0.746082558,-0.809034438,0.184129274,-0.071793625,-0.215284918,-0.185502243,-0.189848138,0.458321575,0.299705965,-0.052353986,-0.20503527,0.034161367,0.102692098,0.053576661,0.44441652,0.787321605,0.708109077,0.933761667,0.705739556,0.439003144,2399,0,0,0,0,1,0,0,0,0,0
2006,-0.470444914,-0.231900208,-0.757140871,0.065959587,-0.079118112,0.975225901,-0.299484058,-1.294597448,-0.550209063,-1.354594619,-1.095814147,-0.981631448,-1.293998656,-1.424058551,-0.999478749,-1.500108076,-1.104029995,-1.483527671,-0.995089958,-0.654232019,-0.623988766,-0.823226807,-0.804914379,-0.1314087,-0.591009101,-0.49361301,-0.661770302,0.066650961,0.147566573,0.235284692,0.216659932,-0.009643599,-0.111190441,0.265650224,0.719969056,-0.047866236,-0.11238691,0.020995378,0.12209885,0.188783678,0.166751761,0.005613744,0.98879579,0.650460116,0.795206159,2501,0,0,0,0,1,0,0,0,0,0
2007,0.186440175,0.039863264,0.185363839,0.506689553,-0.579348752,-0.839669375,-0.184588478,-1.219600079,-1.803233901,-0.874889948,-1.359491156,-1.645180603,-0.892459962,-0.986984521,-1.178680916,-1.068443425,-1.061072767,-0.63331883,-0.902650766,-0.572266348,-0.795194543,-0.522896329,-0.716468389,-0.650670987,0.098494987,-0.27526097,-0.606137183,-0.861427709,0.220686639,0.460569497,0.037921188,0.062438217,0.521600688,0.288354051,0.458902112,-0.495193487,-0.845128298,0.166233991,-0.314730106,-0.277370329,0.787321605,0.547296893,1.138174124,0.500415922,1.013785282,2524,0,0,0,0,1,0,0,0,0,0
2008,-0.32447045,-0.775427152,-0.656158223,0.032057282,0.456843289,0.19741364,-1.333544282,-0.657119808,-0.348108283,-0.635037612,-0.612406296,-0.848921617,-1.070921604,-0.637325296,-0.506672792,-0.982110495,-1.061072767,-1.886258174,-0.705990917,-0.668839762,-0.317448898,-0.75699423,2.984364539,-0.635014838,-0.446196786,-0.703435675,-0.809034438,-0.03907952,0.013513119,0.13390653,-0.341898644,0.098479125,0.078646898,0.186186828,0.350124219,-0.652362521,0.102550563,0.511175699,0.567493078,0.166227839,-0.107266092,0.496514097,0.241904119,0.445136482,-0.394835732,2556,0,0,0,0,1,0,0,0,0,0
2009,-0.798887459,-0.67351585,-0.521514693,-0.815500345,-0.972387113,-0.987824091,-1.103753121,-0.882111916,-0.99483078,-2.985590501,-3.117337885,-2.57414942,-2.498614738,-2.341914016,-2.612298247,-2.53610324,-2.349789622,-2.378484345,-1.038590754,-0.906621361,-0.083467669,-0.332192185,-0.595171032,-0.614139972,0.027734424,0.717558465,-0.138164482,-0.544236265,-0.900487707,-0.508155165,-0.721718476,-1.223020828,-0.617423345,-0.733318176,0.426268744,-0.120405791,0.151399989,0.148079165,-0.100598265,-0.0292561,0.061980229,-0.095951846,0.462040612,0.468827671,0.746633021,2759,0,0,0,0,1,0,0,0,0,0
2010,-0.579925763,-0.50366368,-0.252227633,-0.612086515,-0.829464073,-0.950785412,-1.295245756,-0.844613232,-0.711889687,-0.922860415,-1.227652651,-1.645180603,-1.160152425,-1.161814133,-1.447484165,-1.500108076,-1.53360228,-1.528275504,-0.386078813,-0.650174312,-0.746278607,0.969620533,-0.438495278,-0.36625094,-0.683162392,0.533323931,1.669911864,0.24286843,0.281620028,0.347927094,0.406569848,0.206601848,0.319107527,0.424577015,0.502413269,0.653349454,0.17093976,0.347782258,0.610319447,0.715086589,0.69866877,0.462658901,1.091002019,0.879474939,1.256650974,3111,0,0,0,0,1,0,0,0,0,0
2011,-0.616419379,-0.469693246,-0.454192928,-0.408672684,-1.043848633,-1.06190145,-0.6441708,-0.844613232,-0.06516719,-1.83429929,-1.623168165,-1.777890434,-1.784768171,-1.68630297,-1.716287415,-1.802273332,-2.135003479,-2.870710516,-0.432298408,-0.900129031,-0.795194543,-0.814091279,-0.58253589,-0.521507755,-0.628857774,-0.727317929,-0.809034438,0.195877105,-0.04742027,-0.361720042,0.294858133,-0.442134493,-0.060567151,-0.222482063,0.023790539,-1.002970366,0.395647119,0.438556392,0.267708501,0.000818352,0.674490724,0.411876105,0.320524295,0.366165853,-0.751038748,3238,0,0,0,0,1,0,0,0,0,0
2012,-0.032521522,-1.013220191,-0.790801753,-0.306965769,-1.258233193,-1.173017487,-1.180350175,-0.507125069,0.096513434,0.804076401,0.662032582,0.699359744,0.713694814,0.761311603,0.792542914,0.744548112,0.786088059,0.485377013,-0.885431701,-0.501662256,-0.629695625,-0.798104105,-0.497880442,-0.27883744,-0.630503368,-0.783611815,-0.776309075,-0.344523133,0.086633185,0.021264127,-0.084961699,0.579024562,0.369730817,0.027260038,0.197835168,0.206022203,-1.431321408,0.710878792,0.199186312,-0.375112298,0.674490724,0.386484708,0.163283944,0.974239694,0.722346452,2921,0,0,0,0,1,0,0,0,0,0
2013,-0.652912995,-0.469693246,-0.184905868,-0.408672684,-0.114848872,-0.543359942,-0.682469327,-0.507125069,0.217773902,-0.635037612,-0.656352465,-0.362318904,-0.446305858,-0.200251265,-0.237869542,-0.205114122,-0.11601374,0.037898675,-0.170387366,-0.685070588,-0.752800731,-0.713600472,-0.596434546,-0.282751477,0.050772747,-0.00914442,-0.809034438,-0.837932046,-0.473953988,-0.136435237,0.41774102,0.542983654,0.48363322,0.651615288,0.524168848,0.532450197,-0.415253351,-0.078856169,0.353361238,0.549677102,0.247345247,0.919704057,0.855141491,1.013725008,0.884256913,3417,0,0,0,0,1,0,0,0,0,0
2014,0.441895487,0.447508473,0.454650899,0.710103383,0.278189489,0.086297603,0.504785005,0.992822319,1.349538272,-1.594446955,-1.27159882,-1.114341279,-0.981690783,-1.11810673,-1.178680916,-0.809444634,-0.631500482,-0.901805832,-0.621708125,-0.79300558,-0.661490984,-0.62909684,-0.693725135,-0.585437031,-0.765442116,-0.783611815,3.118009208,-0.579479758,-0.400833922,-0.474362444,-0.029105841,0.062438217,-0.098534619,0.061315778,0.023790539,0.1576625,0.288178382,0.284240365,0.558927805,0.647419072,0.360176128,0.4711227,0.579970876,0.563592425,0.827588252,3338,0,0,0,0,1,0,0,0,0,0
2015,0.660857183,0.379567605,0.420990017,0.201568807,0.74268937,0.678916468,0.236695317,0.055355201,-0.226847815,-0.826919481,-1.051867979,-0.716211786,-0.803229141,-0.156543862,-0.148268459,0.097051134,-0.201928197,-0.454327495,-0.870025169,-0.877405875,-0.403867052,-0.448670165,-0.830184662,-0.029643729,-0.765442116,-0.783611815,0.215269446,-0.462001446,-0.559260732,-0.125170996,-0.219015757,-0.273943589,-0.427586006,0.186186828,-0.041476197,0.363191237,0.19047953,0.483943459,0.541797258,0.647419072,0.618075284,0.606543487,0.823693421,0.966342631,1.119027082,3155,0,0,0,0,1,0,0,0,0,0
2016,0.514882719,0.753242379,-0.420532046,0.608396468,0.492574049,0.382607036,0.313292371,0.355344679,-0.428948595,-1.642417422,-1.974737511,-1.689417213,-1.293998656,-0.54991049,-1.85068904,-1.759106867,-1.791345651,-2.512727846,-1.040403287,-0.934213765,-0.775628168,-0.846065626,-0.830184662,-0.658499062,-0.640376935,-0.769964812,-0.468690656,-0.356270964,-0.473953988,-0.823553892,-0.274871615,-0.057698143,-0.566800055,-0.222482063,-0.31342093,-0.616092744,-0.229625532,-0.051623929,0.413318153,0.36923039,0.190929807,0.293382917,0.56424684,0.603077739,0.868065867,3011,0,0,0,0,1,0,0,0,0,0
2017,1.719172049,1.534562362,1.228851197,0.744005688,0.92134317,1.530806088,0.887770273,0.392843364,0.096513434,-2.17009256,-1.535275829,-1.689417213,-2.409383917,-2.25449921,-1.761087956,0.528715786,-0.932201081,-0.096344826,-0.884525434,-0.859551966,-0.302774117,-0.533173797,-0.830184662,-0.173158432,0.19887625,-0.374201738,-0.337789201,-0.861427709,-0.766434253,-0.237813399,-0.140817557,-0.430120857,-0.478209296,-0.563039472,-0.139376301,0.278561757,-1.362932212,-0.323946329,0.284839049,0.36923039,0.327938733,0.04793274,-1.29118931,0.468827671,0.147564313,3378,0,0,0,0,1,0,0,0,0,0
2018,0.441895487,-0.096018472,-0.521514693,-0.035747328,0.028074169,0.493723073,0.696277639,-0.094639538,0.13693359,-0.299244342,-0.304783119,-0.318082293,-0.312459626,-0.243958668,-0.193069001,0.31288346,-0.158970968,-0.051596992,-0.786648643,-0.704547579,-0.617466641,-0.333334126,-0.322251976,-0.744607883,0.223560167,0.146090234,1.097217999,-0.426757952,0.171939929,-0.057585555,-0.185502243,0.002370037,-1.414740168,-1.017116017,0.01291275,0.085122946,-1.460631064,-0.895823371,-0.203381548,-1.382606442,-0.82454812,-2.728193394,-1.306913345,-0.684143507,-1.155814901,2482,0,0,0,0,1,0,0,0,0,0
2019,1.792159281,0.481478907,1.498138257,1.557661011,2.028996731,0.790032506,1.117561434,1.855292067,1.67289952,-1.450535553,-1.798952838,-1.600943993,-1.249383246,-0.899569714,-1.58188579,-1.154776355,-0.631500482,-0.901805832,-0.569144663,2.534313724,0.315197212,-0.498915568,-0.830184662,0.849709992,-0.405056924,-0.531142267,0.715967511,-1.014149515,-1.509821591,-0.575740606,-0.554150903,-0.4781754,-0.490865119,-0.165722494,-0.117620722,-0.313844602,-0.258935188,0.075459858,-0.06633717,0.008336965,-0.429640038,0.217208724,0.485626665,-0.052378478,0.196137452,3101,0,0,0,0,1,0,0,0,0,0
2021,1.390729504,0.957064983,1.262512079,1.557661011,1.27865077,0.715955147,0.504785005,1.667798643,1.875000301,-1.690387889,-1.886845175,-1.114341279,-0.66938291,-0.375080877,-0.909877666,-1.02527696,-0.244885425,0.351133511,-0.966089427,-0.867667379,-0.728342763,-0.683910007,-0.830184662,0.646180051,0.830784531,-0.626671285,-0.674860447,-0.77919289,-0.888301029,-0.519419405,-0.487123874,-0.53824358,-0.338995248,-0.233833976,-0.237276404,-0.192945345,-0.219855647,0.166233991,0.353361238,-0.006700261,0.17481111,0.386484708,0.587832893,0.073974528,-0.014346148,2715,0,0,0,0,1,0,0,0,0,0
1990,-2.185644869,-2.372037552,-2.608489408,-2.5106156,-2.222963715,-2.506409935,-1.831425131,-1.669584295,-2.167015306,-1.642417422,-1.930791343,-1.733653824,-1.829383582,-1.68630297,-1.58188579,-1.715940402,-1.791345651,-1.886258174,0.444967645,0.343152231,2.82213895,1.400132283,0.089653635,0.88232697,-0.536704483,-0.648847664,-0.537413919,0.853755656,1.073754077,1.215273594,1.22206537,0.927420004,1.053145237,0.560799979,-0.204643037,0.447820717,1.099078851,1.21921394,1.329802432,1.376724534,0.755084211,1.393676811,0.894451579,0.753121934,0.868065867,2504,0,0,0,0,0,1,0,0,0,0
1991,-1.89369594,-2.236155816,-2.541167643,-2.612322515,-2.222963715,-1.654520315,-1.448439863,-1.669584295,-1.843654057,-1.594446955,-1.623168165,-1.733653824,-1.784768171,-1.467765954,-1.671486873,-1.241109285,-1.705431194,-1.394032003,0.568219901,0.321240616,3.56973751,1.307635063,-0.096082945,-0.657194382,0.544451091,-0.176320201,-0.147982091,0.830259993,0.9518873,0.956196068,1.255578885,0.783256373,-0.009943861,0.62891146,0.719969056,0.556630048,-0.09284714,1.337220314,-0.297599558,1.376724534,1.004924018,0.208744925,1.091002019,0.942651442,1.199982313,1990,0,0,0,0,0,1,0,0,0,0
1993,-2.222138485,-1.318954097,-2.204558818,-2.137690244,-2.044309914,-2.913835405,-1.869723658,-1.594586926,-2.167015306,-1.546476487,-1.842899006,-1.556707382,-1.517075708,-1.424058551,-1.537085248,-1.586441007,-1.490645052,-1.752014673,1.49442435,-0.417261961,1.060349976,0.914807366,0.324667265,0.674882991,-0.196066425,-0.660788792,-0.370514564,0.9829818,1.012820688,1.170216633,0.93161491,0.807283645,1.040489414,0.821893992,0.80699137,0.810518488,1.07953908,0.611027246,1.252714969,1.218833661,0.577778541,1.190545631,0.690039122,0.579386551,1.127122605,2705,0,0,0,0,0,1,0,0,0,0
1994,-2.514087413,-1.488806267,-1.632323816,-2.44281099,-2.758925115,-2.654564651,-1.869723658,-1.669584295,-1.156511404,-1.594446955,-1.535275829,-1.335524331,-1.383229477,-1.205521536,-1.089079833,-1.715940402,-2.092046251,-1.573023338,3.666745354,-0.527631577,-0.169070558,0.62818018,1.708215253,1.242418405,-0.599237073,-0.700023924,-0.540686456,1.065216618,0.610660325,0.809760945,1.255578885,1.251788174,1.293605866,0.787838251,-0.335176508,-0.676542372,1.108848736,0.847039993,0.798755466,1.421836212,1.432069495,1.30057502,0.485626665,0.618871865,0.625200175,2938,0,0,0,0,0,1,0,0,0,0
1995,-1.71122786,-1.420865399,-1.228393226,-1.188425701,-2.651732835,-2.321216539,-1.448439863,-2.26956325,-2.005334681,-1.594446955,-1.359491156,-1.556707382,-1.472460298,-1.555180761,-1.671486873,-1.672773937,-1.490645052,-1.84151034,-0.1613247,-0.276865317,-0.593008673,-0.351605182,4.743176227,2.702354332,-0.429740842,0.321795392,-0.468690656,0.830259993,0.781273812,0.550683419,0.41774102,1.359910898,0.875963721,0.345113619,0.600313373,0.556630048,0.972070344,0.620104659,0.815886014,0.888014688,1.448188193,1.105907639,0.949485702,0.918960254,0.949021098,2728,0,0,0,0,0,1,0,0,0,0
1996,-2.185644869,-2.202185382,-2.271880583,-1.798667193,-2.115771434,-1.580442957,-2.137813346,-2.382059304,-2.167015306,-1.594446955,-1.535275829,-1.24705111,-1.204767835,-1.511473357,-0.999478749,-0.982110495,-1.146987224,-1.304536336,0.384247784,0.942069706,0.730982671,0.153132732,1.029708158,1.431596876,0.560907036,-0.050085428,1.422835368,0.865503487,0.9518873,1.136423912,1.088011312,1.047556363,0.749405495,1.060284179,1.144202839,1.354565144,0.75713287,1.364452554,1.312671884,1.188759209,0.755084211,1.139762836,1.224656318,1.045313259,1.313319636,2465,0,0,0,0,0,1,0,0,0,0
1997,-2.149151253,-2.134244514,-1.766967346,-2.239397159,-1.972848394,-1.247094845,-1.142051648,-1.444592187,-2.045754837,-1.83429929,-1.930791343,-1.689417213,-1.561691119,-1.467765954,-1.447484165,-1.543274542,-1.53360228,-1.707266839,1.532487547,1.399778995,-0.245705525,2.883513616,1.037289243,0.395681661,-0.735821415,-0.033026675,-0.619227329,0.701033849,0.890953911,0.809760945,1.121524826,1.011515456,0.572223979,0.401873188,0.774358002,0.653349454,1.011149884,1.237368767,0.790190193,1.226352274,1.05328011,0.725036675,0.642867016,1.069004448,0.908543482,2596,0,0,0,0,0,1,0,0,0,0
1998,-1.309798084,-2.032333212,-1.093749696,-1.425741837,-1.722733074,-1.802675032,-2.865485355,-1.819579034,-2.207435462,-1.306624152,-1.403437324,-1.423997551,-1.293998656,-1.336643745,-1.31308254,-1.543274542,-1.576559509,-1.349284169,0.458561644,0.54928372,-0.596269735,0.722961281,-0.178211364,0.333057064,2.397390476,0.188737117,0.10400321,0.830259993,1.134687465,0.663325821,1.043326625,0.807283645,1.179703463,1.287322451,0.665580109,0.895147967,0.649664133,1.1919817,0.644580541,1.0684614,0.924330532,0.970486852,1.460516845,0.839989625,0.908543482,2340,0,0,0,0,0,1,0,0,0,0
1999,-2.368112949,-2.066303646,-1.329375873,-1.459644142,-2.187232955,-2.061945786,-2.32930598,-1.669584295,-1.19693156,-1.354594619,-1.315544988,-1.070104669,-1.249383246,-0.986984521,-1.133880374,-1.02527696,-1.53360228,-0.901805832,1.118323718,0.393467791,-0.601161329,-0.37330206,0.013842786,-0.194033298,-0.191129642,-0.662494667,-0.305063837,1.065216618,1.061567399,0.697118542,0.596479764,0.855338188,1.053145237,0.912709301,0.709091266,1.076496853,0.981840229,1.16474946,0.627449994,0.647419072,1.10969555,0.775819471,1.028105878,0.492518859,1.232364405,2675,0,0,0,0,0,1,0,0,0,0
2000,-0.798887459,-1.692628872,-1.396697638,-2.849638651,-2.723194355,-1.950829748,-1.754828077,-1.294597448,-1.358612184,-1.642417422,-1.711060502,-1.379760941,-1.65092194,-1.380351148,-1.447484165,-1.456941611,-1.275858909,-0.9913015,-0.697834518,0.485983499,-0.494361534,6.783242065,2.273006075,0.399595698,-0.673288825,-0.012556171,0.280720174,-0.485497108,0.708153746,0.16769925,1.344948257,0.99950182,0.395042462,0.37916936,0.273979694,0.750068859,-0.825588528,0.983201193,0.301969596,1.46694789,1.182229688,0.775819471,0.713625175,0.800504311,0.633295698,2643,0,0,0,0,0,1,0,0,0,0
2001,-2.331619333,-2.066303646,-2.170897936,-2.273299464,-2.365886755,-1.395249562,-1.371842809,-1.144602709,-2.369116086,-1.786328823,-1.403437324,-1.468234162,-1.293998656,-1.424058551,-1.447484165,-1.759106867,-1.232901681,-1.573023338,0.956101999,0.225478743,0.48803352,1.991657711,0.931154054,-0.725037696,-0.482399865,0.052267091,0.223450787,1.006477462,0.9518873,1.001253029,1.155038341,0.639092742,0.078646898,-0.188426322,0.480657691,1.209486035,1.177237932,1.119362393,1.389759347,1.121091691,1.021042715,-0.070560448,0.556384823,1.100592699,1.272842021,2838,0,0,0,0,0,1,0,0,0,0
2002,-1.930189556,-2.406007986,-2.170897936,-2.171592549,-1.186771673,-2.136023144,-1.716529551,-1.519589556,-1.358612184,-1.83429929,-1.842899006,-1.556707382,-1.517075708,-1.511473357,-1.58188579,-1.759106867,-1.877260108,-1.752014673,0.532875504,1.430617565,2.170741731,0.992459353,-0.678562965,1.145872151,0.223560167,-0.75972956,-0.445782901,0.935990475,1.061567399,0.989988789,0.842245538,0.014383673,1.331573334,0.37916936,-0.378687666,-0.120405791,1.138158392,1.337220314,1.244149695,1.075980013,-0.042791303,0.978950651,0.407006489,-0.068172604,0.552340467,2085,0,0,0,0,0,1,0,0,0,0
2003,-1.273304468,-1.828510608,-1.766967346,-2.44281099,-1.901386874,-2.173061823,-2.176111872,-1.894576403,-1.924494369,-1.546476487,-1.447383492,-1.689417213,-1.65092194,-1.642595567,-1.626686332,-1.802273332,-1.83430288,-1.931006008,-0.433204675,0.857669411,0.336394118,3.998048013,0.137667172,0.267823108,0.256472057,-0.546495145,-0.723948493,0.583555537,0.805647168,0.978724548,1.22206537,1.011515456,1.040489414,0.594855719,0.524168848,0.520360271,0.903681147,1.02858826,1.18419278,1.376724534,1.045220761,0.99587825,1.059553949,0.413548231,0.544244944,2158,0,0,0,0,0,1,0,0,0,0
2004,-2.404606565,-2.202185382,-2.036254406,-2.307201769,-1.758463834,-1.506365599,-2.291007453,-1.594586926,-1.560712965,-2.122122093,-1.842899006,-2.043310096,-1.873998992,-2.035962194,-2.029891206,-1.802273332,-1.920217337,-1.528275504,3.345926983,0.60609161,1.163073442,0.862278081,-0.169366765,-0.569780882,0.807746208,-0.580612652,-0.727221029,0.935990475,0.890953911,0.877346386,-0.487123874,0.278683664,0.167237656,0.651615288,0.448024323,0.629169602,1.147928277,0.892427059,1.269845516,-0.209702812,0.118395669,0.234136322,0.831555438,0.405651168,0.471385236,2565,0,0,0,0,0,1,0,0,0,0
2005,-2.404606565,-2.202185382,-2.137237053,-1.493546447,-1.115310153,-1.913791069,-2.980380936,-2.457056674,-2.005334681,-2.122122093,-1.930791343,-1.954836875,-1.963229813,-1.598888164,-1.671486873,-1.672773937,-1.791345651,-2.065249509,2.763197569,0.32367524,0.971486025,-0.316205011,-0.089765374,1.109341136,2.683723916,0.932498756,-0.576684356,0.830259993,1.025007366,1.03504575,0.56296625,0.458888203,1.027833592,1.173803315,1.068058314,0.193932277,1.177237932,-0.559959077,0.421883427,0.700049363,-0.00249456,0.496514097,0.658591052,1.069004448,0.77091959,2611,0,0,0,0,0,1,0,0,0,0
2006,-2.295125717,-2.066303646,-2.339202348,-1.595253362,-1.972848394,-1.173017487,-2.214410399,-2.719547467,-2.409536242,-2.074151626,-2.018683679,-1.866363655,-2.052460634,-2.123377001,-1.805888498,-1.759106867,-1.791345651,-2.109997343,0.02174115,0.690491905,1.780229506,-0.52403827,-0.211062732,-0.73417045,1.558137291,0.971733888,0.485253697,0.771520837,0.744713779,0.877346386,0.484768049,0.735201829,0.015367785,0.96946887,1.29649189,0.834698339,0.913451033,1.037665673,1.329802432,0.542158489,0.722846816,0.234136322,1.429068775,1.313813397,0.746633021,2644,0,0,0,0,0,1,0,0,0,0
2007,-2.295125717,-2.066303646,-2.339202348,-1.595253362,-1.972848394,-1.173017487,-2.214410399,-2.719547467,-2.409536242,-2.074151626,-2.018683679,-1.866363655,-2.052460634,-2.123377001,-1.805888498,-1.759106867,-1.791345651,-2.109997343,0.02174115,0.690491905,1.780229506,-0.52403827,-0.211062732,-0.73417045,1.558137291,0.971733888,0.485253697,0.771520837,0.744713779,0.877346386,0.484768049,0.735201829,0.015367785,0.96946887,1.29649189,0.834698339,0.913451033,1.037665673,1.329802432,0.542158489,0.722846816,0.234136322,1.429068775,1.313813397,0.746633021,2826,0,0,0,0,0,1,0,0,0,0
2008,-2.514087413,-2.27012625,-2.574828526,-2.002081023,-1.008117873,-1.321172203,-2.903783882,-2.569552728,-2.32869593,-1.402565086,-1.579221997,-1.600943993,-1.606306529,-1.205521536,-1.133880374,-1.456941611,-1.490645052,-2.065249509,1.848774585,1.568579585,0.977192884,-0.509193037,0.563471439,0.172581533,1.459401622,-0.478260133,-0.768127734,0.113642286,0.208499962,0.314134374,0.406569848,0.410833659,0.407698285,0.526744238,0.600313373,0.641259528,1.04045954,1.155672047,1.304106611,1.271463952,1.295060569,1.393676811,1.452654828,1.598107659,1.685713697,2655,0,0,0,0,0,1,0,0,0,0
2009,-2.149151253,-2.066303646,-1.565002051,-1.629155667,-2.222963715,-2.876796726,-2.32930598,-2.082069827,-2.449956398,-0.922860415,-0.832137138,-0.583501955,-0.71399832,-0.724740102,-0.596273875,-1.154776355,-1.748388423,-1.125545001,0.367934986,0.122412999,-0.261195571,0.340411053,0.466180849,2.853697109,-0.0545453,-0.183143703,-0.111984191,0.113642286,0.208499962,0.314134374,0.406569848,0.410833659,0.407698285,0.526744238,0.600313373,0.641259528,1.04045954,1.155672047,1.304106611,1.271463952,1.295060569,1.393676811,1.452654828,1.598107659,1.685713697,2746,0,0,0,0,0,1,0,0,0,0
2010,-2.73304911,-2.406007986,-2.137237053,-2.64622482,-1.258233193,-1.839713711,-2.176111872,-2.569552728,-2.32869593,-1.978210692,-1.886845175,-1.999073486,-1.918614402,-3.128647271,-1.716287415,-1.456941611,-0.932201081,-0.767562331,1.801648723,0.356136892,0.435856522,0.604199419,-0.320988462,0.142573913,0.455588989,2.167552486,-0.647043888,0.865503487,0.939700622,1.102631191,1.121524826,-0.273943589,0.749405495,0.75378251,1.024547157,0.145572575,0.952530573,0.701801379,1.46684681,1.278982565,0.037802183,0.945095454,1.224656318,1.313813397,0.447098667,2775,0,0,0,0,0,1,0,0,0,0
2011,-2.404606565,-2.10027408,-1.867949993,-2.171592549,-2.580271315,-2.617525972,-2.635694194,-2.719547467,-2.126595149,-1.83429929,-1.535275829,-1.645180603,-1.606306529,-1.511473357,-1.447484165,-1.456941611,-1.748388423,-2.512727846,0.732254153,1.3527096,-0.025583811,0.375811223,2.978046968,1.582939653,1.360665953,0.188737117,-0.792671757,0.783268668,1.098127432,0.843553665,0.819903195,1.119638179,1.205015108,1.105691833,0.524168848,-0.676542372,0.884141377,1.037665673,0.790190193,1.113573078,1.399832101,1.359821615,0.98879579,1.203254517,-0.062919286,3031,0,0,0,0,0,1,0,0,0,0
2012,-1.309798084,-2.43997842,-1.901610876,-1.290132617,-2.651732835,-2.321216539,-2.520798614,-1.932075088,-1.439452496,-1.546476487,-1.75500667,-1.777890434,-1.606306529,-1.555180761,-1.58188579,-1.543274542,-1.963174565,-1.617771172,-0.855524904,2.448290347,-0.149504183,-0.225991674,1.982397822,1.113255173,0.916355444,0.158031361,-0.804125634,0.160633611,0.817833845,0.753439743,0.518281564,1.251788174,1.078456882,0.87865356,0.284857483,-0.120405791,-0.171006221,1.16474946,0.875842929,0.211339517,1.327297963,1.088980041,1.224656318,0.366165853,-0.338167071,2691,0,0,0,0,0,1,0,0,0,0
2013,-2.73304911,-2.406007986,-2.137237053,-2.64622482,-1.258233193,-1.839713711,-2.176111872,-2.569552728,-2.32869593,-1.978210692,-1.886845175,-1.999073486,-1.918614402,-3.128647271,-1.716287415,-1.456941611,-0.932201081,-0.767562331,1.801648723,0.356136892,0.435856522,0.604199419,-0.320988462,0.142573913,0.455588989,2.167552486,-0.647043888,0.865503487,0.939700622,1.102631191,1.121524826,-0.273943589,0.749405495,0.75378251,1.024547157,0.145572575,0.952530573,0.701801379,1.46684681,1.278982565,0.037802183,0.945095454,1.224656318,1.313813397,0.447098667,2900,0,0,0,0,0,1,0,0,0,0
2014,-2.295125717,-2.43997842,-2.036254406,-1.256230312,-2.830386635,-2.69160333,-2.750589775,-2.607051412,-1.641553277,-1.450535553,-1.711060502,-1.733653824,-1.517075708,-1.598888164,-1.58188579,-1.500108076,-1.53360228,-1.438779837,2.12609216,1.076785561,-0.385931209,-0.332192185,1.27735693,1.890843924,0.396347588,0.052267091,-0.046533464,0.935990475,1.134687465,0.415512536,0.082605874,1.119638179,1.078456882,0.447280842,0.33924643,-0.688632298,1.128388506,1.337220314,1.158496959,0.865458849,0.223167201,1.19900943,1.130312107,1.013725008,0.519958375,3126,0,0,0,0,0,1,0,0,0,0
2015,-1.455772548,-1.964392344,-1.430358521,-1.324034922,-1.544079274,-1.135978808,-1.946320711,-2.194565881,-1.520292809,-1.594446955,-1.711060502,-1.379760941,-1.69553735,-1.730010373,-1.447484165,-1.715940402,-1.83430288,-1.438779837,-0.247420025,0.828453925,0.422812272,0.167977965,-0.084711317,0.413947169,0.218623384,-0.108085189,0.693059757,0.33685108,1.061567399,0.528154938,0.082605874,0.038410945,-0.338995248,0.345113619,-0.095865143,-0.362204304,0.678973788,1.237368767,1.055713675,0.669974911,0.5213631,0.640398684,0.745073245,1.037416196,0.795206159,3052,0,0,0,0,0,1,0,0,0,0
2016,-1.930189556,-1.76056974,-2.170897936,-1.629155667,-2.008579154,-2.136023144,-1.793126604,-2.569552728,-2.894578115,-2.697767698,-1.667114334,-1.070104669,-1.026306193,-0.943277117,-1.31308254,-1.02527696,-1.061072767,-0.946553666,-0.076135641,0.187336303,1.83322177,-0.220281969,-0.276765467,-0.194033298,0.034316802,0.502618175,0.902502084,0.630546862,0.781273812,1.136423912,0.585308593,1.143665451,0.319107527,0.220242569,1.318247468,1.294115515,0.688743674,1.101207567,1.252714969,0.948163592,1.246704477,1.080516241,1.271828423,1.756048917,1.766668928,2548,0,0,0,0,0,1,0,0,0,0
2017,-1.273304468,-1.284983663,-1.262054108,-1.900374108,-2.008579154,-2.136023144,-1.793126604,-2.569552728,-2.894578115,-1.018801349,-1.051867979,-1.114341279,-1.115537014,-0.943277117,-1.31308254,-1.02527696,-1.061072767,-0.946553666,0.344372055,0.287967423,0.240192776,1.287080126,-0.276765467,-0.194033298,0.034316802,0.502618175,0.902502084,0.348598911,0.366926771,0.13390653,0.965128425,1.143665451,0.319107527,0.220242569,1.318247468,1.294115515,0.366337463,0.828885166,-0.100598265,-0.908933822,1.246704477,1.080516241,1.271828423,1.756048917,1.766668928,2649,0,0,0,0,0,1,0,0,0,0
2018,-1.966683172,-2.236155816,-2.473845878,-2.408908684,-2.437348275,-1.506365599,-0.6441708,-1.219600079,-1.641553277,-1.306624152,-1.403437324,-1.556707382,-1.606306529,-1.424058551,-1.895489581,-2.147605054,-1.576559509,-1.617771172,0.402373116,3.267947054,6.690574249,1.691327233,2.065789756,-0.478453344,-0.610756234,-0.497024761,0.513070256,0.830259993,1.061567399,1.136423912,1.188551855,0.723188193,-0.718669926,-1.891213367,-0.987843868,-0.192945345,1.050229425,1.210136527,1.526803725,1.339131469,1.045220761,-0.095951846,-0.127610707,0.287195225,0.414716575,2948,0,0,0,0,0,1,0,0,0,0
2019,-1.565253396,-2.168214948,-2.137237053,-1.764764888,-2.222963715,-2.654564651,-2.061216292,-1.819579034,-1.358612184,-1.354594619,-1.667114334,-1.512470772,-1.561691119,-1.292936342,-1.357883082,-1.19794282,-1.318816138,-1.617771172,0.047116615,6.028810535,0.70326364,0.202236194,0.069437408,3.443412067,1.321171686,0.060796468,-0.524323774,0.313355418,1.061567399,0.843553665,0.629993279,0.759229101,1.331573334,0.799190165,0.023790539,-1.135959549,0.219789185,1.364452554,1.304106611,1.14364753,1.10969555,1.469851004,1.295414476,0.942651442,0.746633021,2695,0,0,0,0,0,1,0,0,0,0
2021,-1.674734244,-1.149101927,-0.891784401,-1.052816481,-0.972387113,-1.024862771,-1.065454595,-0.694618493,-0.833150156,-1.594446955,-1.051867979,-0.539265345,-0.803229141,-0.943277117,0.075734249,0.571882251,0.270601317,-0.051596992,0.362497386,1.088147139,-0.02395328,-0.521754388,-0.366474971,-0.332329284,-0.676580014,-0.59596553,-0.115256727,0.830259993,0.805647168,0.697118542,0.697020308,0.783256373,0.913931188,1.060284179,0.959280421,0.629169602,1.167468047,1.064897913,1.012887307,1.091017239,0.924330532,1.393676811,1.452654828,1.076901511,1.313319636,2715,0,0,0,0,0,1,0,0,0,0
1990,-0.032521522,0.00589283,-0.252227633,0.099861892,0.564035569,0.493723073,0.887770273,1.030321003,0.702815775,-0.059392007,-0.172944614,-0.627738566,-0.71399832,-0.637325296,-0.685874958,-0.507279378,-0.201928197,-0.27533616,-0.247420025,-0.301617327,-0.676165765,-0.786684695,-0.592644003,-0.38190709,-0.344169929,-0.763141311,-0.809034438,0.195877105,0.208499962,-0.327927321,-0.330727473,-0.670393575,-0.263060312,-0.188426322,-0.911699342,-1.135959549,0.200249415,0.188927525,-0.417513389,-0.675856819,-1.291990341,-0.866157572,-1.668566154,-2.216173702,-2.119182147,2860,0,0,0,0,0,0,1,0,0,0
1991,-0.032521522,0.00589283,-0.252227633,0.099861892,0.564035569,0.493723073,0.887770273,1.030321003,0.702815775,-0.059392007,-0.172944614,-0.627738566,-0.71399832,-0.637325296,-0.685874958,-0.507279378,-0.201928197,-0.27533616,-0.247420025,-0.301617327,-0.676165765,-0.786684695,-0.592644003,-0.38190709,-0.344169929,-0.763141311,-0.809034438,0.195877105,0.208499962,-0.327927321,-0.330727473,-0.670393575,-0.263060312,-0.188426322,-0.911699342,-1.135959549,0.200249415,0.188927525,-0.417513389,-0.675856819,-1.291990341,-0.866157572,-1.668566154,-2.216173702,-2.119182147,1968,0,0,0,0,0,0,1,0,0,0
1993,-0.032521522,0.00589283,0.219024722,0.133764197,0.349651009,0.234452319,0.274993844,0.20534994,0.460294838,-0.059392007,-0.172944614,0.12428381,0.356771531,0.324237572,0.165335332,0.22655053,0.313558546,0.440629179,-0.247420025,-0.301617327,-0.63621775,-0.569715909,-0.266657354,-0.530640509,-0.581135534,-0.568671524,-0.78939922,0.195877105,0.208499962,-0.575740606,-0.498295046,-0.346025405,-0.351651071,-0.301945458,-0.498343348,-0.338024453,0.200249415,0.188927525,-1.428215678,-0.713449884,-1.146922065,-1.086216351,-0.83519229,-0.723628821,-1.115337286,3068,0,0,0,0,0,0,1,0,0,0
1994,-0.032521522,0.00589283,0.690277077,0.032057282,0.099535689,0.049258924,0.9260688,1.067819688,1.066597179,-0.059392007,-0.172944614,0.832069575,0.26754071,0.499067184,0.747742373,0.917213972,0.657216374,1.067098851,-0.247420025,-0.301617327,-0.775628168,-0.492063922,-0.721522446,-0.468015911,-0.735821415,-0.65055354,0.61779142,0.195877105,0.208499962,-0.237813399,-0.230186929,-0.502202672,0.078646898,-0.154370581,-0.128498511,-0.362204304,0.200249415,0.188927525,-1.719434981,-0.487891493,-0.155622184,0.15796213,-1.299051328,-1.568614547,-1.924889593,3463,0,0,0,0,0,0,1,0,0,0
1995,-0.032521522,0.00589283,0.824920607,0.642298773,0.635497089,0.049258924,0.581382058,0.392843364,0.702815775,-0.059392007,-0.172944614,-1.335524331,-1.293998656,-1.467765954,-1.223481457,-0.636778773,-1.018115538,-0.812310165,-0.247420025,-0.301617327,-0.743017544,-0.581135319,-0.30203575,-0.488890777,-0.607465046,-0.258202217,-0.625772402,0.195877105,0.208499962,0.426776776,0.473596877,0.735201829,0.281140059,0.447280842,0.502413269,0.520360271,0.200249415,0.188927525,0.558927805,0.248932582,0.489125706,0.284919118,0.092525785,0.129253968,-1.034382055,3337,0,0,0,0,0,0,1,0,0,0
1996,-0.032521522,0.00589283,0.353668252,-0.069649634,0.099535689,0.234452319,0.19839679,0.017856517,0.015673122,-0.059392007,-0.172944614,-1.24705111,-1.338614067,-1.424058551,-1.357883082,-1.19794282,-1.104029995,-1.080797167,-0.247420025,-0.301617327,-0.439738739,0.837155379,-0.683617022,0.560071229,-0.429740842,-0.486789509,0.159636328,0.195877105,0.208499962,0.550683419,0.507110392,-0.057698143,-0.009943861,-0.143018667,0.089057275,0.532450197,0.200249415,0.188927525,-0.100598265,0.895533301,0.198989155,0.581152089,0.163283944,0.721533682,1.208077836,3241,0,0,0,0,0,0,1,0,0,0
1997,-0.032521522,0.00589283,0.757598842,0.608396468,0.170997209,0.530761752,0.351590898,0.355344679,0.33903437,-0.059392007,-0.172944614,-0.318082293,-0.490921268,-0.243958668,-0.46187225,-0.248280587,-0.244885425,-0.27533616,-0.247420025,-0.301617327,-0.432401348,-0.631380722,-0.716468389,-0.676764569,-0.472526298,-0.162673199,-0.809034438,0.195877105,0.208499962,0.359191335,0.41774102,-0.069711779,0.546912333,0.708374856,0.502413269,0.762158785,0.200249415,0.188927525,0.139229397,0.572232941,0.722846816,0.809674667,0.800107368,1.076901511,1.062358421,3074,0,0,0,0,0,0,1,0,0,0
1998,-0.032521522,0.00589283,0.589294429,0.201568807,0.242458729,0.345568356,-0.222887005,0.130352571,-0.711889687,-0.059392007,-0.172944614,-0.185372462,-0.089382574,-0.287666071,-0.148268459,-0.291447052,-0.545586025,-0.27533616,-0.247420025,-0.301617327,-0.230215478,-0.240836906,-0.830184662,-0.567171524,-0.750631765,-0.326437229,-0.478508265,0.195877105,0.208499962,0.381719815,0.261344618,0.302710935,0.660814737,0.560799979,0.208712958,0.629169602,0.200249415,0.188927525,-0.751559061,-0.232258651,-1.195278157,-0.163662239,-0.434229393,-0.771011198,0.03422699,3223,0,0,0,0,0,0,1,0,0,0
1999,-0.032521522,0.00589283,0.656616194,0.777907994,0.278189489,0.60483911,0.160098263,0.992822319,0.945336711,-0.059392007,-0.172944614,-0.096899242,-0.401690447,-0.462495684,-0.551473333,-0.636778773,-0.588543253,-0.141092659,-0.247420025,-0.301617327,-0.752800731,-0.800387987,-0.65581971,-0.73417045,-0.712783092,-0.783611815,-0.521051238,0.195877105,0.208499962,0.314134374,-0.006763498,0.098479125,-0.098534619,0.061315778,0.045546118,0.641259528,0.200249415,0.188927525,0.045011387,-0.277370329,-0.00249456,-0.214445035,-0.504987551,-1.252732033,-0.419122302,3184,0,0,0,0,0,0,1,0,0,0
2000,-0.032521522,0.00589283,0.084381192,-0.205258854,0.456843289,0.308529677,0.696277639,0.280347309,0.056093278,-0.059392007,-0.172944614,-0.848921617,-0.624767499,-0.724740102,-0.685874958,-0.809444634,-0.803329396,-0.185840493,-0.247420025,-0.301617327,-0.490285206,-0.601690256,-0.772063012,-0.554124733,-0.610756234,0.222854623,-0.494870947,0.195877105,0.208499962,-0.587004847,0.216659932,-0.321998133,-0.212437022,0.220242569,0.589435584,-0.483103561,0.200249415,0.188927525,-0.408948116,0.121116161,-0.695598542,-0.349865822,-1.542773873,-0.85787889,-1.236770132,3187,0,0,0,0,0,0,1,0,0,0
2001,-0.032521522,0.00589283,-0.050262338,-0.171356549,-0.079118112,0.715955147,0.811173219,0.467840733,-0.146007503,-0.059392007,-0.172944614,-0.495028735,-0.446305858,-0.593617893,-0.551473333,-0.205114122,-0.201928197,-0.320083994,-0.247420025,-0.301617327,-0.748724403,-0.804955751,-0.120089713,-0.743303204,-0.668352041,-0.713670926,-0.506324824,0.195877105,0.208499962,-0.857346613,-0.945141907,-0.382066313,-1.3767727,-1.24415429,-0.824677028,-0.338024453,0.200249415,0.188927525,0.190621039,0.722605202,0.577778541,0.327238114,-1.306913345,-0.19452561,0.600913606,3373,0,0,0,0,0,0,1,0,0,0
2002,-0.032521522,0.00589283,0.017059427,0.065959587,1.02853545,0.678916468,0.772874693,0.617835472,0.824076243,-0.059392007,-0.172944614,-0.318082293,-0.535536679,-0.200251265,-0.282670084,-0.636778773,-0.416714339,-0.27533616,-0.247420025,-0.301617327,-0.575072829,-0.823226807,-0.830184662,-0.695030077,0.830784531,-0.70514155,-0.517778701,0.195877105,0.208499962,0.212756211,0.261344618,-0.033670871,-0.136502086,-0.188426322,0.099935064,0.085122946,0.200249415,0.188927525,-0.554557767,-0.736005723,-1.904500836,-1.120071548,-0.41064334,-0.565687564,-0.313880502,2860,0,0,0,0,0,0,1,0,0,0
2003,-0.032521522,0.00589283,0.084381192,0.337178027,0.84988165,0.456684394,0.236695317,0.092853886,-0.307688127,-0.059392007,-0.172944614,-0.406555514,-0.490921268,-0.681032699,-0.372271167,-0.291447052,-0.244885425,0.127394343,-0.247420025,-0.301617327,-0.592193407,-0.585703083,-0.633076456,-0.653280345,-0.765442116,-0.783611815,-0.517778701,0.195877105,0.208499962,0.212756211,0.261344618,-0.033670871,-0.136502086,-0.188426322,0.099935064,0.085122946,0.200249415,0.188927525,-0.554557767,-0.736005723,-1.904500836,-1.120071548,-0.41064334,-0.565687564,-0.313880502,3153,0,0,0,0,0,0,1,0,0,0
2004,-0.032521522,0.00589283,0.084381192,0.337178027,0.84988165,0.456684394,0.236695317,0.092853886,-0.307688127,-0.059392007,-0.172944614,-0.406555514,-0.490921268,-0.681032699,-0.372271167,-0.291447052,-0.244885425,0.127394343,-0.247420025,-0.301617327,-0.732419091,-0.846065626,-0.830184662,-0.744607883,-0.219104748,-0.582318527,-0.579956892,0.195877105,0.208499962,0.212756211,0.261344618,-0.033670871,-0.136502086,-0.188426322,0.099935064,0.085122946,0.200249415,0.188927525,-0.554557767,-0.736005723,-1.904500836,-1.120071548,-0.41064334,-0.565687564,-0.313880502,3319,0,0,0,0,0,0,1,0,0,0
2005,-0.032521522,0.00589283,0.219024722,0.574494163,0.84988165,0.419645715,-0.376081112,-0.019642168,0.500714994,-0.059392007,-0.172944614,-0.627738566,-0.892459962,-0.156543862,-0.103467917,-0.205114122,-0.846286624,-1.215040668,-0.247420025,-0.301617327,-0.768290778,-0.344753536,-0.136515397,-0.1314087,-0.676580014,-0.732435555,-0.660134033,0.195877105,0.208499962,0.021264127,-0.140817557,0.338751843,0.420354107,0.367817447,0.132568432,0.085122946,0.200249415,0.188927525,-0.528861946,-0.690894045,-0.349046551,0.665790081,-0.017542461,-0.289290364,-0.208638702,3119,0,0,0,0,0,0,1,0,0,0
2006,-0.032521522,0.00589283,0.320007369,0.710103383,0.599766329,0.975225901,-0.146289951,-0.057140853,0.419874682,-0.059392007,-0.172944614,-0.406555514,-0.312459626,-0.724740102,-0.282670084,-0.248280587,-0.373757111,-0.499075329,-0.247420025,-0.301617327,-0.533494284,-0.494347804,-0.724049474,-0.411914709,-0.640376935,-0.732435555,-0.47359946,0.195877105,0.208499962,-0.170227957,0.149632903,-0.033670871,-0.212437022,-0.143018667,-0.008842829,-0.168765493,0.200249415,0.188927525,0.139229397,-0.901415209,-1.291990341,-0.502214207,0.226180084,-0.30508449,-0.15197004,2886,0,0,0,0,0,0,1,0,0,0
2007,-0.032521522,0.00589283,0.824920607,0.303275722,0.135266449,-0.061857114,0.466486478,-0.544623754,-0.146007503,-0.059392007,-0.172944614,-0.716211786,-0.937075373,-0.681032699,-0.820276583,-0.420946448,-0.373757111,-0.678066664,-0.247420025,-0.301617327,-0.795194543,-0.238553024,-0.645711597,-0.461492516,0.16596436,-0.572083275,-0.138164482,0.195877105,0.208499962,-0.136435237,0.183146418,-0.033670871,0.230516769,0.231594483,0.263101904,-0.072046088,0.200249415,0.188927525,-2.044915379,-0.126998069,-0.147562836,0.293382917,0.139697891,0.105562779,0.074704606,3146,0,0,0,0,0,0,1,0,0,0
2008,-0.032521522,0.00589283,-0.050262338,0.642298773,0.95707393,0.641877789,0.045202683,0.355344679,0.864496399,-0.059392007,-0.172944614,-0.450792124,-0.535536679,0.193115363,0.12053479,-0.334613517,-0.760372167,-0.9913015,-0.247420025,-0.301617327,-0.487024144,-0.529747975,0.213478021,-0.649366308,-0.744049387,-0.749494308,-0.809034438,0.195877105,0.208499962,0.392984055,0.473596877,0.338751843,0.281140059,0.186186828,0.284857483,0.169752426,0.200249415,0.188927525,-0.177685727,-1.157048052,-0.026672606,-0.544533203,-0.512849569,-1.055305461,-1.609164193,3123,0,0,0,0,0,0,1,0,0,0
2009,-0.032521522,0.00589283,0.757598842,0.099861892,0.349651009,-0.247050509,0.428187951,0.392843364,-0.024747034,-0.059392007,-0.172944614,-0.096899242,-0.044767164,-0.418788281,-0.372271167,-0.420946448,0.055815174,-0.185840493,-0.247420025,-0.301617327,0.199429496,-0.697613299,-0.691198106,-0.548906016,0.370018076,0.188737117,-0.661770302,0.195877105,0.208499962,-0.057585555,0.071434702,-0.069711779,-0.187125377,0.186186828,0.371879798,0.266471832,0.200249415,0.188927525,-0.503166125,-0.051811939,-0.606945707,-0.417576215,-0.819468255,0.445136482,0.358047913,3259,0,0,0,0,0,0,1,0,0,0
2010,-0.032521522,0.00589283,0.589294429,-0.069649634,-0.043387351,-0.172973151,-0.107991424,0.280347309,0.379454526,-0.059392007,-0.172944614,-0.096899242,-0.089382574,-0.331373474,-0.237869542,-0.291447052,-0.330799882,0.082646509,-0.247420025,-0.301617327,-0.762583919,0.057209689,-0.518096669,-0.711990905,0.15115401,-0.476554257,-0.458873047,0.195877105,0.208499962,-0.260341879,0.283686961,-0.297970861,-0.5921117,0.311057878,-0.128498511,-0.531463264,0.200249415,0.188927525,-0.297599558,0.143672,0.078098926,-0.392184818,-0.174782813,0.129253968,0.398525529,3284,0,0,0,0,0,0,1,0,0,0
2011,-0.032521522,0.00589283,0.320007369,0.133764197,-0.007656591,-0.135934472,-0.069692897,0.017856517,0.904916555,-0.059392007,-0.172944614,-0.273845683,-0.178613395,-0.069129056,-0.193069001,-0.161947657,-0.803329396,-0.543823163,-0.247420025,-0.301617327,-0.44136927,-0.825510688,-0.465029075,-0.538468583,-0.433032031,-0.633494787,-0.809034438,0.195877105,0.208499962,0.055056848,-0.185502243,-0.297970861,-0.225092845,-0.154370581,-0.15025409,-1.377758062,0.200249415,0.188927525,-1.188388016,-0.555559011,-0.477996129,-0.290619227,0.068939732,-0.384055118,-1.657737332,3414,0,0,0,0,0,0,1,0,0,0
2012,-0.032521522,0.00589283,0.858581489,1.21863796,-0.400694952,0.123336282,0.121799737,0.84282758,1.228277804,-0.059392007,-0.172944614,-0.229609073,-0.267844216,-0.200251265,-0.058667376,-0.593612308,-0.846286624,-0.364831828,-0.247420025,-0.301617327,-0.765844981,-0.561722322,-0.543366952,-0.655889703,-0.543286861,-0.688082797,-0.432692756,0.195877105,0.208499962,-0.857346613,-0.665862619,-0.382066313,-0.554144232,-0.426816508,-0.715899135,-0.313844602,0.200249415,0.188927525,-1.171257469,-0.826229079,-0.026672606,-0.383721018,0.006043592,-1.35539385,-1.479635824,3511,0,0,0,0,0,0,1,0,0,0
2013,-0.032521522,0.00589283,0.185363839,0.269373417,1.24292001,0.160374961,-0.031394371,-0.282132961,0.379454526,-0.059392007,-0.172944614,-0.185372462,-0.223228805,0.280530169,-0.013866834,0.22655053,0.098772403,-0.499075329,-0.247420025,-0.301617327,-0.762583919,-0.800387987,-0.785961667,-0.226650275,-0.400120141,-0.616436033,-0.809034438,0.195877105,0.208499962,-0.350455801,-0.855772535,-0.98274811,-0.022599683,0.106723433,-0.31342093,-0.761171852,0.200249415,0.188927525,-0.297599558,-0.675856819,-2.170459341,0.174889728,0.029629645,0.460930608,-1.147719378,3669,0,0,0,0,0,0,1,0,0,0
2014,-0.032521522,0.00589283,0.555633547,0.744005688,-0.114848872,-0.061857114,0.466486478,0.317845994,0.581555307,-0.059392007,-0.172944614,-0.318082293,-0.089382574,-0.200251265,-0.372271167,-0.766278169,-0.459671568,-0.051596992,-0.247420025,-0.301617327,-0.584856017,-0.750142584,-0.688671078,-0.692420719,-0.0545453,0.417324409,0.794508384,0.195877105,0.208499962,-0.316663081,-0.230186929,-0.86261175,-0.566800055,-0.301945458,-0.280787562,-0.192945345,0.200249415,0.188927525,-1.042778364,-0.713449884,0.239285899,-0.214445035,-0.567883692,-1.157967278,-0.912949209,3556,0,0,0,0,0,0,1,0,0,0
2015,-0.032521522,0.00589283,1.127868549,0.879614909,1.09999697,0.938187222,0.313292371,0.655334156,0.904916555,-0.059392007,-0.172944614,0.12428381,-0.357075037,-0.418788281,0.210135874,-0.507279378,-0.287842654,-0.051596992,-0.247420025,-0.301617327,-0.658229921,-0.551444853,-0.817549521,-0.363641582,-0.739112604,-0.783611815,0.787963311,0.195877105,0.208499962,-0.823553892,-0.330727473,-1.018789017,-0.743981571,-0.880893054,-1.063988393,-0.132495716,0.200249415,0.188927525,-1.753696076,-0.87885937,-1.420939919,-1.348594126,-1.165397029,-1.481746856,-1.147719378,3574,0,0,0,0,0,0,1,0,0,0
2016,-0.032521522,0.00589283,0.622955312,0.981321824,0.313920249,0.345568356,0.964367327,0.542838102,0.177353746,-0.059392007,-0.172944614,-0.539265345,-0.580152089,-0.156543862,-0.820276583,-0.679945239,-0.717414939,-0.141092659,-0.247420025,-0.301617327,-0.681057358,-0.727303764,-0.708887304,-0.744607883,-0.691390364,-0.783611815,-0.733766102,0.195877105,0.208499962,-0.74470421,-0.866943706,-0.59831176,-1.452707636,-1.096579413,-1.216277443,-0.845801332,0.200249415,0.188927525,-0.888603439,-1.262308634,-0.284571762,-1.72946509,-1.401257556,-1.552820421,-1.236770132,2900,0,0,0,0,0,0,1,0,0,0
2017,-0.032521522,0.00589283,0.723937959,0.235471112,0.456843289,0.678916468,0.581382058,0.092853886,0.662395619,-0.059392007,-0.172944614,-0.362318904,-0.223228805,-0.069129056,-0.148268459,-0.205114122,-0.416714339,-0.409579662,-0.247420025,-0.301617327,-0.335384741,-0.736439292,-0.830184662,0.899287798,-0.765442116,-0.749494308,0.408349092,0.195877105,0.208499962,-0.395512762,-1.760637429,-2.112029888,-0.9844422,0.413225101,-0.063231775,-0.096225939,0.200249415,0.188927525,-1.770826623,-4.818612589,-5.233011819,-2.677410599,0.587832893,-0.241907987,-1.301534317,3040,0,0,0,0,0,0,1,0,0,0
2018,-0.032521522,0.00589283,-0.218566751,0.269373417,0.528304809,1.234496655,1.692039336,1.105318373,0.662395619,-0.059392007,-0.172944614,-0.716211786,-0.981690783,-0.855862311,-1.85068904,-0.420946448,-1.018115538,-0.409579662,-0.247420025,-0.301617327,-0.649262,-0.846065626,-0.782171125,-0.744607883,-0.564679589,-0.749494308,0.408349092,0.195877105,0.208499962,-0.395512762,-0.978655422,-0.958720838,-1.655200797,-1.141987067,-1.368566494,-0.096225939,0.200249415,0.188927525,-0.143424633,-0.886377983,-1.259752946,-2.321931033,-1.762910366,-1.96346769,-1.301534317,3166,0,0,0,0,0,0,1,0,0,0
2019,-0.032521522,0.00589283,0.286346487,0.303275722,0.278189489,-0.172973151,0.504785005,0.580336787,0.419874682,-0.059392007,-0.172944614,-0.362318904,-0.267844216,-0.243958668,-0.103467917,-0.032448261,-0.073056511,-0.230588327,-0.247420025,-0.301617327,-0.289729867,-0.409844172,-0.744265701,-0.387125806,-0.650250502,0.553794435,0.123638428,0.195877105,0.208499962,-0.237813399,-0.408925674,-0.706434483,-0.149157909,-0.824133485,-0.095865143,-0.857891258,0.200249415,0.188927525,-0.434643936,-0.157072521,-0.477996129,0.031005142,-0.387057288,-0.226113861,-1.074859671,3314,0,0,0,0,0,0,1,0,0,0
2021,-0.032521522,0.00589283,0.420990017,0.642298773,0.528304809,0.308529677,0.466486478,1.40530785,0.217773902,-0.059392007,-0.172944614,0.433940082,0.133694478,0.236822766,0.299736957,0.442382855,0.528344688,0.395881345,-0.247420025,-0.301617327,-0.623988766,-0.286514546,-0.691198106,-0.444531687,-0.683162392,-0.783611815,-0.350879346,0.195877105,0.208499962,0.235284692,0.518281564,0.422847295,-0.022599683,0.515392324,0.382757587,0.278561757,0.200249415,0.188927525,-0.545992494,-1.217196956,-0.776192028,-0.434503814,-0.748710097,-1.663379301,-0.686274563,2715,0,0,0,0,0,0,1,0,0,0
1993,-0.543432147,-0.843368021,-0.420532046,-0.64598882,-0.043387351,-0.284089188,-0.835663434,-1.144602709,-1.035250936,-0.155332941,-0.04110611,-0.141135852,-0.000151753,0.14940796,0.12053479,-0.118781192,-0.030099283,-0.499075329,1.491705551,1.540175639,-0.301958851,0.323281938,-0.351312802,-0.374079015,0.450652205,0.640794076,-0.259248328,1.135703606,0.939700622,1.260330555,0.78638968,0.771242737,1.50875485,0.96946887,0.665580109,1.124856556,1.401945291,1.337220314,1.56106482,1.324094243,1.182229688,1.452923406,0.902313597,1.092695636,1.467134574,2819,0,0,0,0,0,0,0,1,0,0
1995,-0.14200237,0.073833698,0.454650899,0.201568807,-0.079118112,-0.580398621,0.236695317,0.055355201,-0.428948595,0.32437173,0.2225709,0.16852042,0.089079068,0.01828575,-0.058667376,0.097051134,0.399473003,0.082646509,0.157681138,-0.438362035,-0.642739875,-0.616535489,-0.170630279,0.151706667,-0.350752307,0.01985546,0.172726473,1.100460112,1.061567399,0.832289425,0.775218509,1.492060893,1.45813156,0.946765042,0.937524842,0.762158785,1.401945291,1.391684794,1.441150989,1.091017239,1.488484936,1.486778603,1.303276494,1.440166402,1.167600221,2745,0,0,0,0,0,0,0,1,0,0
1996,-0.543432147,-0.096018472,-0.083923221,-0.239161159,-0.615079512,-0.024818435,0.160098263,-0.207135592,-0.913990468,-0.203303408,-0.04110611,0.0800472,0.044463657,-0.156543862,-0.013866834,-0.291447052,-0.030099283,-0.096344826,1.131917717,-0.342600162,-0.341906866,-0.011306769,0.202106393,-0.550210695,-0.744049387,-0.041556051,0.115457087,1.1709471,1.268740919,1.260330555,1.032155454,0.975474548,0.901275366,1.12839566,1.035424946,0.919327819,1.372635636,1.455226687,1.569630093,1.354168695,1.367594706,1.224400828,1.617757197,1.416475214,1.79905102,2774,0,0,0,0,0,0,0,1,0,0
1997,-0.105508754,-0.028077604,-0.218566751,-0.205258854,0.349651009,-0.024818435,-0.529275219,-0.35713033,-0.186427659,-0.107362474,-0.085052278,-0.096899242,-0.133997984,-0.156543862,-0.103467917,-0.118781192,-0.030099283,0.082646509,0.075210879,0.108616797,0.113826607,-0.355031005,-0.815022493,-0.448445725,0.27951038,0.413912659,-0.000717954,1.1709471,0.976260655,0.888610626,1.411975286,1.287829082,0.521600688,0.708374856,0.665580109,0.762158785,1.431254947,1.364452554,1.381194073,1.519578181,1.383713404,1.131299037,0.792245351,1.203254517,1.418561436,2844,0,0,0,0,0,0,0,1,0,0
1998,-0.433951298,-0.129988906,0.420990017,-0.001845023,-0.043387351,-1.358210882,-0.529275219,-0.732117177,0.13693359,0.180460329,-0.04110611,0.035810589,0.133694478,0.14940796,-0.237869542,-0.205114122,-0.244885425,0.037898675,1.043103591,-0.30364618,-0.6231735,-0.083249051,-0.101137001,1.907804752,0.042544774,-0.039850176,-0.656861497,0.971233968,1.305300952,0.697118542,0.976299596,1.083597271,0.926587011,1.310026279,1.024547157,1.003957299,1.431254947,1.464304101,1.501107904,1.474466503,1.561019073,1.639126988,1.680653338,1.606004722,1.936674913,2850,0,0,0,0,0,0,0,1,0,0
1999,0.076959326,-0.299841076,-0.959106166,-0.679891125,-0.257771912,-0.21001183,-0.031394371,-1.107104024,-0.388528439,0.32437173,-0.085052278,-0.096899242,0.089079068,0.105700556,0.210135874,0.22655053,-0.158970968,-0.499075329,-0.33895295,0.732692052,0.960072306,0.606483301,-0.289400609,-0.265790649,0.455588989,1.005851394,-0.769764002,1.1709471,1.305300952,0.956196068,0.697020308,1.059569999,1.11642435,1.048932265,0.480657691,0.931417745,1.431254947,1.518768581,1.329802432,1.196277822,1.488484936,1.317502619,1.602033162,0.863680814,1.369988297,2767,0,0,0,0,0,0,0,1,0,0
2000,0.295921023,-0.096018472,-0.252227633,-0.849402651,-0.507887232,-0.098895793,0.313292371,0.092853886,-1.035250936,-0.01142154,0.046786227,-0.052662631,-0.133997984,0.061993153,-0.058667376,0.097051134,0.528344688,0.082646509,-0.822899306,-0.274430693,-0.121785153,0.057209689,-0.175684336,-0.447141045,-0.345815523,0.361030524,-0.180707455,0.043155299,0.988447333,1.03504575,1.411975286,1.492060893,1.091112705,0.867301647,0.448024323,0.774248711,-0.004918173,1.418917034,1.355498252,1.572208472,1.561019073,1.30903882,1.18534623,1.542828219,1.442848005,2785,0,0,0,0,0,0,0,1,0,0
2004,-0.725900227,-0.401752378,-0.555175576,-0.408672684,-0.758002553,-0.950785412,-0.376081112,0.092853886,-0.711889687,-0.34721481,0.046786227,-0.008426021,-0.044767164,-0.156543862,-0.282670084,-0.205114122,0.18468686,-0.051596992,0.462186711,0.319617534,0.46031449,-0.267101549,0.226113162,0.699671894,0.185711494,0.279148509,0.639062906,1.1709471,1.305300952,1.181480873,1.266750056,0.206601848,0.622847269,0.640263374,0.611191163,0.266471832,1.431254947,1.455226687,1.586760641,1.31657563,0.722846816,0.835066065,1.224656318,0.887372002,1.256650974,2649,0,0,0,0,0,0,0,1,0,0
2005,-0.251483218,0.243685869,0.050720309,-0.205258854,-0.507887232,-0.21001183,-0.107991424,-0.019642168,0.33903437,0.132489862,-0.04110611,0.035810589,-0.089382574,-0.112836459,-0.058667376,-0.032448261,-0.373757111,0.127394343,0.294527392,-0.640435817,-0.233476541,-0.052416645,0.726464763,0.01471536,0.04089918,-0.708553301,-0.457236778,1.1709471,1.305300952,1.327915996,0.965128425,0.362779115,0.837996253,1.548416465,1.372636415,0.435730791,1.431254947,1.518768581,1.646717556,0.872977462,1.029102064,1.562952795,1.664929303,1.6533871,0.147564313,2722,0,0,0,0,0,0,0,1,0,0
2007,-0.14200237,-0.096018472,-0.656158223,-0.747695735,-0.615079512,-0.247050509,-0.222887005,-0.469626385,-0.873570312,0.180460329,0.134678563,-0.052662631,-0.044767164,-0.069129056,-0.193069001,-0.205114122,0.012857946,-0.096344826,0.017209817,0.007985677,0.40650696,0.726387104,0.550836297,-0.346680754,-0.41822168,0.183619491,0.087640528,1.1709471,1.305300952,0.764703984,1.22206537,1.419979077,1.382196624,0.106723433,1.2856141,1.499644252,1.372635636,1.518768581,1.098540044,1.346650082,1.585197119,1.672982185,1.499826933,1.70866654,1.766668928,2804,0,0,0,0,0,0,0,1,0,0
2008,-0.470444914,-0.537634114,-0.184905868,0.201568807,0.099535689,0.086297603,0.236695317,-0.207135592,-0.954410624,-0.059392007,-0.304783119,-0.141135852,-0.223228805,-0.069129056,-0.058667376,0.097051134,0.055815174,-0.051596992,1.160011981,0.475433462,-0.584856017,-0.802671869,0.007525215,-0.638928875,-0.005177466,0.137560857,-0.095621509,1.1709471,1.305300952,1.327915996,0.507110392,0.567010926,0.926587011,1.423545415,1.078936103,0.870968116,1.431254947,1.518768581,1.586760641,0.963200818,0.924330532,1.368285414,1.743549479,1.487548779,1.029976328,2755,0,0,0,0,0,0,0,1,0,0
2009,-0.214989602,-0.16395934,-0.319549398,-0.544281905,-0.329233432,-0.358166547,0.08350121,-0.019642168,0.177353746,-0.107362474,-0.128998446,-0.096899242,-0.089382574,-0.025421653,-0.058667376,-0.248280587,0.098772403,-0.096344826,0.031710083,0.149193862,0.466836615,0.438617977,0.141457714,-0.107924476,-0.643668124,-0.254790466,1.02358593,1.1709471,1.305300952,0.314134374,1.110353655,1.32386999,1.546722318,0.75378251,0.589435584,0.798428562,1.431254947,1.237368767,1.295541337,1.399280373,1.448188193,1.486778603,1.374034652,1.598107659,1.653331605,2706,0,0,0,0,0,0,0,1,0,0
2010,-0.50693853,-0.33381151,-0.386871163,-0.44257499,0.028074169,0.049258924,-0.069692897,-0.207135592,-0.428948595,-0.539096678,-0.172944614,-0.185372462,-0.223228805,-0.112836459,-0.058667376,-0.161947657,-0.073056511,-0.230588327,1.067572789,0.478679627,1.123940693,0.590496127,-0.489035843,-0.285360835,0.129761282,0.651029328,0.045097555,1.1709471,1.134687465,1.113895432,0.752876166,1.419979077,1.546722318,1.287322451,1.024547157,0.931417745,1.431254947,1.3281429,1.586760641,1.572208472,1.561019073,1.732228779,1.531275004,1.6533871,1.685713697,2706,0,0,0,0,0,0,0,1,0,0
2012,0.405401871,-0.537634114,-0.319549398,-0.273063464,-0.043387351,-0.061857114,-0.452678166,-0.619621123,-0.509788907,0.468283131,-0.172944614,0.212757031,0.133694478,0.236822766,0.12053479,-0.032448261,-0.030099283,-0.051596992,-0.326265218,1.619706686,0.696741516,0.12801003,0.147775285,0.018629398,1.077623703,0.671499832,0.298719124,1.1709471,1.171247498,1.091366951,0.361885162,1.419979077,1.546722318,1.446249242,1.144202839,0.387371088,1.265166899,1.518768581,1.415455168,1.301538404,1.617434514,1.672982185,1.617757197,1.037416196,0.957116621,3055,0,0,0,0,0,0,0,1,0,0
2013,-0.251483218,-0.129988906,-0.184905868,-0.205258854,-0.329233432,-0.172973151,-0.337782585,0.130352571,-0.024747034,-0.059392007,-0.085052278,-0.052662631,-0.000151753,-0.112836459,-0.237869542,-0.420946448,-0.073056511,0.082646509,0.227463665,-0.22817284,-0.014170093,-0.270527372,-0.121353228,-0.507156285,-0.283282933,-0.053497178,0.629245297,1.1709471,1.232180886,1.260330555,1.311434742,0.290697299,0.395042462,1.139747574,1.361758626,1.003957299,1.431254947,1.364452554,1.612456461,1.444392051,1.182229688,1.30057502,1.60989518,1.748151854,1.013785282,3539,0,0,0,0,0,0,0,1,0,0
2014,-0.32447045,-0.129988906,-0.218566751,-0.103551939,0.028074169,0.049258924,-0.184588478,0.280347309,0.379454526,-0.155332941,-0.085052278,-0.141135852,-0.044767164,-0.025421653,0.030933707,-0.118781192,-0.158970968,0.261637844,1.139167849,0.186524761,0.011918407,-0.471508985,-0.538312895,-0.44061765,-0.304675661,-0.756317809,0.452528333,-0.579479758,-0.473953988,-0.406777003,-0.151988728,-0.021657235,0.04067943,-0.12031484,0.045546118,0.145572575,-1.568099801,-1.213532838,-0.785820155,-0.299926168,-0.486055478,-0.89154897,-0.363471235,-0.455128684,-0.232925271,3513,0,0,0,0,0,0,0,1,0,0
2015,0.113452942,-0.707486284,-0.454192928,-0.069649634,0.456843289,0.086297603,-0.069692897,0.017856517,-0.024747034,-0.059392007,-0.216890783,-0.096899242,-0.089382574,-0.375080877,-0.148268459,-0.118781192,0.227644088,0.395881345,-0.086104573,1.668399164,-0.262010837,-0.631380722,-0.78975221,-0.408000672,-0.591009101,0.190442992,-0.174162382,-0.285783977,-0.144913691,-0.587004847,-0.107304042,-0.261929954,0.154581833,-0.12031484,0.01291275,-0.120405791,-0.718119791,-0.478262356,-0.528861946,-0.164591134,0.037802183,0.403412306,0.092525785,-0.162937358,-0.581032763,2921,0,0,0,0,0,0,0,1,0,0
2017,-0.032521522,0.107804133,-0.184905868,-0.103551939,-0.400694952,0.049258924,-0.031394371,-0.582122439,-0.671469531,0.468283131,0.2225709,0.12428381,0.31215612,0.061993153,0.254936415,0.269716995,0.313558546,0.127394343,0.891757072,-0.373438731,0.426073334,-0.1403461,-0.001319384,-0.35189947,0.174192333,0.838675613,0.517979061,-0.438505783,0.196313284,-0.170227957,-0.341898644,0.278683664,0.521600688,-0.279241631,0.186957379,0.41155094,-1.20661405,-0.46010753,-1.496737867,-2.465286716,-0.719776588,-0.671490191,-1.306913345,0.689945431,0.56043599,2745,0,0,0,0,0,0,0,1,0,0
2018,0.222933791,-0.062048038,-0.656158223,-0.5103796,-0.293502672,0.086297603,0.006904156,-0.132138222,-0.550209063,-0.01142154,0.002840058,-0.229609073,-0.089382574,-0.025421653,-0.327470625,-0.161947657,0.270601317,0.172142177,-0.37339108,-0.235476711,0.323349868,0.331275525,-0.288137095,-0.648061629,-0.556451617,0.429265537,0.056551432,-0.156557833,0.281620028,0.359191335,0.373056334,0.194588212,-0.187125377,-0.597095213,-0.193765247,-0.096225939,-0.591111284,0.184388818,0.841581835,0.226376743,0.078098926,-0.925404167,-1.582083961,-0.58148169,-0.686274563,2669,0,0,0,0,0,0,0,1,0,0
2019,0.186440175,-0.50366368,-0.959106166,-0.679891125,-0.364964192,-0.506321263,0.045202683,0.20534994,-0.024747034,0.132489862,-0.304783119,-0.185372462,-0.089382574,-0.025421653,0.030933707,-0.075614726,-0.244885425,-0.096344826,-0.333515351,0.170293935,1.216880972,0.875981373,0.394160543,1.231980972,-0.470880704,-0.676141669,-0.558685406,0.383842405,0.293806705,0.16769925,0.138461731,0.086465489,0.673470559,0.25429831,0.132568432,0.290651683,0.542195396,0.701801379,0.644580541,0.564714328,0.795380954,0.894312659,0.863003509,0.381959979,-0.394835732,2893,0,0,0,0,0,0,0,1,0,0
2021,0.478389103,0.413538039,0.151702957,0.744005688,0.385381769,0.012220244,-0.337782585,0.467840733,0.056093278,0.468283131,0.266517068,0.256993641,0.356771531,0.193115363,0.254936415,0.39921639,0.012857946,0.127394343,-0.792086243,-0.719966864,-0.576703361,-0.791252459,-0.410697966,-0.520203076,-0.094039568,-0.752906059,-0.766491466,0.383842405,0.403486804,0.697118542,0.41774102,0.410833659,0.420354107,0.799190165,0.643824531,0.206022203,0.151399989,-0.087933582,0.387622332,0.098560322,0.279582642,0.57268829,1.028105878,0.176636345,-0.184352133,2715,0,0,0,0,0,0,0,1,0,0
1998,-0.543432147,-0.299841076,0.252685604,-0.205258854,-0.186310392,-1.506365599,-0.75906638,-0.882111916,-0.06516719,0.036548927,-0.260836951,-0.141135852,-0.044767164,0.01828575,-0.327470625,-0.291447052,-0.416714339,-0.096344826,2.791291833,0.418625571,-0.568550705,0.300443118,0.83512698,4.719388239,1.168131399,0.760205348,-0.570139283,0.219372767,0.257246672,0.16769925,0.484768049,0.49492911,0.48363322,0.538096151,0.676457899,0.641259528,0.356567578,0.656414312,0.764494372,0.963200818,0.972686624,1.046661045,1.035967896,1.345401648,1.361892774,2039,0,0,0,0,0,0,0,0,1,0
2000,0.113452942,-0.265870642,-0.487853811,-1.052816481,-0.579348752,-0.21001183,0.08350121,-0.132138222,-1.277771872,-0.107362474,-0.085052278,-0.141135852,-0.223228805,-0.025421653,-0.148268459,0.053884669,0.442430231,0.037898675,-0.626239458,0.722953557,0.486402989,0.959343064,0.429538939,-0.227954955,-0.586072317,0.098325725,0.740511534,-0.121314339,0.671593713,0.460569497,1.009813111,1.203733631,0.800028785,0.345113619,0.709091266,0.278561757,-0.620420939,-0.35117857,0.439013974,1.128610304,0.843737046,0.513441696,0.186869996,0.310886413,0.358047913,2356,0,0,0,0,0,0,0,0,1,0
2001,0.076959326,0.039863264,-0.386871163,-0.544281905,-0.079118112,0.234452319,-0.376081112,0.092853886,0.015673122,0.276401263,0.046786227,-0.185372462,-0.178613395,-0.112836459,-0.058667376,-0.075614726,0.356515774,0.306385678,0.474874443,0.071285898,0.545102113,0.469450383,-0.365211457,-0.563257486,-0.24543426,0.222854623,0.043461287,0.654042524,0.440046837,0.888610626,0.842245538,0.49492911,-0.769293216,-0.710614349,0.132568432,0.266471832,0.415186889,0.120846925,0.353361238,0.324118712,-0.12338479,-0.459895211,-0.245540971,0.105562779,0.528053898,2477,0,0,0,0,0,0,0,0,1,0
2002,-0.105508754,-0.707486284,-0.992767048,-0.71379343,-0.686541032,-0.580398621,-0.337782585,-0.657119808,-0.307688127,-0.059392007,-0.216890783,-0.141135852,-0.000151753,-0.069129056,-0.103467917,-0.075614726,0.012857946,-0.051596992,0.584532699,1.295090169,2.082693045,0.949065595,0.808593183,0.378720833,-0.256953421,-0.217261209,-0.62740867,0.489572887,0.695967069,0.674590062,0.451254534,-0.021657235,0.660814737,-0.347353113,-0.563610084,-0.99088044,0.45426643,0.992278606,0.636015267,0.421860681,0.271523293,0.598079688,0.068939732,0.121356905,0.066609083,2371,0,0,0,0,0,0,0,0,1,0
2003,-0.835381075,-0.50366368,-0.622497341,-0.476477295,-0.293502672,-0.061857114,-0.146289951,-0.507125069,-1.156511404,-0.34721481,-0.128998446,-0.273845683,-0.133997984,-0.243958668,-0.013866834,0.010718204,0.055815174,-0.051596992,2.649007979,1.230978406,1.441894279,0.24448801,-0.116299171,-0.538468583,-0.044671733,1.164497799,2.744940062,0.665790355,0.708153746,0.832289425,0.618822107,0.542983654,0.572223979,0.75378251,0.230468536,0.750068859,-0.131926681,0.257008125,0.396187606,0.579751554,0.497185055,0.581152089,0.454178594,0.042386276,0.341856867,2768,0,0,0,0,0,0,0,0,1,0
2004,-0.798887459,-0.571604548,-0.790801753,-0.57818421,-0.972387113,-1.024862771,-0.490976692,-0.019642168,-0.873570312,-0.443155744,-0.128998446,-0.185372462,-0.133997984,-0.287666071,-0.372271167,-0.291447052,0.098772403,-0.185840493,1.687459133,1.845315166,2.04845189,0.537966842,1.564174641,1.885625207,0.119887715,0.262089756,2.41277762,0.231120599,0.208499962,0.438041016,0.551795078,0.530970018,0.357074994,0.560799979,0.741724634,0.641259528,0.483576085,0.275162952,0.764494372,0.489528198,0.142573715,0.04793274,0.462040612,0.563592425,0.77091959,2706,0,0,0,0,0,0,0,0,1,0
2005,-0.433951298,0.073833698,-0.117584103,-0.340868074,-0.686541032,-0.395205226,-0.261185532,-0.207135592,0.13693359,-0.01142154,-0.172944614,-0.096899242,-0.223228805,-0.243958668,-0.193069001,-0.118781192,-0.502628796,-0.006849158,1.607707674,-0.314196217,0.347807836,0.897678251,2.429681829,0.577032058,0.865342015,-0.575495026,-0.470326924,0.818512162,1.061567399,0.989988789,0.965128425,0.771242737,1.040489414,1.207859056,1.144202839,0.883058042,0.942760688,0.701801379,0.875842929,0.29404426,0.247345247,1.055124844,1.059553949,1.361195774,0.633295698,2796,0,0,0,0,0,0,0,0,1,0
2006,-0.105508754,-0.16395934,0.084381192,-0.273063464,-0.793733313,-0.580398621,-0.452678166,-0.057140853,0.177353746,-0.01142154,-0.085052278,-0.096899242,-0.133997984,-0.200251265,-0.103467917,-0.161947657,-0.11601374,0.082646509,-0.003634314,0.020970337,-0.293806195,0.764071156,1.669046315,1.14717683,0.065583097,-0.703435675,-0.188888796,0.630546862,1.061567399,1.091366951,0.898101396,0.903392732,0.787372963,1.09433992,1.13332505,1.209486035,0.483576085,0.919659299,0.841581835,0.248932582,0.481066357,0.581152089,1.271828423,1.179563328,0.66567779,2823,0,0,0,0,0,0,0,0,1,0
2008,-0.616419379,-0.67351585,-0.285888516,0.032057282,-0.043387351,-0.024818435,0.121799737,-0.319631646,-1.035250936,-0.203303408,-0.436621624,-0.229609073,-0.312459626,-0.112836459,-0.058667376,0.010718204,-0.073056511,-0.141092659,2.959857418,1.053250863,-0.384300678,-0.777549167,-0.370265514,-0.665022457,0.086975825,0.39173628,0.760146752,0.442581561,0.63503368,0.697118542,0.730533823,0.61506547,0.496289043,0.435928929,0.524168848,0.459910643,0.297948267,0.447633805,0.636015267,0.557195715,0.416591568,0.496514097,0.540660788,0.626768928,0.592818082,2468,0,0,0,0,0,0,0,0,1,0
2009,-0.360964066,-0.265870642,-0.555175576,-0.679891125,-0.543617992,-0.506321263,-0.107991424,-0.207135592,-0.024747034,-0.299244342,-0.260836951,-0.273845683,-0.267844216,-0.156543862,-0.148268459,-0.291447052,-0.073056511,-0.185840493,1.028603326,1.266686223,1.987306969,1.521178027,1.254613675,0.629219222,-0.54657805,-0.321319603,0.42798431,0.560059874,0.683780391,0.798496704,0.719362651,0.55499729,0.445665753,0.424577015,0.480657691,0.459910643,0.288178382,0.420401565,0.61888472,0.504565424,0.344057431,0.428803704,0.477764647,0.539901236,0.495671806,2591,0,0,0,0,0,0,0,0,1,0
2010,-0.652912995,-0.469693246,-0.555175576,-0.64598882,-0.150579632,-0.061857114,-0.222887005,-0.35713033,-0.550209063,-0.635037612,-0.304783119,-0.318082293,-0.446305858,-0.200251265,-0.193069001,-0.248280587,-0.158970968,-0.320083994,2.501286526,0.989950642,2.341132242,1.90943796,-0.351312802,-0.282751477,0.649769138,1.684789771,0.457437138,-0.13306217,-0.04742027,0.505626458,0.529452735,0.567010926,0.496289043,0.651615288,0.741724634,0.532450197,0.131860219,0.057305031,0.644580541,0.745161041,0.497185055,0.792747069,0.509212717,0.334577602,0.414716575,2445,0,0,0,0,0,0,0,0,1,0
2011,-0.50693853,-0.33381151,-0.723479988,-0.476477295,-0.186310392,0.086297603,-0.261185532,-0.35713033,-0.428948595,-0.635037612,-0.612406296,-0.539265345,-0.401690447,-0.331373474,-0.596273875,-0.420946448,-0.244885425,-0.678066664,4.849423247,2.614656312,1.958772673,1.737004872,-0.037961294,-0.518898397,-0.123660268,0.702205588,-0.355788151,0.654042524,-0.083980303,0.528154938,0.585308593,0.61506547,0.521600688,0.572151892,0.861380317,0.556630048,0.688743674,0.030072791,0.71310273,0.489528198,0.972686624,0.538833093,0.690039122,0.547798299,-0.500077532,2722,0,0,0,0,0,0,0,0,1,0
2012,0.222933791,-0.707486284,-0.487853811,-0.44257499,-0.150579632,-0.247050509,-0.6441708,-0.769615862,-0.671469531,0.276401263,-0.304783119,0.035810589,-0.044767164,0.105700556,-0.103467917,-0.205114122,-0.158970968,-0.230588327,0.118711675,3.175431346,1.795719552,1.100943746,0.761843159,0.775343283,2.122576198,1.785436415,1.561918163,-0.696958071,0.500980226,0.302870133,0.507110392,0.759229101,0.319107527,0.515392324,0.632946741,0.387371088,-0.561801628,0.729033619,0.250577954,0.376749003,0.763143559,0.835066065,0.454178594,-0.131349107,0.155659836,2672,0,0,0,0,0,0,0,0,1,0
2013,-0.360964066,-0.299841076,-0.353210281,-0.374770379,-0.436425712,-0.358166547,-0.452678166,-0.057140853,-0.226847815,-0.107362474,-0.216890783,-0.141135852,-0.089382574,-0.200251265,-0.282670084,-0.507279378,-0.11601374,0.037898675,1.101104653,0.283909717,0.410583288,0.297017295,0.169255026,-0.350594791,-0.03973495,-0.208731832,0.607973811,0.031407467,0.415673482,0.494362218,0.339542819,0.050424581,0.293795882,0.560799979,0.556802216,0.508270345,0.131860219,0.275162952,0.781624919,0.489528198,0.400472871,0.606543487,0.713625175,0.808401374,0.762824067,2844,0,0,0,0,0,0,0,0,1,0
2014,-0.397457682,-0.299841076,-0.420532046,-0.306965769,-0.150579632,-0.098895793,-0.376081112,0.055355201,0.096513434,-0.251273875,-0.216890783,-0.229609073,-0.133997984,-0.069129056,-0.058667376,-0.205114122,-0.158970968,0.172142177,2.159624024,1.037831578,0.653532438,-0.146055805,-0.279292496,-0.238392387,0.098494987,-0.744376682,0.261084955,0.066650961,0.537540259,0.212756211,0.373056334,0.771242737,0.357074994,0.311057878,0.556802216,0.834698339,0.49334597,0.756265859,0.096403029,0.542158489,0.924330532,0.538833093,0.068939732,0.413548231,0.519958375,2941,0,0,0,0,0,0,0,0,1,0
2015,-0.032521522,-0.843368021,-0.588836458,-0.239161159,0.278189489,-0.098895793,-0.261185532,-0.207135592,-0.307688127,-0.155332941,-0.392675455,-0.185372462,-0.133997984,-0.375080877,-0.237869542,-0.161947657,0.098772403,0.306385678,0.798411613,3.603925149,0.262204948,-0.542309325,-0.767008955,0.05907445,-0.475817487,0.453147791,0.331444487,-0.086070845,0.159753251,0.15643501,0.328371648,0.338751843,-0.022599683,0.572151892,0.741724634,0.24229198,-0.024457944,0.275162952,0.079272481,0.113597548,0.142573715,-0.332938223,0.697901139,0.405651168,-0.014346148,2699,0,0,0,0,0,0,0,0,1,0
2016,0.697350799,0.073833698,-0.555175576,-0.476477295,-0.007656591,0.049258924,0.313292371,0.355344679,-0.024747034,0.276401263,0.002840058,-0.008426021,0.222925299,0.324237572,0.075734249,0.39921639,0.48538746,0.261637844,-0.388797612,0.082647476,1.392978343,1.472074564,-0.393008768,-0.39625856,-0.38860098,0.519676929,-0.313245178,-0.168305664,-0.510514021,-0.249077639,0.306029304,0.771242737,0.04067943,0.140779174,0.317490851,0.991867373,-0.043997714,-0.087933582,0.199186312,0.489528198,0.239285899,-1.001578359,0.27335219,0.887372002,1.256650974,2904,0,0,0,0,0,0,0,0,1,0
2017,-0.069015138,-0.028077604,-0.353210281,-0.205258854,-0.472156472,-0.061857114,-0.184588478,-0.657119808,-0.833150156,0.372342197,0.090732395,0.035810589,0.222925299,-0.025421653,0.210135874,0.183384065,0.227644088,0.082646509,1.399266359,0.043693494,1.406022592,0.303868941,0.217268563,0.083863353,0.193939467,1.802495168,1.288661376,-0.344523133,0.050073152,-0.147699477,0.998641939,0.591038198,0.458321575,0.62891146,0.730846845,0.604989751,-0.415253351,-0.024391689,-0.742993787,-0.525484558,0.489125706,0.504977897,0.635004999,0.603077739,0.406621052,3250,0,0,0,0,0,0,0,0,1,0
2018,0.076959326,-0.231900208,-0.824462636,-0.64598882,-0.472156472,-0.061857114,-0.184588478,-0.319631646,-0.711889687,-0.155332941,-0.128998446,-0.318082293,-0.178613395,-0.112836459,-0.372271167,-0.161947657,0.18468686,0.127394343,0.318090324,0.433233315,1.419882108,1.522319968,0.293079412,-0.590655748,-0.335941956,1.14232142,0.365806119,-0.814436384,-0.315527178,0.269077413,0.183146418,0.326738207,0.14192601,0.061315778,0.056423907,0.206022203,-1.079605542,0.338704845,0.815886014,0.624863233,0.569719192,0.031005142,-0.127610707,0.050283339,-0.038632717,3101,0,0,0,0,0,0,0,0,1,0
2019,-0.069015138,-0.707486284,-1.093749696,-0.815500345,-0.472156472,-0.654475979,-0.107991424,0.017856517,-0.146007503,-0.01142154,-0.436621624,-0.273845683,-0.223228805,-0.112836459,-0.058667376,-0.118781192,-0.287842654,-0.185840493,0.481218309,1.228543782,2.528643332,1.99051577,1.066350068,3.029828789,-0.202648803,-0.592553779,-0.486689606,-0.579479758,-0.144913691,0.190227731,-0.263700444,0.398820023,0.420354107,0.413225101,0.611191163,0.629169602,-0.298014729,-0.178707716,0.045011387,-0.352556459,0.400472871,0.606543487,0.344110348,-0.115554981,0.317570298,3032,0,0,0,0,0,0,0,0,1,0
2021,1.682678433,1.194858022,1.026885902,1.21863796,0.278189489,0.160374961,0.887770273,1.217814427,0.783656087,2.48304275,1.848579123,1.716801782,1.873695486,1.548044858,1.419750497,1.996375601,1.817061543,1.648820689,-0.416891877,-0.375873355,-0.377778553,-0.408702231,1.455512424,3.149859267,0.544451091,0.1000316,1.169213799,-0.579479758,-0.144913691,0.190227731,-0.263700444,0.398820023,0.420354107,0.413225101,0.611191163,0.629169602,-0.298014729,-0.178707716,0.045011387,-0.352556459,0.400472871,0.606543487,0.344110348,-0.115554981,0.317570298,2715,0,0,0,0,0,0,0,0,1,0
1990,0.697350799,0.00589283,-0.555175576,-0.103551939,0.278189489,-0.172973151,0.428187951,0.580336787,0.379454526,1.475662941,0.837817255,1.009016016,1.115233508,1.15467823,1.195747789,1.219379228,1.129745887,1.246090186,2.612757316,1.789318816,-0.011724296,0.808606855,3.206743028,2.942415288,2.594861814,2.5121393,4.179947261,0.395590236,0.769087135,0.381719815,0.741704994,1.239774538,1.470787382,1.275970538,1.13332505,1.451284549,0.483576085,0.483943459,0.284839049,0.872977462,1.125814247,1.393676811,1.18534623,0.990033819,1.386179344,2121,0,0,0,0,0,0,0,0,0,1
1991,0.697350799,0.379567605,-0.016601456,0.235471112,0.278189489,0.086297603,0.466486478,0.767830211,0.541135151,1.475662941,1.277278937,1.141725847,1.33831056,1.242093036,1.285348872,0.917213972,1.387489258,1.604072855,0.571844967,3.022050042,0.895666323,2.604880017,1.46941108,3.824378368,0.486855284,1.944082819,1.620823818,0.031407467,0.903140589,0.60700462,0.451254534,0.530970018,0.534256511,0.640263374,1.361758626,1.487554326,-0.268705073,1.146594633,0.764494372,0.752679654,0.811499651,0.88584886,0.980933773,1.392784025,1.629045036,1380,0,0,0,0,0,0,0,0,0,1
1993,0.478389103,0.515449341,0.320007369,0.337178027,0.170997209,-0.247050509,0.274993844,0.505339418,0.015673122,1.667544809,1.233332768,1.097489237,1.472156792,1.242093036,1.150947247,1.176212763,1.430446487,1.42508152,1.343077831,1.737380174,3.087100271,0.234210541,0.378998374,2.295294449,1.220790422,0.065914094,0.526160402,0.501320718,1.098127432,1.068838471,0.976299596,0.61506547,1.242982576,0.96946887,1.002791578,1.378744995,0.327257922,-0.124243236,1.132801138,0.84290301,0.601956587,0.792747069,0.579970876,0.721533682,0.746633021,2012,0,0,0,0,0,0,0,0,0,1
1994,0.697350799,0.821183247,0.387329134,-0.205258854,0.063804929,0.382607036,0.428187951,0.355344679,0.904916555,1.667544809,1.540955946,1.362908899,1.070618098,1.198385633,1.50935158,1.133046298,0.528344688,1.022351017,2.082591364,1.607533567,0.119533467,0.394082279,0.097234719,1.813867856,5.39566362,2.687844458,0.686514684,-7.592935023,-5.043958117,-6.635901862,-6.564241187,-7.446084243,-7.312353495,-7.726096978,-6.698683261,-7.350181353,-4.616303974,-5.262059192,-3.638056274,-3.735932315,-4.128881057,-4.217822051,-4.050757484,-3.953527531,-3.843528561,2231,0,0,0,0,0,0,0,0,0,1
1995,0.113452942,0.549419775,0.690277077,0.913517214,-0.257771912,0.456684394,0.504785005,0.580336787,0.824076243,1.427692474,1.365171273,1.362908899,1.606003023,1.329507843,1.554152121,1.435211554,1.774104315,1.469829354,3.632307224,1.769841825,1.909856737,3.801634165,1.434032684,0.107347577,-0.424804058,5.371186333,0.449255797,0.818512162,0.817833845,0.978724548,0.965128425,1.059569999,0.951898656,1.173803315,1.144202839,1.28202559,1.147928277,1.010433433,1.18419278,1.2413895,1.246704477,1.283647422,1.38189667,1.550725282,1.604758467,2223,0,0,0,0,0,0,0,0,0,1
1996,0.697350799,0.617360643,0.320007369,0.167666502,0.170997209,0.493723073,0.160098263,0.167851255,0.379454526,1.475662941,1.1893866,1.274435678,1.29369515,1.329507843,1.50935158,1.176212763,1.301574801,1.380333687,2.402503468,2.87029182,0.563037956,1.24597025,1.094147379,0.567899304,0.256472057,0.350795272,-0.676496715,0.454329393,0.58628697,0.61826886,0.56296625,0.530970018,0.534256511,0.640263374,0.709091266,0.689619231,-0.141696566,-4.526788711,-0.665906324,0.820347171,0.730906165,0.919704057,1.138174124,1.045313259,1.361892774,2050,0,0,0,0,0,0,0,0,0,1
1997,0.770338031,0.345597171,0.286346487,0.371080333,0.313920249,0.678916468,0.696277639,0.880326265,0.581555307,1.619574342,1.101494264,1.274435678,1.472156792,1.416922649,1.419750497,1.478378019,1.516360944,1.380333687,1.185387445,-0.332861667,2.231886651,2.20063291,2.489066994,1.902586036,3.070438619,1.594378379,0.135092305,0.630546862,0.208499962,0.798496704,0.518281564,0.49492911,0.407698285,0.606207633,0.698213477,0.629169602,0.464036315,0.066382445,0.695972183,0.970719431,0.779262257,1.055124844,1.130312107,1.282225145,1.119027082,1628,0,0,0,0,0,0,0,0,0,1
1998,0.514882719,0.141774567,0.521972664,0.371080333,0.099535689,0.123336282,-0.222887005,0.317845994,0.298614214,1.571603875,1.365171273,1.49561873,1.561387613,1.416922649,1.374949955,1.348878624,1.34453203,1.648820689,0.13593074,1.141708864,3.269719767,1.21057008,2.442316971,0.215635944,2.461568661,2.599138941,4.340301544,1.1709471,1.171247498,1.03504575,0.507110392,0.458888203,0.243172591,0.594855719,0.676457899,0.713799082,1.206547588,1.518768581,1.227019148,0.745161041,0.787321605,0.88584886,1.130312107,1.282225145,1.353797251,2058,0,0,0,0,0,0,0,0,0,1
1999,0.806831647,0.311626737,0.622955312,0.540591858,0.349651009,0.308529677,0.045202683,0.505339418,0.743235931,1.715515276,1.453063609,1.53985534,1.33831056,1.28580044,1.285348872,1.089879833,0.957916973,1.514577188,1.787148457,3.732148674,3.305591454,-0.227133615,0.574843066,-0.550210695,0.230142545,0.065914094,0.405076556,0.630546862,1.025007366,1.215273594,0.775218509,1.419979077,0.610191446,0.526744238,0.828746949,0.810518488,0.639894248,1.064897913,1.449716262,1.023349722,0.940449229,0.741964274,0.713625175,1.329607522,1.434752482,1902,0,0,0,0,0,0,0,0,0,1
2000,1.208261424,0.345597171,0.488311782,-0.273063464,-0.007656591,0.456684394,0.696277639,0.317845994,0.824076243,1.523633408,1.013601927,1.097489237,1.070618098,1.198385633,1.374949955,1.435211554,1.258617573,1.335585853,0.924382669,0.297705919,-0.456044051,-0.842639803,3.412695833,0.849709992,5.63098363,2.240905125,-0.105439118,0.630546862,0.574100292,0.392984055,0.104948217,1.011515456,0.546912333,1.12839566,1.329125258,0.810518488,0.845061836,0.075459858,0.079272481,-0.089405004,0.134514366,0.488050298,1.342586582,1.124283888,0.746633021,1936,0,0,0,0,0,0,0,0,0,1
2001,-0.14200237,0.583390209,0.387329134,0.371080333,0.564035569,0.641877789,0.9260688,0.730331526,0.13693359,0.99595827,1.365171273,1.185962458,1.516772202,1.591752261,1.374949955,1.219379228,1.301574801,1.156594518,0.729535353,-0.311761593,2.489510582,3.311741484,0.236221275,2.096983223,1.804976463,-0.440730876,-0.460509315,0.748025174,0.452233515,0.944931828,0.920443739,0.639092742,1.053145237,0.96946887,0.676457899,-0.483103561,0.49334597,-0.051623929,0.764494372,0.790272719,0.376294825,0.454195101,0.462040612,0.208224596,-0.087205856,1462,0,0,0,0,0,0,0,0,0,1
2002,0.441895487,0.073833698,0.286346487,0.337178027,0.599766329,0.012220244,0.428187951,0.692832841,1.066597179,1.379722007,1.101494264,1.45138212,1.427541381,1.242093036,1.419750497,1.176212763,1.086788659,1.246090186,0.835568543,-0.333673208,0.079585452,0.743516219,3.153675434,0.857538067,0.348625348,-0.162673199,0.940136253,0.24286843,0.403486804,-0.057585555,0.529452735,0.93943364,0.698782204,0.572151892,0.208712958,0.931417745,-0.004918173,0.220698472,0.738798551,0.84290301,1.166110991,0.741964274,0.56424684,0.595180676,0.851874821,1498,0,0,0,0,0,0,0,0,0,1
2003,0.952806112,0.821183247,0.454650899,0.540591858,0.313920249,0.308529677,0.351590898,0.467840733,0.500714994,1.571603875,1.409117441,1.274435678,1.516772202,1.329507843,1.374949955,1.133046298,1.215660344,1.380333687,1.730053662,0.151628486,1.0929606,2.150387507,1.722113909,1.739501147,1.15002986,2.583786064,3.293089904,0.43083373,0.464420193,0.550683419,0.93161491,0.903392732,0.989866124,0.742430597,0.719969056,0.798428562,0.854831722,0.420401565,0.910104024,0.602307394,0.497185055,0.496514097,0.792245351,0.816298436,0.908543482,2046,0,0,0,0,0,0,0,0,0,1
2004,0.186440175,0.345597171,0.252685604,0.371080333,0.67122785,0.641877789,0.006904156,0.580336787,0.783656087,1.187840138,1.409117441,0.876306185,1.24907974,1.416922649,1.330149413,1.133046298,1.301574801,1.514577188,1.61133274,0.692926529,1.092145334,3.069649996,1.411289429,3.547786396,0.81597418,-0.575495026,-0.642135083,0.160633611,0.281620028,0.359191335,0.518281564,0.410833659,0.534256511,0.742430597,0.600313373,0.641259528,0.219789185,0.402246739,0.867277656,0.895533301,0.456888311,0.775819471,0.635004999,0.421445293,0.398525529,2172,0,0,0,0,0,0,0,0,0,1
2005,0.368908255,0.447508473,0.454650899,0.472787248,0.84988165,-0.024818435,0.045202683,-0.019642168,0.258194058,1.427692474,1.1893866,1.318672289,1.33831056,1.373215246,1.464551038,1.435211554,1.645232629,1.156594518,2.033652968,0.78787686,3.238739674,2.521518325,1.581863839,1.136739397,0.727112078,-0.783611815,-0.005626759,0.712781681,0.9518873,1.102631191,1.121524826,1.239774538,1.217670931,1.09433992,0.937524842,1.28202559,0.229559071,0.647336899,1.338367705,1.188759209,0.900152486,1.004342049,0.438454559,0.579386551,1.353797251,2285,0,0,0,0,0,0,0,0,0,1
2006,1.025793344,0.175745001,0.387329134,0.540591858,0.67122785,0.975225901,-0.031394371,-0.057140853,0.379454526,1.763485743,1.101494264,1.318672289,1.382925971,1.198385633,1.50935158,1.305712159,1.516360944,1.42508152,0.822880811,0.227913367,0.130947185,0.242204128,2.165607373,2.526222651,-0.186192858,0.533323931,-0.337789201,0.900746981,0.866580556,0.978724548,0.898101396,1.251788174,1.280950044,1.026228438,1.046302735,1.003957299,0.551965281,0.338704845,0.764494372,0.84290301,1.085517504,0.936631655,0.383420436,0.800504311,0.908543482,2274,0,0,0,0,0,0,0,0,0,1
2008,0.843325263,0.073833698,-0.083923221,0.642298773,0.95707393,0.641877789,-0.107991424,0.242848625,0.621975463,1.715515276,1.101494264,1.185962458,1.204464329,1.548044858,1.554152121,1.219379228,1.430446487,0.843359682,-0.56461333,-0.047199131,2.454454161,0.502566672,4.728014057,4.308414319,-0.488982243,-0.631788911,0.573612179,0.853755656,0.927513945,0.877346386,0.998641939,1.287829082,1.242982576,0.992172697,1.002791578,1.003957299,0.581274937,0.238853298,0.738798551,1.015831109,1.029102064,0.919704057,0.241904119,0.911063191,0.957116621,1807,0,0,0,0,0,0,0,0,0,1
2009,1.135274192,1.160887588,0.858581489,0.303275722,0.492574049,-0.172973151,0.619680585,0.580336787,0.258194058,2.243190415,1.848579123,1.672565171,1.382925971,1.28580044,1.419750497,1.65104388,1.902976,1.604072855,1.899525514,1.662718375,0.059203812,-0.039855294,-0.163049194,-0.261876611,1.943206399,3.025607771,4.04577327,0.900746981,0.866580556,0.978724548,0.898101396,1.251788174,1.280950044,1.026228438,1.046302735,1.003957299,0.551965281,0.338704845,0.764494372,0.84290301,1.085517504,0.936631655,0.383420436,0.800504311,0.908543482,2189,0,0,0,0,0,0,0,0,0,1
2010,1.135274192,1.160887588,0.858581489,0.303275722,0.492574049,-0.172973151,0.619680585,0.580336787,0.258194058,2.243190415,1.848579123,1.672565171,1.382925971,1.28580044,1.419750497,1.65104388,1.902976,1.604072855,1.899525514,1.662718375,0.059203812,-0.039855294,-0.163049194,-0.261876611,1.943206399,3.025607771,4.04577327,0.900746981,0.866580556,0.978724548,0.898101396,1.251788174,1.280950044,1.026228438,1.046302735,1.003957299,0.483576085,0.293317778,0.773059646,0.76771688,0.747024862,0.750428073,0.579970876,0.697842494,0.77091959,1999,0,0,0,0,0,0,0,0,0,1
2012,1.208261424,1.194858022,0.824920607,0.133764197,0.456843289,0.012220244,0.696277639,0.580336787,0.015673122,2.243190415,1.804632955,1.716801782,1.382925971,1.198385633,1.464551038,1.73737681,1.902976,1.469829354,1.474486486,1.177416681,0.201875293,-0.334476067,-0.165576223,-0.30754038,2.139032143,3.467429478,3.494350891,0.853755656,0.927513945,0.877346386,0.998641939,1.287829082,1.242982576,0.992172697,1.002791578,1.003957299,0.581274937,0.238853298,0.738798551,1.015831109,1.029102064,0.919704057,0.241904119,0.911063191,0.957116621,2288,0,0,0,0,0,0,0,0,0,1
2013,1.135274192,1.160887588,0.858581489,0.303275722,0.492574049,-0.172973151,0.619680585,0.580336787,0.258194058,2.243190415,1.848579123,1.672565171,1.382925971,1.28580044,1.419750497,1.65104388,1.902976,1.604072855,1.899525514,1.662718375,0.059203812,-0.039855294,-0.163049194,-0.261876611,1.943206399,3.025607771,4.04577327,0.900746981,0.866580556,0.978724548,0.898101396,1.251788174,1.280950044,1.026228438,1.046302735,1.003957299,0.551965281,0.338704845,0.764494372,0.84290301,1.085517504,0.936631655,0.383420436,0.800504311,0.908543482,2758,0,0,0,0,0,0,0,0,0,1
2014,0.843325263,0.515449341,1.329833844,1.116931044,-0.150579632,0.827071185,1.347352595,0.992822319,1.228277804,1.907397145,1.672794451,1.893748223,1.962926307,1.416922649,2.002157537,1.996375601,1.774104315,1.78306419,2.989764215,0.588237702,0.492925114,2.470130981,3.067756472,0.17649557,1.016736707,4.728071338,0.589974861,0.14888578,-0.230220435,0.426776776,0.361885162,0.735201829,0.293795882,0.492688497,0.926647053,0.592899825,0.718053329,0.311472605,0.387622332,0.850421623,0.940449229,0.200281126,0.690039122,1.234842768,0.868065867,2446,0,0,0,0,0,0,0,0,0,1
2015,1.42722312,1.194858022,1.329833844,1.320344875,1.24292001,1.493767409,0.657979112,0.617835472,1.632479364,1.859426678,1.672794451,2.026458054,1.873695486,1.897704083,2.002157537,1.564710949,1.731147086,2.14104686,0.202088201,-0.293907685,0.996759258,0.890826605,1.296309642,-0.042690521,0.888380337,-0.205320082,0.041825018,-0.368018796,-0.023046914,0.13390653,0.216659932,0.362779115,0.230516769,0.447280842,0.535046637,0.230202054,-0.288244843,0.075459858,0.558927805,0.451935133,0.513303752,0.183353527,0.241904119,0.468827671,0.03422699,1908,0,0,0,0,0,0,0,0,0,1
2016,0.843325263,1.296769324,1.498138257,1.116931044,0.74268937,0.938187222,1.117561434,0.730331526,-0.146007503,1.907397145,2.244094637,2.424587547,1.873695486,1.810289276,1.688553746,1.866876205,1.731147086,1.648820689,-0.659771321,1.545856428,1.127201755,1.179737673,-0.394272283,-0.363641582,1.411679382,-0.005732669,-0.334516664,-0.743949396,0.366926771,0.235284692,0.138461731,-0.297970861,-0.225092845,0.424577015,0.926647053,0.290651683,-0.493412432,0.574717592,0.790190193,0.436897907,0.190929807,0.301846716,0.635004999,0.563592425,-0.232925271,2088,0,0,0,0,0,0,0,0,0,1
2017,1.974627361,1.398680626,1.228851197,0.608396468,0.74268937,0.938187222,1.117561434,0.730331526,-0.146007503,2.48304275,1.892525292,1.893748223,1.606003023,1.810289276,1.688553746,1.866876205,1.731147086,1.648820689,0.792067747,1.782826486,-0.431586083,0.257049361,0.688559339,-0.375383694,2.848283364,-0.005732669,-0.334516664,-0.13306217,0.050073152,-0.2941346,-0.029105841,0.254656392,-0.111190441,0.867301647,0.926647053,0.290651683,0.17093976,-0.323946329,-0.006380255,0.151190613,0.247345247,-0.239836432,-0.874502378,0.563592425,-0.232925271,2332,0,0,0,0,0,0,0,0,0,1
2018,1.573197584,1.126917154,0.353668252,0.710103383,0.70695861,1.086341939,1.385651122,1.292811796,1.551639052,1.619574342,2.024363796,1.584091951,1.427541381,1.591752261,1.464551038,1.133046298,1.645232629,1.604072855,0.415060848,-0.17785728,-0.692471077,-0.725019882,-0.137778911,1.423768802,0.360144509,1.06214528,-0.255975791,-0.109566508,-0.108353658,-0.28287036,-0.475952703,-0.105752686,0.357074994,0.299705965,0.524168848,0.387371088,0.200249415,0.102692098,-0.982821449,-0.360075072,0.569719192,0.911240258,0.776521315,0.887372002,0.382334483,2194,0,0,0,0,0,0,0,0,0,1
2019,1.208261424,0.583390209,0.521972664,0.913517214,0.528304809,0.567800431,0.964367327,0.580336787,0.702815775,2.243190415,1.93647146,1.761038392,1.784464665,1.548044858,1.957356996,2.082708531,1.731147086,1.872559858,2.110685628,-0.175422656,2.54005705,0.834871497,1.888897776,3.706957248,1.187878533,5.903419433,3.487805819,0.113642286,0.208499962,0.528154938,0.149632903,0.61506547,0.800028785,0.526744238,0.665580109,0.568719974,0.620354477,0.738111032,1.18419278,0.820347171,1.190289036,1.342894016,0.878727544,1.069004448,1.434752482,2403,0,0,0,0,0,0,0,0,0,1
2021,1.682678433,1.194858022,1.026885902,1.21863796,0.278189489,0.160374961,0.887770273,1.217814427,0.783656087,2.48304275,1.848579123,1.716801782,1.873695486,1.548044858,1.419750497,1.996375601,1.817061543,1.648820689,2.733290772,1.700860815,0.135838779,-0.060410232,0.039113069,-0.076612178,-0.13517943,2.302316636,4.075226097,0.466077224,0.574100292,0.055056848,-0.252529272,0.062438217,0.268484236,-0.154370581,0.589435584,0.653349454,0.49334597,1.119362393,0.267708501,0.241413969,0.11033632,0.149498331,-0.245540971,0.721533682,0.932830051,2715,0,0,0,0,0,0,0,0,0,1
